<?xml version="1.0" ?>

<AMASE>
  <ScenarioData>
    <SimulationView LongExtent="1.0703" Latitude="39.8058" Longitude="-121.0853"/>
    <ScenarioName>Challenge 2 Competition Scenario</ScenarioName>
    <Date>24/04/2008:00:00:00</Date>
    <ScenarioDuration>3601.08</ScenarioDuration>
  </ScenarioData>
  <ScenarioEventList>
    <KeepInZone Series="CMASI">
      <ZoneID>2</ZoneID>
      <MinAltitude>0.0</MinAltitude>
      <MinAltitudeType>AGL</MinAltitudeType>
      <MaxAltitude>5000.0</MaxAltitude>
      <MaxAltitudeType>MSL</MaxAltitudeType>
      <AffectedAircraft/>
      <StartTime>0</StartTime>
      <EndTime>0</EndTime>
      <Padding>0.0</Padding>
      <Label/>
      <Boundary>
        <Rectangle Series="CMASI">
          <CenterPoint>
            <Location3D Series="CMASI">
              <Latitude>39.8072813568782</Latitude>
              <Longitude>-121.06057390056037</Longitude>
              <Altitude>0.0</Altitude>
              <AltitudeType>MSL</AltitudeType>
            </Location3D>
          </CenterPoint>
          <Width>64373.76</Width>
          <Height>64373.76</Height>
          <Rotation>0.0</Rotation>
        </Rectangle>
      </Boundary>
    </KeepInZone>
    <AirVehicleConfiguration Time="0.0" Series="CMASI">
      <MinimumSpeed>15.0</MinimumSpeed>
      <MaximumSpeed>35.0</MaximumSpeed>
      <NominalFlightProfile>
        <FlightProfile Series="CMASI">
          <Name>Cruise</Name>
          <Airspeed>30.0</Airspeed>
          <PitchAngle>0.0</PitchAngle>
          <VerticalSpeed>0.0</VerticalSpeed>
          <MaxBankAngle>30.0</MaxBankAngle>
          <EnergyRate>0.0</EnergyRate>
        </FlightProfile>
      </NominalFlightProfile>
      <AlternateFlightProfiles>
        <FlightProfile Series="CMASI">
          <Name>Climb</Name>
          <Airspeed>25.0</Airspeed>
          <PitchAngle>10.0</PitchAngle>
          <VerticalSpeed>5.0</VerticalSpeed>
          <MaxBankAngle>30.0</MaxBankAngle>
          <EnergyRate>0.0</EnergyRate>
        </FlightProfile>
        <FlightProfile Series="CMASI">
          <Name>Descent</Name>
          <Airspeed>25.0</Airspeed>
          <PitchAngle>-5.0</PitchAngle>
          <VerticalSpeed>-5.0</VerticalSpeed>
          <MaxBankAngle>30.0</MaxBankAngle>
          <EnergyRate>0.0</EnergyRate>
        </FlightProfile>
        <FlightProfile Series="CMASI">
          <Name>Loiter</Name>
          <Airspeed>20.0</Airspeed>
          <PitchAngle>5.0</PitchAngle>
          <VerticalSpeed>0.0</VerticalSpeed>
          <MaxBankAngle>30.0</MaxBankAngle>
          <EnergyRate>0.0</EnergyRate>
        </FlightProfile>
        <FlightProfile Series="CMASI">
          <Name>Dash</Name>
          <Airspeed>35.0</Airspeed>
          <PitchAngle>-2.0</PitchAngle>
          <VerticalSpeed>0.0</VerticalSpeed>
          <MaxBankAngle>30.0</MaxBankAngle>
          <EnergyRate>0.0</EnergyRate>
        </FlightProfile>
      </AlternateFlightProfiles>
      <AvailableLoiterTypes>
        <LoiterType>Circular</LoiterType>
        <LoiterType>Racetrack</LoiterType>
        <LoiterType>FigureEight</LoiterType>
      </AvailableLoiterTypes>
      <AvailableTurnTypes>
        <TurnType>TurnShort</TurnType>
        <TurnType>FlyOver</TurnType>
      </AvailableTurnTypes>
      <MinimumAltitude>0.0</MinimumAltitude>
      <MinAltitudeType>AGL</MinAltitudeType>
      <MaximumAltitude>1000000.0</MaximumAltitude>
      <MaxAltitudeType>MSL</MaxAltitudeType>
      <ID>1</ID>
      <Affiliation>Unknown</Affiliation>
      <EntityType/>
      <Label>UAV1</Label>
      <NominalSpeed>0.0</NominalSpeed>
      <NominalAltitude>0.0</NominalAltitude>
      <NominalAltitudeType>AGL</NominalAltitudeType>
      <PayloadConfigurationList>
        <GimbalConfiguration Series="CMASI">
          <SupportedPointingModes/>
          <MinAzimuth>-180.0</MinAzimuth>
          <MaxAzimuth>180.0</MaxAzimuth>
          <IsAzimuthClamped>false</IsAzimuthClamped>
          <MinElevation>-90.0</MinElevation>
          <MaxElevation>0.0</MaxElevation>
          <IsElevationClamped>false</IsElevationClamped>
          <MinRotation>0.0</MinRotation>
          <MaxRotation>0.0</MaxRotation>
          <IsRotationClamped>true</IsRotationClamped>
          <MaxAzimuthSlewRate>720.0</MaxAzimuthSlewRate>
          <MaxElevationSlewRate>720.0</MaxElevationSlewRate>
          <MaxRotationRate>0.0</MaxRotationRate>
          <ContainedPayloadList>
            <int64>2</int64>
            <int64>3</int64>
          </ContainedPayloadList>
          <PayloadID>1</PayloadID>
          <PayloadKind/>
          <Parameters/>
        </GimbalConfiguration>
        <CameraConfiguration Series="CMASI">
          <SupportedWavelengthBand>EO</SupportedWavelengthBand>
          <FieldOfViewMode>Continuous</FieldOfViewMode>
          <MinHorizontalFieldOfView>55.0</MinHorizontalFieldOfView>
          <MaxHorizontalFieldOfView>55.0</MaxHorizontalFieldOfView>
          <DiscreteHorizontalFieldOfViewList/>
          <VideoStreamHorizontalResolution>1024</VideoStreamHorizontalResolution>
          <VideoStreamVerticalResolution>768</VideoStreamVerticalResolution>
          <PayloadID>2</PayloadID>
          <PayloadKind/>
          <Parameters/>
        </CameraConfiguration>
        <HazardSensorConfiguration Series="SEARCHAI">
          <MaxRange>500.0</MaxRange>
          <HorizontalFOV>10.0</HorizontalFOV>
          <VerticalFOV>10.0</VerticalFOV>
          <DetectableHazardTypes>
            <HazardType>Fire</HazardType>
            <HazardType>Smoke</HazardType>
          </DetectableHazardTypes>
          <PayloadID>3</PayloadID>
          <PayloadKind/>
          <Parameters/>
        </HazardSensorConfiguration>
      </PayloadConfigurationList>
      <Info/>
    </AirVehicleConfiguration>
    <AirVehicleState Time="0.0" Series="CMASI">
      <Airspeed>15.0</Airspeed>
      <VerticalSpeed>0.0</VerticalSpeed>
      <WindSpeed>0.0</WindSpeed>
      <WindDirection>0.0</WindDirection>
      <ID>1</ID>
      <u>0.0</u>
      <v>0.0</v>
      <w>0.0</w>
      <udot>0.0</udot>
      <vdot>0.0</vdot>
      <wdot>0.0</wdot>
      <Heading>0.0</Heading>
      <Pitch>0.0</Pitch>
      <Roll>0.0</Roll>
      <p>0.0</p>
      <q>0.0</q>
      <r>0.0</r>
      <Course>0.0</Course>
      <Groundspeed>0.0</Groundspeed>
      <Location>
        <Location3D Series="CMASI">
          <Latitude>39.598331070158345</Latitude>
          <Longitude>-120.89612606779104</Longitude>
          <Altitude>2500.0</Altitude>
          <AltitudeType>MSL</AltitudeType>
        </Location3D>
      </Location>
      <EnergyAvailable>100.0</EnergyAvailable>
      <ActualEnergyRate>0.0</ActualEnergyRate>
      <PayloadStateList>
        <GimbalState Series="CMASI">
          <PointingMode>AirVehicleRelativeAngle</PointingMode>
          <Azimuth>0.0</Azimuth>
          <Elevation>-45.0</Elevation>
          <Rotation>0.0</Rotation>
          <PayloadID>1</PayloadID>
          <Parameters/>
        </GimbalState>
        <CameraState Series="CMASI">
          <HorizontalFieldOfView>60.0</HorizontalFieldOfView>
          <VerticalFieldOfView>0.0</VerticalFieldOfView>
          <Footprint/>
          <PointingMode>Unknown</PointingMode>
          <Azimuth>0.0</Azimuth>
          <Elevation>0.0</Elevation>
          <Rotation>0.0</Rotation>
          <PayloadID>2</PayloadID>
          <Parameters/>
        </CameraState>
        <HazardSensorState Series="SEARCHAI">
          <HorizontalFieldOfView>0.0</HorizontalFieldOfView>
          <VerticalFieldOfView>0.0</VerticalFieldOfView>
          <Footprint/>
          <PointingMode>Unknown</PointingMode>
          <Azimuth>0.0</Azimuth>
          <Elevation>0.0</Elevation>
          <Rotation>0.0</Rotation>
          <PayloadID>3</PayloadID>
          <Parameters/>
        </HazardSensorState>
      </PayloadStateList>
      <CurrentWaypoint>0</CurrentWaypoint>
      <CurrentCommand>0</CurrentCommand>
      <Mode>Waypoint</Mode>
      <AssociatedTasks/>
      <Time>0</Time>
      <Info/>
    </AirVehicleState>
    <AirVehicleConfiguration Time="0.0" Series="CMASI">
      <MinimumSpeed>15.0</MinimumSpeed>
      <MaximumSpeed>35.0</MaximumSpeed>
      <NominalFlightProfile>
        <FlightProfile Series="CMASI">
          <Name>Cruise</Name>
          <Airspeed>30.0</Airspeed>
          <PitchAngle>0.0</PitchAngle>
          <VerticalSpeed>0.0</VerticalSpeed>
          <MaxBankAngle>30.0</MaxBankAngle>
          <EnergyRate>0.0</EnergyRate>
        </FlightProfile>
      </NominalFlightProfile>
      <AlternateFlightProfiles>
        <FlightProfile Series="CMASI">
          <Name>Climb</Name>
          <Airspeed>25.0</Airspeed>
          <PitchAngle>10.0</PitchAngle>
          <VerticalSpeed>5.0</VerticalSpeed>
          <MaxBankAngle>30.0</MaxBankAngle>
          <EnergyRate>0.0</EnergyRate>
        </FlightProfile>
        <FlightProfile Series="CMASI">
          <Name>Descent</Name>
          <Airspeed>25.0</Airspeed>
          <PitchAngle>-5.0</PitchAngle>
          <VerticalSpeed>-5.0</VerticalSpeed>
          <MaxBankAngle>30.0</MaxBankAngle>
          <EnergyRate>0.0</EnergyRate>
        </FlightProfile>
        <FlightProfile Series="CMASI">
          <Name>Loiter</Name>
          <Airspeed>20.0</Airspeed>
          <PitchAngle>5.0</PitchAngle>
          <VerticalSpeed>0.0</VerticalSpeed>
          <MaxBankAngle>30.0</MaxBankAngle>
          <EnergyRate>0.0</EnergyRate>
        </FlightProfile>
        <FlightProfile Series="CMASI">
          <Name>Dash</Name>
          <Airspeed>35.0</Airspeed>
          <PitchAngle>-2.0</PitchAngle>
          <VerticalSpeed>0.0</VerticalSpeed>
          <MaxBankAngle>30.0</MaxBankAngle>
          <EnergyRate>0.0</EnergyRate>
        </FlightProfile>
      </AlternateFlightProfiles>
      <AvailableLoiterTypes>
        <LoiterType>Circular</LoiterType>
        <LoiterType>Racetrack</LoiterType>
        <LoiterType>FigureEight</LoiterType>
      </AvailableLoiterTypes>
      <AvailableTurnTypes>
        <TurnType>TurnShort</TurnType>
        <TurnType>FlyOver</TurnType>
      </AvailableTurnTypes>
      <MinimumAltitude>0.0</MinimumAltitude>
      <MinAltitudeType>AGL</MinAltitudeType>
      <MaximumAltitude>1000000.0</MaximumAltitude>
      <MaxAltitudeType>MSL</MaxAltitudeType>
      <ID>2</ID>
      <Affiliation>Unknown</Affiliation>
      <EntityType/>
      <Label>UAV2</Label>
      <NominalSpeed>0.0</NominalSpeed>
      <NominalAltitude>0.0</NominalAltitude>
      <NominalAltitudeType>AGL</NominalAltitudeType>
      <PayloadConfigurationList>
        <GimbalConfiguration Series="CMASI">
          <SupportedPointingModes/>
          <MinAzimuth>-180.0</MinAzimuth>
          <MaxAzimuth>180.0</MaxAzimuth>
          <IsAzimuthClamped>false</IsAzimuthClamped>
          <MinElevation>-90.0</MinElevation>
          <MaxElevation>0.0</MaxElevation>
          <IsElevationClamped>false</IsElevationClamped>
          <MinRotation>0.0</MinRotation>
          <MaxRotation>0.0</MaxRotation>
          <IsRotationClamped>true</IsRotationClamped>
          <MaxAzimuthSlewRate>720.0</MaxAzimuthSlewRate>
          <MaxElevationSlewRate>720.0</MaxElevationSlewRate>
          <MaxRotationRate>0.0</MaxRotationRate>
          <ContainedPayloadList>
            <int64>2</int64>
            <int64>3</int64>
          </ContainedPayloadList>
          <PayloadID>1</PayloadID>
          <PayloadKind/>
          <Parameters/>
        </GimbalConfiguration>
        <CameraConfiguration Series="CMASI">
          <SupportedWavelengthBand>EO</SupportedWavelengthBand>
          <FieldOfViewMode>Continuous</FieldOfViewMode>
          <MinHorizontalFieldOfView>55.0</MinHorizontalFieldOfView>
          <MaxHorizontalFieldOfView>55.0</MaxHorizontalFieldOfView>
          <DiscreteHorizontalFieldOfViewList/>
          <VideoStreamHorizontalResolution>1024</VideoStreamHorizontalResolution>
          <VideoStreamVerticalResolution>768</VideoStreamVerticalResolution>
          <PayloadID>2</PayloadID>
          <PayloadKind/>
          <Parameters/>
        </CameraConfiguration>
        <HazardSensorConfiguration Series="SEARCHAI">
          <MaxRange>500.0</MaxRange>
          <HorizontalFOV>10.0</HorizontalFOV>
          <VerticalFOV>10.0</VerticalFOV>
          <DetectableHazardTypes>
            <HazardType>Fire</HazardType>
            <HazardType>Smoke</HazardType>
          </DetectableHazardTypes>
          <PayloadID>3</PayloadID>
          <PayloadKind/>
          <Parameters/>
        </HazardSensorConfiguration>
      </PayloadConfigurationList>
      <Info/>
    </AirVehicleConfiguration>
    <AirVehicleState Time="0.0" Series="CMASI">
      <Airspeed>15.0</Airspeed>
      <VerticalSpeed>0.0</VerticalSpeed>
      <WindSpeed>0.0</WindSpeed>
      <WindDirection>0.0</WindDirection>
      <ID>2</ID>
      <u>0.0</u>
      <v>0.0</v>
      <w>0.0</w>
      <udot>0.0</udot>
      <vdot>0.0</vdot>
      <wdot>0.0</wdot>
      <Heading>315.0</Heading>
      <Pitch>0.0</Pitch>
      <Roll>0.0</Roll>
      <p>0.0</p>
      <q>0.0</q>
      <r>0.0</r>
      <Course>0.0</Course>
      <Groundspeed>0.0</Groundspeed>
      <Location>
        <Location3D Series="CMASI">
          <Latitude>39.67687638195578</Latitude>
          <Longitude>-120.74497166010713</Longitude>
          <Altitude>2000.0</Altitude>
          <AltitudeType>MSL</AltitudeType>
        </Location3D>
      </Location>
      <EnergyAvailable>100.0</EnergyAvailable>
      <ActualEnergyRate>0.0</ActualEnergyRate>
      <PayloadStateList>
        <GimbalState Series="CMASI">
          <PointingMode>AirVehicleRelativeAngle</PointingMode>
          <Azimuth>0.0</Azimuth>
          <Elevation>-45.0</Elevation>
          <Rotation>0.0</Rotation>
          <PayloadID>1</PayloadID>
          <Parameters/>
        </GimbalState>
        <CameraState Series="CMASI">
          <HorizontalFieldOfView>60.0</HorizontalFieldOfView>
          <VerticalFieldOfView>0.0</VerticalFieldOfView>
          <Footprint/>
          <PointingMode>Unknown</PointingMode>
          <Azimuth>0.0</Azimuth>
          <Elevation>0.0</Elevation>
          <Rotation>0.0</Rotation>
          <PayloadID>2</PayloadID>
          <Parameters/>
        </CameraState>
        <HazardSensorState Series="SEARCHAI">
          <HorizontalFieldOfView>0.0</HorizontalFieldOfView>
          <VerticalFieldOfView>0.0</VerticalFieldOfView>
          <Footprint/>
          <PointingMode>Unknown</PointingMode>
          <Azimuth>0.0</Azimuth>
          <Elevation>0.0</Elevation>
          <Rotation>0.0</Rotation>
          <PayloadID>3</PayloadID>
          <Parameters/>
        </HazardSensorState>
      </PayloadStateList>
      <CurrentWaypoint>0</CurrentWaypoint>
      <CurrentCommand>0</CurrentCommand>
      <Mode>Waypoint</Mode>
      <AssociatedTasks/>
      <Time>0</Time>
      <Info/>
    </AirVehicleState>
    <AirVehicleConfiguration Time="0.0" Series="CMASI">
      <MinimumSpeed>15.0</MinimumSpeed>
      <MaximumSpeed>35.0</MaximumSpeed>
      <NominalFlightProfile>
        <FlightProfile Series="CMASI">
          <Name>Cruise</Name>
          <Airspeed>30.0</Airspeed>
          <PitchAngle>0.0</PitchAngle>
          <VerticalSpeed>0.0</VerticalSpeed>
          <MaxBankAngle>30.0</MaxBankAngle>
          <EnergyRate>0.0</EnergyRate>
        </FlightProfile>
      </NominalFlightProfile>
      <AlternateFlightProfiles>
        <FlightProfile Series="CMASI">
          <Name>Climb</Name>
          <Airspeed>25.0</Airspeed>
          <PitchAngle>10.0</PitchAngle>
          <VerticalSpeed>5.0</VerticalSpeed>
          <MaxBankAngle>30.0</MaxBankAngle>
          <EnergyRate>0.0</EnergyRate>
        </FlightProfile>
        <FlightProfile Series="CMASI">
          <Name>Descent</Name>
          <Airspeed>25.0</Airspeed>
          <PitchAngle>-5.0</PitchAngle>
          <VerticalSpeed>-5.0</VerticalSpeed>
          <MaxBankAngle>30.0</MaxBankAngle>
          <EnergyRate>0.0</EnergyRate>
        </FlightProfile>
        <FlightProfile Series="CMASI">
          <Name>Loiter</Name>
          <Airspeed>20.0</Airspeed>
          <PitchAngle>5.0</PitchAngle>
          <VerticalSpeed>0.0</VerticalSpeed>
          <MaxBankAngle>30.0</MaxBankAngle>
          <EnergyRate>0.0</EnergyRate>
        </FlightProfile>
        <FlightProfile Series="CMASI">
          <Name>Dash</Name>
          <Airspeed>35.0</Airspeed>
          <PitchAngle>-2.0</PitchAngle>
          <VerticalSpeed>0.0</VerticalSpeed>
          <MaxBankAngle>30.0</MaxBankAngle>
          <EnergyRate>0.0</EnergyRate>
        </FlightProfile>
      </AlternateFlightProfiles>
      <AvailableLoiterTypes>
        <LoiterType>Circular</LoiterType>
        <LoiterType>Racetrack</LoiterType>
        <LoiterType>FigureEight</LoiterType>
      </AvailableLoiterTypes>
      <AvailableTurnTypes>
        <TurnType>TurnShort</TurnType>
        <TurnType>FlyOver</TurnType>
      </AvailableTurnTypes>
      <MinimumAltitude>0.0</MinimumAltitude>
      <MinAltitudeType>AGL</MinAltitudeType>
      <MaximumAltitude>1000000.0</MaximumAltitude>
      <MaxAltitudeType>MSL</MaxAltitudeType>
      <ID>3</ID>
      <Affiliation>Unknown</Affiliation>
      <EntityType/>
      <Label>UAV3</Label>
      <NominalSpeed>0.0</NominalSpeed>
      <NominalAltitude>0.0</NominalAltitude>
      <NominalAltitudeType>AGL</NominalAltitudeType>
      <PayloadConfigurationList>
        <GimbalConfiguration Series="CMASI">
          <SupportedPointingModes/>
          <MinAzimuth>-180.0</MinAzimuth>
          <MaxAzimuth>180.0</MaxAzimuth>
          <IsAzimuthClamped>false</IsAzimuthClamped>
          <MinElevation>-90.0</MinElevation>
          <MaxElevation>0.0</MaxElevation>
          <IsElevationClamped>false</IsElevationClamped>
          <MinRotation>0.0</MinRotation>
          <MaxRotation>0.0</MaxRotation>
          <IsRotationClamped>true</IsRotationClamped>
          <MaxAzimuthSlewRate>720.0</MaxAzimuthSlewRate>
          <MaxElevationSlewRate>720.0</MaxElevationSlewRate>
          <MaxRotationRate>0.0</MaxRotationRate>
          <ContainedPayloadList>
            <int64>2</int64>
            <int64>3</int64>
          </ContainedPayloadList>
          <PayloadID>1</PayloadID>
          <PayloadKind/>
          <Parameters/>
        </GimbalConfiguration>
        <CameraConfiguration Series="CMASI">
          <SupportedWavelengthBand>EO</SupportedWavelengthBand>
          <FieldOfViewMode>Continuous</FieldOfViewMode>
          <MinHorizontalFieldOfView>55.0</MinHorizontalFieldOfView>
          <MaxHorizontalFieldOfView>55.0</MaxHorizontalFieldOfView>
          <DiscreteHorizontalFieldOfViewList/>
          <VideoStreamHorizontalResolution>1024</VideoStreamHorizontalResolution>
          <VideoStreamVerticalResolution>768</VideoStreamVerticalResolution>
          <PayloadID>2</PayloadID>
          <PayloadKind/>
          <Parameters/>
        </CameraConfiguration>
        <HazardSensorConfiguration Series="SEARCHAI">
          <MaxRange>500.0</MaxRange>
          <HorizontalFOV>10.0</HorizontalFOV>
          <VerticalFOV>10.0</VerticalFOV>
          <DetectableHazardTypes>
            <HazardType>Fire</HazardType>
            <HazardType>Smoke</HazardType>
          </DetectableHazardTypes>
          <PayloadID>3</PayloadID>
          <PayloadKind/>
          <Parameters/>
        </HazardSensorConfiguration>
      </PayloadConfigurationList>
      <Info/>
    </AirVehicleConfiguration>
    <AirVehicleState Series="CMASI">
      <Airspeed>15.0</Airspeed>
      <VerticalSpeed>0.0</VerticalSpeed>
      <WindSpeed>0.0</WindSpeed>
      <WindDirection>0.0</WindDirection>
      <ID>3</ID>
      <u>0.0</u>
      <v>0.0</v>
      <w>0.0</w>
      <udot>0.0</udot>
      <vdot>0.0</vdot>
      <wdot>0.0</wdot>
      <Heading>0.0</Heading>
      <Pitch>0.0</Pitch>
      <Roll>0.0</Roll>
      <p>0.0</p>
      <q>0.0</q>
      <r>0.0</r>
      <Course>0.0</Course>
      <Groundspeed>0.0</Groundspeed>
      <Location>
        <Location3D Series="CMASI">
          <Latitude>39.598166469283235</Latitude>
          <Longitude>-120.90403052754363</Longitude>
          <Altitude>2500.0</Altitude>
          <AltitudeType>MSL</AltitudeType>
        </Location3D>
      </Location>
      <EnergyAvailable>100.0</EnergyAvailable>
      <ActualEnergyRate>0.0</ActualEnergyRate>
      <PayloadStateList>
        <GimbalState Series="CMASI">
          <PointingMode>AirVehicleRelativeAngle</PointingMode>
          <Azimuth>0.0</Azimuth>
          <Elevation>-45.0</Elevation>
          <Rotation>0.0</Rotation>
          <PayloadID>1</PayloadID>
          <Parameters/>
        </GimbalState>
        <CameraState Series="CMASI">
          <HorizontalFieldOfView>60.0</HorizontalFieldOfView>
          <VerticalFieldOfView>0.0</VerticalFieldOfView>
          <Footprint/>
          <PointingMode>Unknown</PointingMode>
          <Azimuth>0.0</Azimuth>
          <Elevation>0.0</Elevation>
          <Rotation>0.0</Rotation>
          <PayloadID>2</PayloadID>
          <Parameters/>
        </CameraState>
        <HazardSensorState Series="SEARCHAI">
          <HorizontalFieldOfView>0.0</HorizontalFieldOfView>
          <VerticalFieldOfView>0.0</VerticalFieldOfView>
          <Footprint/>
          <PointingMode>Unknown</PointingMode>
          <Azimuth>0.0</Azimuth>
          <Elevation>0.0</Elevation>
          <Rotation>0.0</Rotation>
          <PayloadID>3</PayloadID>
          <Parameters/>
        </HazardSensorState>
      </PayloadStateList>
      <CurrentWaypoint>0</CurrentWaypoint>
      <CurrentCommand>0</CurrentCommand>
      <Mode>Waypoint</Mode>
      <AssociatedTasks/>
      <Time>0</Time>
      <Info/>
    </AirVehicleState>
    <AirVehicleConfiguration Time="0.0" Series="CMASI">
      <MinimumSpeed>15.0</MinimumSpeed>
      <MaximumSpeed>35.0</MaximumSpeed>
      <NominalFlightProfile>
        <FlightProfile Series="CMASI">
          <Name>Cruise</Name>
          <Airspeed>30.0</Airspeed>
          <PitchAngle>0.0</PitchAngle>
          <VerticalSpeed>0.0</VerticalSpeed>
          <MaxBankAngle>30.0</MaxBankAngle>
          <EnergyRate>0.0</EnergyRate>
        </FlightProfile>
      </NominalFlightProfile>
      <AlternateFlightProfiles>
        <FlightProfile Series="CMASI">
          <Name>Climb</Name>
          <Airspeed>25.0</Airspeed>
          <PitchAngle>10.0</PitchAngle>
          <VerticalSpeed>5.0</VerticalSpeed>
          <MaxBankAngle>30.0</MaxBankAngle>
          <EnergyRate>0.0</EnergyRate>
        </FlightProfile>
        <FlightProfile Series="CMASI">
          <Name>Descent</Name>
          <Airspeed>25.0</Airspeed>
          <PitchAngle>-5.0</PitchAngle>
          <VerticalSpeed>-5.0</VerticalSpeed>
          <MaxBankAngle>30.0</MaxBankAngle>
          <EnergyRate>0.0</EnergyRate>
        </FlightProfile>
        <FlightProfile Series="CMASI">
          <Name>Loiter</Name>
          <Airspeed>20.0</Airspeed>
          <PitchAngle>5.0</PitchAngle>
          <VerticalSpeed>0.0</VerticalSpeed>
          <MaxBankAngle>30.0</MaxBankAngle>
          <EnergyRate>0.0</EnergyRate>
        </FlightProfile>
        <FlightProfile Series="CMASI">
          <Name>Dash</Name>
          <Airspeed>35.0</Airspeed>
          <PitchAngle>-2.0</PitchAngle>
          <VerticalSpeed>0.0</VerticalSpeed>
          <MaxBankAngle>30.0</MaxBankAngle>
          <EnergyRate>0.0</EnergyRate>
        </FlightProfile>
      </AlternateFlightProfiles>
      <AvailableLoiterTypes>
        <LoiterType>Circular</LoiterType>
        <LoiterType>Racetrack</LoiterType>
        <LoiterType>FigureEight</LoiterType>
      </AvailableLoiterTypes>
      <AvailableTurnTypes>
        <TurnType>TurnShort</TurnType>
        <TurnType>FlyOver</TurnType>
      </AvailableTurnTypes>
      <MinimumAltitude>0.0</MinimumAltitude>
      <MinAltitudeType>AGL</MinAltitudeType>
      <MaximumAltitude>1000000.0</MaximumAltitude>
      <MaxAltitudeType>MSL</MaxAltitudeType>
      <ID>4</ID>
      <Affiliation>Unknown</Affiliation>
      <EntityType/>
      <Label>UAV4</Label>
      <NominalSpeed>0.0</NominalSpeed>
      <NominalAltitude>0.0</NominalAltitude>
      <NominalAltitudeType>AGL</NominalAltitudeType>
      <PayloadConfigurationList>
        <GimbalConfiguration Series="CMASI">
          <SupportedPointingModes/>
          <MinAzimuth>-180.0</MinAzimuth>
          <MaxAzimuth>180.0</MaxAzimuth>
          <IsAzimuthClamped>false</IsAzimuthClamped>
          <MinElevation>-90.0</MinElevation>
          <MaxElevation>0.0</MaxElevation>
          <IsElevationClamped>false</IsElevationClamped>
          <MinRotation>0.0</MinRotation>
          <MaxRotation>0.0</MaxRotation>
          <IsRotationClamped>true</IsRotationClamped>
          <MaxAzimuthSlewRate>720.0</MaxAzimuthSlewRate>
          <MaxElevationSlewRate>720.0</MaxElevationSlewRate>
          <MaxRotationRate>0.0</MaxRotationRate>
          <ContainedPayloadList>
            <int64>2</int64>
            <int64>3</int64>
          </ContainedPayloadList>
          <PayloadID>1</PayloadID>
          <PayloadKind/>
          <Parameters/>
        </GimbalConfiguration>
        <CameraConfiguration Series="CMASI">
          <SupportedWavelengthBand>EO</SupportedWavelengthBand>
          <FieldOfViewMode>Continuous</FieldOfViewMode>
          <MinHorizontalFieldOfView>55.0</MinHorizontalFieldOfView>
          <MaxHorizontalFieldOfView>55.0</MaxHorizontalFieldOfView>
          <DiscreteHorizontalFieldOfViewList/>
          <VideoStreamHorizontalResolution>1024</VideoStreamHorizontalResolution>
          <VideoStreamVerticalResolution>768</VideoStreamVerticalResolution>
          <PayloadID>2</PayloadID>
          <PayloadKind/>
          <Parameters/>
        </CameraConfiguration>
        <HazardSensorConfiguration Series="SEARCHAI">
          <MaxRange>500.0</MaxRange>
          <HorizontalFOV>10.0</HorizontalFOV>
          <VerticalFOV>10.0</VerticalFOV>
          <DetectableHazardTypes>
            <HazardType>Fire</HazardType>
            <HazardType>Smoke</HazardType>
          </DetectableHazardTypes>
          <PayloadID>3</PayloadID>
          <PayloadKind/>
          <Parameters/>
        </HazardSensorConfiguration>
      </PayloadConfigurationList>
      <Info/>
    </AirVehicleConfiguration>
    <AirVehicleState Series="CMASI">
      <Airspeed>15.0</Airspeed>
      <VerticalSpeed>0.0</VerticalSpeed>
      <WindSpeed>0.0</WindSpeed>
      <WindDirection>0.0</WindDirection>
      <ID>4</ID>
      <u>0.0</u>
      <v>0.0</v>
      <w>0.0</w>
      <udot>0.0</udot>
      <vdot>0.0</vdot>
      <wdot>0.0</wdot>
      <Heading>315.0</Heading>
      <Pitch>0.0</Pitch>
      <Roll>0.0</Roll>
      <p>0.0</p>
      <q>0.0</q>
      <r>0.0</r>
      <Course>0.0</Course>
      <Groundspeed>0.0</Groundspeed>
      <Location>
        <Location3D Series="CMASI">
          <Latitude>39.67327108133519</Latitude>
          <Longitude>-120.7448455706136</Longitude>
          <Altitude>2000.0</Altitude>
          <AltitudeType>MSL</AltitudeType>
        </Location3D>
      </Location>
      <EnergyAvailable>100.0</EnergyAvailable>
      <ActualEnergyRate>0.0</ActualEnergyRate>
      <PayloadStateList>
        <GimbalState Series="CMASI">
          <PointingMode>AirVehicleRelativeAngle</PointingMode>
          <Azimuth>0.0</Azimuth>
          <Elevation>-45.0</Elevation>
          <Rotation>0.0</Rotation>
          <PayloadID>1</PayloadID>
          <Parameters/>
        </GimbalState>
        <CameraState Series="CMASI">
          <HorizontalFieldOfView>60.0</HorizontalFieldOfView>
          <VerticalFieldOfView>0.0</VerticalFieldOfView>
          <Footprint/>
          <PointingMode>Unknown</PointingMode>
          <Azimuth>0.0</Azimuth>
          <Elevation>0.0</Elevation>
          <Rotation>0.0</Rotation>
          <PayloadID>2</PayloadID>
          <Parameters/>
        </CameraState>
        <HazardSensorState Series="SEARCHAI">
          <HorizontalFieldOfView>0.0</HorizontalFieldOfView>
          <VerticalFieldOfView>0.0</VerticalFieldOfView>
          <Footprint/>
          <PointingMode>Unknown</PointingMode>
          <Azimuth>0.0</Azimuth>
          <Elevation>0.0</Elevation>
          <Rotation>0.0</Rotation>
          <PayloadID>3</PayloadID>
          <Parameters/>
        </HazardSensorState>
      </PayloadStateList>
      <CurrentWaypoint>0</CurrentWaypoint>
      <CurrentCommand>0</CurrentCommand>
      <Mode>Waypoint</Mode>
      <AssociatedTasks/>
      <Time>0</Time>
      <Info/>
    </AirVehicleState>
    <AirVehicleConfiguration Time="0.0" Series="CMASI">
      <MinimumSpeed>15.0</MinimumSpeed>
      <MaximumSpeed>35.0</MaximumSpeed>
      <NominalFlightProfile>
        <FlightProfile Series="CMASI">
          <Name>Cruise</Name>
          <Airspeed>30.0</Airspeed>
          <PitchAngle>0.0</PitchAngle>
          <VerticalSpeed>0.0</VerticalSpeed>
          <MaxBankAngle>30.0</MaxBankAngle>
          <EnergyRate>0.0</EnergyRate>
        </FlightProfile>
      </NominalFlightProfile>
      <AlternateFlightProfiles>
        <FlightProfile Series="CMASI">
          <Name>Climb</Name>
          <Airspeed>25.0</Airspeed>
          <PitchAngle>10.0</PitchAngle>
          <VerticalSpeed>5.0</VerticalSpeed>
          <MaxBankAngle>30.0</MaxBankAngle>
          <EnergyRate>0.0</EnergyRate>
        </FlightProfile>
        <FlightProfile Series="CMASI">
          <Name>Descent</Name>
          <Airspeed>25.0</Airspeed>
          <PitchAngle>-5.0</PitchAngle>
          <VerticalSpeed>-5.0</VerticalSpeed>
          <MaxBankAngle>30.0</MaxBankAngle>
          <EnergyRate>0.0</EnergyRate>
        </FlightProfile>
        <FlightProfile Series="CMASI">
          <Name>Loiter</Name>
          <Airspeed>20.0</Airspeed>
          <PitchAngle>5.0</PitchAngle>
          <VerticalSpeed>0.0</VerticalSpeed>
          <MaxBankAngle>30.0</MaxBankAngle>
          <EnergyRate>0.0</EnergyRate>
        </FlightProfile>
        <FlightProfile Series="CMASI">
          <Name>Dash</Name>
          <Airspeed>35.0</Airspeed>
          <PitchAngle>-2.0</PitchAngle>
          <VerticalSpeed>0.0</VerticalSpeed>
          <MaxBankAngle>30.0</MaxBankAngle>
          <EnergyRate>0.0</EnergyRate>
        </FlightProfile>
      </AlternateFlightProfiles>
      <AvailableLoiterTypes>
        <LoiterType>Circular</LoiterType>
        <LoiterType>Racetrack</LoiterType>
        <LoiterType>FigureEight</LoiterType>
      </AvailableLoiterTypes>
      <AvailableTurnTypes>
        <TurnType>TurnShort</TurnType>
        <TurnType>FlyOver</TurnType>
      </AvailableTurnTypes>
      <MinimumAltitude>0.0</MinimumAltitude>
      <MinAltitudeType>AGL</MinAltitudeType>
      <MaximumAltitude>1000000.0</MaximumAltitude>
      <MaxAltitudeType>MSL</MaxAltitudeType>
      <ID>5</ID>
      <Affiliation>Unknown</Affiliation>
      <EntityType/>
      <Label>UAV5</Label>
      <NominalSpeed>0.0</NominalSpeed>
      <NominalAltitude>0.0</NominalAltitude>
      <NominalAltitudeType>AGL</NominalAltitudeType>
      <PayloadConfigurationList>
        <GimbalConfiguration Series="CMASI">
          <SupportedPointingModes/>
          <MinAzimuth>-180.0</MinAzimuth>
          <MaxAzimuth>180.0</MaxAzimuth>
          <IsAzimuthClamped>false</IsAzimuthClamped>
          <MinElevation>-90.0</MinElevation>
          <MaxElevation>0.0</MaxElevation>
          <IsElevationClamped>false</IsElevationClamped>
          <MinRotation>0.0</MinRotation>
          <MaxRotation>0.0</MaxRotation>
          <IsRotationClamped>true</IsRotationClamped>
          <MaxAzimuthSlewRate>720.0</MaxAzimuthSlewRate>
          <MaxElevationSlewRate>720.0</MaxElevationSlewRate>
          <MaxRotationRate>0.0</MaxRotationRate>
          <ContainedPayloadList>
            <int64>2</int64>
            <int64>3</int64>
          </ContainedPayloadList>
          <PayloadID>1</PayloadID>
          <PayloadKind/>
          <Parameters/>
        </GimbalConfiguration>
        <CameraConfiguration Series="CMASI">
          <SupportedWavelengthBand>EO</SupportedWavelengthBand>
          <FieldOfViewMode>Continuous</FieldOfViewMode>
          <MinHorizontalFieldOfView>55.0</MinHorizontalFieldOfView>
          <MaxHorizontalFieldOfView>55.0</MaxHorizontalFieldOfView>
          <DiscreteHorizontalFieldOfViewList/>
          <VideoStreamHorizontalResolution>1024</VideoStreamHorizontalResolution>
          <VideoStreamVerticalResolution>768</VideoStreamVerticalResolution>
          <PayloadID>2</PayloadID>
          <PayloadKind/>
          <Parameters/>
        </CameraConfiguration>
        <HazardSensorConfiguration Series="SEARCHAI">
          <MaxRange>500.0</MaxRange>
          <HorizontalFOV>10.0</HorizontalFOV>
          <VerticalFOV>10.0</VerticalFOV>
          <DetectableHazardTypes>
            <HazardType>Fire</HazardType>
            <HazardType>Smoke</HazardType>
          </DetectableHazardTypes>
          <PayloadID>3</PayloadID>
          <PayloadKind/>
          <Parameters/>
        </HazardSensorConfiguration>
      </PayloadConfigurationList>
      <Info/>
    </AirVehicleConfiguration>
    <AirVehicleState Series="CMASI">
      <Airspeed>15.0</Airspeed>
      <VerticalSpeed>0.0</VerticalSpeed>
      <WindSpeed>0.0</WindSpeed>
      <WindDirection>0.0</WindDirection>
      <ID>5</ID>
      <u>0.0</u>
      <v>0.0</v>
      <w>0.0</w>
      <udot>0.0</udot>
      <vdot>0.0</vdot>
      <wdot>0.0</wdot>
      <Heading>0.0</Heading>
      <Pitch>0.0</Pitch>
      <Roll>0.0</Roll>
      <p>0.0</p>
      <q>0.0</q>
      <r>0.0</r>
      <Course>0.0</Course>
      <Groundspeed>0.0</Groundspeed>
      <Location>
        <Location3D Series="CMASI">
          <Latitude>39.59092403077841</Latitude>
          <Longitude>-120.89569879969632</Longitude>
          <Altitude>2500.0</Altitude>
          <AltitudeType>MSL</AltitudeType>
        </Location3D>
      </Location>
      <EnergyAvailable>100.0</EnergyAvailable>
      <ActualEnergyRate>0.0</ActualEnergyRate>
      <PayloadStateList>
        <GimbalState Series="CMASI">
          <PointingMode>AirVehicleRelativeAngle</PointingMode>
          <Azimuth>0.0</Azimuth>
          <Elevation>-45.0</Elevation>
          <Rotation>0.0</Rotation>
          <PayloadID>1</PayloadID>
          <Parameters/>
        </GimbalState>
        <CameraState Series="CMASI">
          <HorizontalFieldOfView>60.0</HorizontalFieldOfView>
          <VerticalFieldOfView>0.0</VerticalFieldOfView>
          <Footprint/>
          <PointingMode>Unknown</PointingMode>
          <Azimuth>0.0</Azimuth>
          <Elevation>0.0</Elevation>
          <Rotation>0.0</Rotation>
          <PayloadID>2</PayloadID>
          <Parameters/>
        </CameraState>
        <HazardSensorState Series="SEARCHAI">
          <HorizontalFieldOfView>0.0</HorizontalFieldOfView>
          <VerticalFieldOfView>0.0</VerticalFieldOfView>
          <Footprint/>
          <PointingMode>Unknown</PointingMode>
          <Azimuth>0.0</Azimuth>
          <Elevation>0.0</Elevation>
          <Rotation>0.0</Rotation>
          <PayloadID>3</PayloadID>
          <Parameters/>
        </HazardSensorState>
      </PayloadStateList>
      <CurrentWaypoint>0</CurrentWaypoint>
      <CurrentCommand>0</CurrentCommand>
      <Mode>Waypoint</Mode>
      <AssociatedTasks/>
      <Time>0</Time>
      <Info/>
    </AirVehicleState>
    <AirVehicleConfiguration Time="0.0" Series="CMASI">
      <MinimumSpeed>15.0</MinimumSpeed>
      <MaximumSpeed>35.0</MaximumSpeed>
      <NominalFlightProfile>
        <FlightProfile Series="CMASI">
          <Name>Cruise</Name>
          <Airspeed>30.0</Airspeed>
          <PitchAngle>0.0</PitchAngle>
          <VerticalSpeed>0.0</VerticalSpeed>
          <MaxBankAngle>30.0</MaxBankAngle>
          <EnergyRate>0.0</EnergyRate>
        </FlightProfile>
      </NominalFlightProfile>
      <AlternateFlightProfiles>
        <FlightProfile Series="CMASI">
          <Name>Climb</Name>
          <Airspeed>25.0</Airspeed>
          <PitchAngle>10.0</PitchAngle>
          <VerticalSpeed>5.0</VerticalSpeed>
          <MaxBankAngle>30.0</MaxBankAngle>
          <EnergyRate>0.0</EnergyRate>
        </FlightProfile>
        <FlightProfile Series="CMASI">
          <Name>Descent</Name>
          <Airspeed>25.0</Airspeed>
          <PitchAngle>-5.0</PitchAngle>
          <VerticalSpeed>-5.0</VerticalSpeed>
          <MaxBankAngle>30.0</MaxBankAngle>
          <EnergyRate>0.0</EnergyRate>
        </FlightProfile>
        <FlightProfile Series="CMASI">
          <Name>Loiter</Name>
          <Airspeed>20.0</Airspeed>
          <PitchAngle>5.0</PitchAngle>
          <VerticalSpeed>0.0</VerticalSpeed>
          <MaxBankAngle>30.0</MaxBankAngle>
          <EnergyRate>0.0</EnergyRate>
        </FlightProfile>
        <FlightProfile Series="CMASI">
          <Name>Dash</Name>
          <Airspeed>35.0</Airspeed>
          <PitchAngle>-2.0</PitchAngle>
          <VerticalSpeed>0.0</VerticalSpeed>
          <MaxBankAngle>30.0</MaxBankAngle>
          <EnergyRate>0.0</EnergyRate>
        </FlightProfile>
      </AlternateFlightProfiles>
      <AvailableLoiterTypes>
        <LoiterType>Circular</LoiterType>
        <LoiterType>Racetrack</LoiterType>
        <LoiterType>FigureEight</LoiterType>
      </AvailableLoiterTypes>
      <AvailableTurnTypes>
        <TurnType>TurnShort</TurnType>
        <TurnType>FlyOver</TurnType>
      </AvailableTurnTypes>
      <MinimumAltitude>0.0</MinimumAltitude>
      <MinAltitudeType>AGL</MinAltitudeType>
      <MaximumAltitude>1000000.0</MaximumAltitude>
      <MaxAltitudeType>MSL</MaxAltitudeType>
      <ID>6</ID>
      <Affiliation>Unknown</Affiliation>
      <EntityType/>
      <Label>UAV6</Label>
      <NominalSpeed>0.0</NominalSpeed>
      <NominalAltitude>0.0</NominalAltitude>
      <NominalAltitudeType>AGL</NominalAltitudeType>
      <PayloadConfigurationList>
        <GimbalConfiguration Series="CMASI">
          <SupportedPointingModes/>
          <MinAzimuth>-180.0</MinAzimuth>
          <MaxAzimuth>180.0</MaxAzimuth>
          <IsAzimuthClamped>false</IsAzimuthClamped>
          <MinElevation>-90.0</MinElevation>
          <MaxElevation>0.0</MaxElevation>
          <IsElevationClamped>false</IsElevationClamped>
          <MinRotation>0.0</MinRotation>
          <MaxRotation>0.0</MaxRotation>
          <IsRotationClamped>true</IsRotationClamped>
          <MaxAzimuthSlewRate>720.0</MaxAzimuthSlewRate>
          <MaxElevationSlewRate>720.0</MaxElevationSlewRate>
          <MaxRotationRate>0.0</MaxRotationRate>
          <ContainedPayloadList>
            <int64>2</int64>
            <int64>3</int64>
          </ContainedPayloadList>
          <PayloadID>1</PayloadID>
          <PayloadKind/>
          <Parameters/>
        </GimbalConfiguration>
        <CameraConfiguration Series="CMASI">
          <SupportedWavelengthBand>EO</SupportedWavelengthBand>
          <FieldOfViewMode>Continuous</FieldOfViewMode>
          <MinHorizontalFieldOfView>55.0</MinHorizontalFieldOfView>
          <MaxHorizontalFieldOfView>55.0</MaxHorizontalFieldOfView>
          <DiscreteHorizontalFieldOfViewList/>
          <VideoStreamHorizontalResolution>1024</VideoStreamHorizontalResolution>
          <VideoStreamVerticalResolution>768</VideoStreamVerticalResolution>
          <PayloadID>2</PayloadID>
          <PayloadKind/>
          <Parameters/>
        </CameraConfiguration>
        <HazardSensorConfiguration Series="SEARCHAI">
          <MaxRange>500.0</MaxRange>
          <HorizontalFOV>10.0</HorizontalFOV>
          <VerticalFOV>10.0</VerticalFOV>
          <DetectableHazardTypes>
            <HazardType>Fire</HazardType>
            <HazardType>Smoke</HazardType>
          </DetectableHazardTypes>
          <PayloadID>3</PayloadID>
          <PayloadKind/>
          <Parameters/>
        </HazardSensorConfiguration>
      </PayloadConfigurationList>
      <Info/>
    </AirVehicleConfiguration>
    <AirVehicleState Series="CMASI">
      <Airspeed>15.0</Airspeed>
      <VerticalSpeed>0.0</VerticalSpeed>
      <WindSpeed>0.0</WindSpeed>
      <WindDirection>0.0</WindDirection>
      <ID>6</ID>
      <u>0.0</u>
      <v>0.0</v>
      <w>0.0</w>
      <udot>0.0</udot>
      <vdot>0.0</vdot>
      <wdot>0.0</wdot>
      <Heading>315.0</Heading>
      <Pitch>0.0</Pitch>
      <Roll>0.0</Roll>
      <p>0.0</p>
      <q>0.0</q>
      <r>0.0</r>
      <Course>0.0</Course>
      <Groundspeed>0.0</Groundspeed>
      <Location>
        <Location3D Series="CMASI">
          <Latitude>39.67686504176157</Latitude>
          <Longitude>-120.7496607632665</Longitude>
          <Altitude>2000.0</Altitude>
          <AltitudeType>MSL</AltitudeType>
        </Location3D>
      </Location>
      <EnergyAvailable>100.0</EnergyAvailable>
      <ActualEnergyRate>0.0</ActualEnergyRate>
      <PayloadStateList>
        <GimbalState Series="CMASI">
          <PointingMode>AirVehicleRelativeAngle</PointingMode>
          <Azimuth>0.0</Azimuth>
          <Elevation>-45.0</Elevation>
          <Rotation>0.0</Rotation>
          <PayloadID>1</PayloadID>
          <Parameters/>
        </GimbalState>
        <CameraState Series="CMASI">
          <HorizontalFieldOfView>60.0</HorizontalFieldOfView>
          <VerticalFieldOfView>0.0</VerticalFieldOfView>
          <Footprint/>
          <PointingMode>Unknown</PointingMode>
          <Azimuth>0.0</Azimuth>
          <Elevation>0.0</Elevation>
          <Rotation>0.0</Rotation>
          <PayloadID>2</PayloadID>
          <Parameters/>
        </CameraState>
        <HazardSensorState Series="SEARCHAI">
          <HorizontalFieldOfView>0.0</HorizontalFieldOfView>
          <VerticalFieldOfView>0.0</VerticalFieldOfView>
          <Footprint/>
          <PointingMode>Unknown</PointingMode>
          <Azimuth>0.0</Azimuth>
          <Elevation>0.0</Elevation>
          <Rotation>0.0</Rotation>
          <PayloadID>3</PayloadID>
          <Parameters/>
        </HazardSensorState>
      </PayloadStateList>
      <CurrentWaypoint>0</CurrentWaypoint>
      <CurrentCommand>0</CurrentCommand>
      <Mode>Waypoint</Mode>
      <AssociatedTasks/>
      <Time>0</Time>
      <Info/>
    </AirVehicleState>
    <AirVehicleConfiguration Time="0.0" Series="CMASI">
      <MinimumSpeed>15.0</MinimumSpeed>
      <MaximumSpeed>25.0</MaximumSpeed>
      <NominalFlightProfile>
        <FlightProfile Series="CMASI">
          <Name>Cruise</Name>
          <Airspeed>20.0</Airspeed>
          <PitchAngle>0.0</PitchAngle>
          <VerticalSpeed>0.0</VerticalSpeed>
          <MaxBankAngle>30.0</MaxBankAngle>
          <EnergyRate>0.0</EnergyRate>
        </FlightProfile>
      </NominalFlightProfile>
      <AlternateFlightProfiles>
        <FlightProfile Series="CMASI">
          <Name>Climb</Name>
          <Airspeed>15.0</Airspeed>
          <PitchAngle>10.0</PitchAngle>
          <VerticalSpeed>5.0</VerticalSpeed>
          <MaxBankAngle>30.0</MaxBankAngle>
          <EnergyRate>0.0</EnergyRate>
        </FlightProfile>
        <FlightProfile Series="CMASI">
          <Name>Descent</Name>
          <Airspeed>15.0</Airspeed>
          <PitchAngle>-5.0</PitchAngle>
          <VerticalSpeed>-5.0</VerticalSpeed>
          <MaxBankAngle>30.0</MaxBankAngle>
          <EnergyRate>0.0</EnergyRate>
        </FlightProfile>
        <FlightProfile Series="CMASI">
          <Name>Loiter</Name>
          <Airspeed>10.0</Airspeed>
          <PitchAngle>5.0</PitchAngle>
          <VerticalSpeed>0.0</VerticalSpeed>
          <MaxBankAngle>30.0</MaxBankAngle>
          <EnergyRate>0.0</EnergyRate>
        </FlightProfile>
        <FlightProfile Series="CMASI">
          <Name>Dash</Name>
          <Airspeed>25.0</Airspeed>
          <PitchAngle>-2.0</PitchAngle>
          <VerticalSpeed>0.0</VerticalSpeed>
          <MaxBankAngle>30.0</MaxBankAngle>
          <EnergyRate>0.0</EnergyRate>
        </FlightProfile>
      </AlternateFlightProfiles>
      <AvailableLoiterTypes>
        <LoiterType>Circular</LoiterType>
        <LoiterType>Racetrack</LoiterType>
        <LoiterType>FigureEight</LoiterType>
      </AvailableLoiterTypes>
      <AvailableTurnTypes>
        <TurnType>TurnShort</TurnType>
        <TurnType>FlyOver</TurnType>
      </AvailableTurnTypes>
      <MinimumAltitude>0.0</MinimumAltitude>
      <MinAltitudeType>AGL</MinAltitudeType>
      <MaximumAltitude>1000000.0</MaximumAltitude>
      <MaxAltitudeType>MSL</MaxAltitudeType>
      <ID>7</ID>
      <Affiliation>Unknown</Affiliation>
      <EntityType/>
      <Label>UAV7</Label>
      <NominalSpeed>0.0</NominalSpeed>
      <NominalAltitude>0.0</NominalAltitude>
      <NominalAltitudeType>AGL</NominalAltitudeType>
      <PayloadConfigurationList>
        <GimbalConfiguration Series="CMASI">
          <SupportedPointingModes/>
          <MinAzimuth>-180.0</MinAzimuth>
          <MaxAzimuth>180.0</MaxAzimuth>
          <IsAzimuthClamped>false</IsAzimuthClamped>
          <MinElevation>-90.0</MinElevation>
          <MaxElevation>0.0</MaxElevation>
          <IsElevationClamped>false</IsElevationClamped>
          <MinRotation>0.0</MinRotation>
          <MaxRotation>0.0</MaxRotation>
          <IsRotationClamped>true</IsRotationClamped>
          <MaxAzimuthSlewRate>720.0</MaxAzimuthSlewRate>
          <MaxElevationSlewRate>720.0</MaxElevationSlewRate>
          <MaxRotationRate>0.0</MaxRotationRate>
          <ContainedPayloadList>
            <int64>2</int64>
            <int64>3</int64>
          </ContainedPayloadList>
          <PayloadID>1</PayloadID>
          <PayloadKind/>
          <Parameters/>
        </GimbalConfiguration>
        <CameraConfiguration Series="CMASI">
          <SupportedWavelengthBand>EO</SupportedWavelengthBand>
          <FieldOfViewMode>Continuous</FieldOfViewMode>
          <MinHorizontalFieldOfView>55.0</MinHorizontalFieldOfView>
          <MaxHorizontalFieldOfView>55.0</MaxHorizontalFieldOfView>
          <DiscreteHorizontalFieldOfViewList/>
          <VideoStreamHorizontalResolution>1024</VideoStreamHorizontalResolution>
          <VideoStreamVerticalResolution>768</VideoStreamVerticalResolution>
          <PayloadID>2</PayloadID>
          <PayloadKind/>
          <Parameters/>
        </CameraConfiguration>
        <HazardSensorConfiguration Series="SEARCHAI">
          <MaxRange>1000.0</MaxRange>
          <HorizontalFOV>10.0</HorizontalFOV>
          <VerticalFOV>10.0</VerticalFOV>
          <DetectableHazardTypes>
            <HazardType>Fire</HazardType>
            <HazardType>Smoke</HazardType>
          </DetectableHazardTypes>
          <PayloadID>3</PayloadID>
          <PayloadKind/>
          <Parameters/>
        </HazardSensorConfiguration>
      </PayloadConfigurationList>
      <Info/>
    </AirVehicleConfiguration>
    <AirVehicleState Series="CMASI">
      <Airspeed>15.0</Airspeed>
      <VerticalSpeed>0.0</VerticalSpeed>
      <WindSpeed>0.0</WindSpeed>
      <WindDirection>0.0</WindDirection>
      <ID>7</ID>
      <u>0.0</u>
      <v>0.0</v>
      <w>0.0</w>
      <udot>0.0</udot>
      <vdot>0.0</vdot>
      <wdot>0.0</wdot>
      <Heading>0.0</Heading>
      <Pitch>0.0</Pitch>
      <Roll>0.0</Roll>
      <p>0.0</p>
      <q>0.0</q>
      <r>0.0</r>
      <Course>0.0</Course>
      <Groundspeed>0.0</Groundspeed>
      <Location>
        <Location3D Series="CMASI">
          <Latitude>39.5907594299033</Latitude>
          <Longitude>-120.90338962540153</Longitude>
          <Altitude>2500.0</Altitude>
          <AltitudeType>MSL</AltitudeType>
        </Location3D>
      </Location>
      <EnergyAvailable>100.0</EnergyAvailable>
      <ActualEnergyRate>0.0</ActualEnergyRate>
      <PayloadStateList>
        <GimbalState Series="CMASI">
          <PointingMode>AirVehicleRelativeAngle</PointingMode>
          <Azimuth>0.0</Azimuth>
          <Elevation>-45.0</Elevation>
          <Rotation>0.0</Rotation>
          <PayloadID>1</PayloadID>
          <Parameters/>
        </GimbalState>
        <CameraState Series="CMASI">
          <HorizontalFieldOfView>60.0</HorizontalFieldOfView>
          <VerticalFieldOfView>0.0</VerticalFieldOfView>
          <Footprint/>
          <PointingMode>Unknown</PointingMode>
          <Azimuth>0.0</Azimuth>
          <Elevation>0.0</Elevation>
          <Rotation>0.0</Rotation>
          <PayloadID>2</PayloadID>
          <Parameters/>
        </CameraState>
        <HazardSensorState Series="SEARCHAI">
          <HorizontalFieldOfView>0.0</HorizontalFieldOfView>
          <VerticalFieldOfView>0.0</VerticalFieldOfView>
          <Footprint/>
          <PointingMode>Unknown</PointingMode>
          <Azimuth>0.0</Azimuth>
          <Elevation>0.0</Elevation>
          <Rotation>0.0</Rotation>
          <PayloadID>3</PayloadID>
          <Parameters/>
        </HazardSensorState>
      </PayloadStateList>
      <CurrentWaypoint>0</CurrentWaypoint>
      <CurrentCommand>0</CurrentCommand>
      <Mode>Waypoint</Mode>
      <AssociatedTasks/>
      <Time>0</Time>
      <Info/>
    </AirVehicleState>
    <AirVehicleConfiguration Time="0.0" Series="CMASI">
      <MinimumSpeed>15.0</MinimumSpeed>
      <MaximumSpeed>25.0</MaximumSpeed>
      <NominalFlightProfile>
        <FlightProfile Series="CMASI">
          <Name>Cruise</Name>
          <Airspeed>20.0</Airspeed>
          <PitchAngle>0.0</PitchAngle>
          <VerticalSpeed>0.0</VerticalSpeed>
          <MaxBankAngle>30.0</MaxBankAngle>
          <EnergyRate>0.0</EnergyRate>
        </FlightProfile>
      </NominalFlightProfile>
      <AlternateFlightProfiles>
        <FlightProfile Series="CMASI">
          <Name>Climb</Name>
          <Airspeed>15.0</Airspeed>
          <PitchAngle>10.0</PitchAngle>
          <VerticalSpeed>5.0</VerticalSpeed>
          <MaxBankAngle>30.0</MaxBankAngle>
          <EnergyRate>0.0</EnergyRate>
        </FlightProfile>
        <FlightProfile Series="CMASI">
          <Name>Descent</Name>
          <Airspeed>15.0</Airspeed>
          <PitchAngle>-5.0</PitchAngle>
          <VerticalSpeed>-5.0</VerticalSpeed>
          <MaxBankAngle>30.0</MaxBankAngle>
          <EnergyRate>0.0</EnergyRate>
        </FlightProfile>
        <FlightProfile Series="CMASI">
          <Name>Loiter</Name>
          <Airspeed>10.0</Airspeed>
          <PitchAngle>5.0</PitchAngle>
          <VerticalSpeed>0.0</VerticalSpeed>
          <MaxBankAngle>30.0</MaxBankAngle>
          <EnergyRate>0.0</EnergyRate>
        </FlightProfile>
        <FlightProfile Series="CMASI">
          <Name>Dash</Name>
          <Airspeed>25.0</Airspeed>
          <PitchAngle>-2.0</PitchAngle>
          <VerticalSpeed>0.0</VerticalSpeed>
          <MaxBankAngle>30.0</MaxBankAngle>
          <EnergyRate>0.0</EnergyRate>
        </FlightProfile>
      </AlternateFlightProfiles>
      <AvailableLoiterTypes>
        <LoiterType>Circular</LoiterType>
        <LoiterType>Racetrack</LoiterType>
        <LoiterType>FigureEight</LoiterType>
      </AvailableLoiterTypes>
      <AvailableTurnTypes>
        <TurnType>TurnShort</TurnType>
        <TurnType>FlyOver</TurnType>
      </AvailableTurnTypes>
      <MinimumAltitude>0.0</MinimumAltitude>
      <MinAltitudeType>AGL</MinAltitudeType>
      <MaximumAltitude>1000000.0</MaximumAltitude>
      <MaxAltitudeType>MSL</MaxAltitudeType>
      <ID>8</ID>
      <Affiliation>Unknown</Affiliation>
      <EntityType/>
      <Label>UAV8</Label>
      <NominalSpeed>0.0</NominalSpeed>
      <NominalAltitude>0.0</NominalAltitude>
      <NominalAltitudeType>AGL</NominalAltitudeType>
      <PayloadConfigurationList>
        <GimbalConfiguration Series="CMASI">
          <SupportedPointingModes/>
          <MinAzimuth>-180.0</MinAzimuth>
          <MaxAzimuth>180.0</MaxAzimuth>
          <IsAzimuthClamped>false</IsAzimuthClamped>
          <MinElevation>-90.0</MinElevation>
          <MaxElevation>0.0</MaxElevation>
          <IsElevationClamped>false</IsElevationClamped>
          <MinRotation>0.0</MinRotation>
          <MaxRotation>0.0</MaxRotation>
          <IsRotationClamped>true</IsRotationClamped>
          <MaxAzimuthSlewRate>720.0</MaxAzimuthSlewRate>
          <MaxElevationSlewRate>720.0</MaxElevationSlewRate>
          <MaxRotationRate>0.0</MaxRotationRate>
          <ContainedPayloadList>
            <int64>2</int64>
            <int64>3</int64>
          </ContainedPayloadList>
          <PayloadID>1</PayloadID>
          <PayloadKind/>
          <Parameters/>
        </GimbalConfiguration>
        <CameraConfiguration Series="CMASI">
          <SupportedWavelengthBand>EO</SupportedWavelengthBand>
          <FieldOfViewMode>Continuous</FieldOfViewMode>
          <MinHorizontalFieldOfView>55.0</MinHorizontalFieldOfView>
          <MaxHorizontalFieldOfView>55.0</MaxHorizontalFieldOfView>
          <DiscreteHorizontalFieldOfViewList/>
          <VideoStreamHorizontalResolution>1024</VideoStreamHorizontalResolution>
          <VideoStreamVerticalResolution>768</VideoStreamVerticalResolution>
          <PayloadID>2</PayloadID>
          <PayloadKind/>
          <Parameters/>
        </CameraConfiguration>
        <HazardSensorConfiguration Series="SEARCHAI">
          <MaxRange>1000.0</MaxRange>
          <HorizontalFOV>10.0</HorizontalFOV>
          <VerticalFOV>10.0</VerticalFOV>
          <DetectableHazardTypes>
            <HazardType>Fire</HazardType>
            <HazardType>Smoke</HazardType>
          </DetectableHazardTypes>
          <PayloadID>3</PayloadID>
          <PayloadKind/>
          <Parameters/>
        </HazardSensorConfiguration>
      </PayloadConfigurationList>
      <Info/>
    </AirVehicleConfiguration>
    <AirVehicleState Series="CMASI">
      <Airspeed>15.0</Airspeed>
      <VerticalSpeed>0.0</VerticalSpeed>
      <WindSpeed>0.0</WindSpeed>
      <WindDirection>0.0</WindDirection>
      <ID>8</ID>
      <u>0.0</u>
      <v>0.0</v>
      <w>0.0</w>
      <udot>0.0</udot>
      <vdot>0.0</vdot>
      <wdot>0.0</wdot>
      <Heading>315.0</Heading>
      <Pitch>0.0</Pitch>
      <Roll>0.0</Roll>
      <p>0.0</p>
      <q>0.0</q>
      <r>0.0</r>
      <Course>0.0</Course>
      <Groundspeed>0.0</Groundspeed>
      <Location>
        <Location3D Series="CMASI">
          <Latitude>39.673158770071865</Latitude>
          <Longitude>-120.7496607632665</Longitude>
          <Altitude>2000.0</Altitude>
          <AltitudeType>MSL</AltitudeType>
        </Location3D>
      </Location>
      <EnergyAvailable>100.0</EnergyAvailable>
      <ActualEnergyRate>0.0</ActualEnergyRate>
      <PayloadStateList>
        <GimbalState Series="CMASI">
          <PointingMode>AirVehicleRelativeAngle</PointingMode>
          <Azimuth>0.0</Azimuth>
          <Elevation>-45.0</Elevation>
          <Rotation>0.0</Rotation>
          <PayloadID>1</PayloadID>
          <Parameters/>
        </GimbalState>
        <CameraState Series="CMASI">
          <HorizontalFieldOfView>60.0</HorizontalFieldOfView>
          <VerticalFieldOfView>0.0</VerticalFieldOfView>
          <Footprint/>
          <PointingMode>Unknown</PointingMode>
          <Azimuth>0.0</Azimuth>
          <Elevation>0.0</Elevation>
          <Rotation>0.0</Rotation>
          <PayloadID>2</PayloadID>
          <Parameters/>
        </CameraState>
        <HazardSensorState Series="SEARCHAI">
          <HorizontalFieldOfView>0.0</HorizontalFieldOfView>
          <VerticalFieldOfView>0.0</VerticalFieldOfView>
          <Footprint/>
          <PointingMode>Unknown</PointingMode>
          <Azimuth>0.0</Azimuth>
          <Elevation>0.0</Elevation>
          <Rotation>0.0</Rotation>
          <PayloadID>3</PayloadID>
          <Parameters/>
        </HazardSensorState>
      </PayloadStateList>
      <CurrentWaypoint>0</CurrentWaypoint>
      <CurrentCommand>0</CurrentCommand>
      <Mode>Waypoint</Mode>
      <AssociatedTasks/>
      <Time>0</Time>
      <Info/>
    </AirVehicleState>
    <WeatherReport Series="CMASI">
      <WindSpeed>0.0</WindSpeed>
      <WindDirection>0.0</WindDirection>
      <Visibility>0.0</Visibility>
      <CloudCeiling>0.0</CloudCeiling>
      <CloudCoverage>0.0</CloudCoverage>
    </WeatherReport>
    <HazardZone Series="SEARCHAI">
      <ZoneType>Fire</ZoneType>
      <ZoneID>1</ZoneID>
      <MinAltitude>0.0</MinAltitude>
      <MinAltitudeType>AGL</MinAltitudeType>
      <MaxAltitude>5000.0</MaxAltitude>
      <MaxAltitudeType>MSL</MaxAltitudeType>
      <AffectedAircraft/>
      <StartTime>0</StartTime>
      <EndTime>0</EndTime>
      <Padding>0.0</Padding>
      <Label/>
      <Boundary>
        <Polygon Series="CMASI">
          <BoundaryPoints>
            <Location3D Series="CMASI">
              <Latitude>39.96969333270538</Latitude>
              <Longitude>-120.90013617569623</Longitude>
              <Altitude>0.0</Altitude>
              <AltitudeType>MSL</AltitudeType>
            </Location3D>
            <Location3D Series="CMASI">
              <Latitude>39.981617488902096</Latitude>
              <Longitude>-120.88998892662498</Longitude>
              <Altitude>0.0</Altitude>
              <AltitudeType>MSL</AltitudeType>
            </Location3D>
            <Location3D Series="CMASI">
              <Latitude>39.98391539209865</Latitude>
              <Longitude>-120.87624625010672</Longitude>
              <Altitude>0.0</Altitude>
              <AltitudeType>MSL</AltitudeType>
            </Location3D>
            <Location3D Series="CMASI">
              <Latitude>39.99812632949169</Latitude>
              <Longitude>-120.87625509434211</Longitude>
              <Altitude>0.0</Altitude>
              <AltitudeType>MSL</AltitudeType>
            </Location3D>
            <Location3D Series="CMASI">
              <Latitude>40.00300547438646</Latitude>
              <Longitude>-120.89549102285737</Longitude>
              <Altitude>0.0</Altitude>
              <AltitudeType>MSL</AltitudeType>
            </Location3D>
            <Location3D Series="CMASI">
              <Latitude>39.99547971002279</Latitude>
              <Longitude>-120.92949614874422</Longitude>
              <Altitude>0.0</Altitude>
              <AltitudeType>MSL</AltitudeType>
            </Location3D>
            <Location3D Series="CMASI">
              <Latitude>39.97793670344266</Latitude>
              <Longitude>-120.91328993907413</Longitude>
              <Altitude>0.0</Altitude>
              <AltitudeType>MSL</AltitudeType>
            </Location3D>
          </BoundaryPoints>
        </Polygon>
      </Boundary>
    </HazardZone>
    <HazardZone Series="SEARCHAI">
      <ZoneType>Smoke</ZoneType>
      <ZoneID>3</ZoneID>
      <MinAltitude>0.0</MinAltitude>
      <MinAltitudeType>AGL</MinAltitudeType>
      <MaxAltitude>5000.0</MaxAltitude>
      <MaxAltitudeType>MSL</MaxAltitudeType>
      <AffectedAircraft/>
      <StartTime>0</StartTime>
      <EndTime>0</EndTime>
      <Padding>0.0</Padding>
      <Label/>
      <Boundary>
        <Polygon Series="CMASI">
          <BoundaryPoints>
            <Location3D Series="CMASI">
              <Latitude>39.94268020711649</Latitude>
              <Longitude>-120.91427892095649</Longitude>
              <Altitude>0.0</Altitude>
              <AltitudeType>MSL</AltitudeType>
            </Location3D>
            <Location3D Series="CMASI">
              <Latitude>39.93800962470943</Latitude>
              <Longitude>-120.92464105597321</Longitude>
              <Altitude>0.0</Altitude>
              <AltitudeType>MSL</AltitudeType>
            </Location3D>
            <Location3D Series="CMASI">
              <Latitude>39.94641667304213</Latitude>
              <Longitude>-120.93744134040564</Longitude>
              <Altitude>0.0</Altitude>
              <AltitudeType>MSL</AltitudeType>
            </Location3D>
            <Location3D Series="CMASI">
              <Latitude>39.95902724554117</Latitude>
              <Longitude>-120.9386604151135</Longitude>
              <Altitude>0.0</Altitude>
              <AltitudeType>MSL</AltitudeType>
            </Location3D>
            <Location3D Series="CMASI">
              <Latitude>39.973973109243744</Latitude>
              <Longitude>-120.94536532600668</Longitude>
              <Altitude>0.0</Altitude>
              <AltitudeType>MSL</AltitudeType>
            </Location3D>
            <Location3D Series="CMASI">
              <Latitude>39.99377153580792</Latitude>
              <Longitude>-120.92870534800062</Longitude>
              <Altitude>0.0</Altitude>
              <AltitudeType>MSL</AltitudeType>
            </Location3D>
            <Location3D Series="CMASI">
              <Latitude>39.984715448779966</Latitude>
              <Longitude>-120.90086909917012</Longitude>
              <Altitude>0.0</Altitude>
              <AltitudeType>MSL</AltitudeType>
            </Location3D>
            <Location3D Series="CMASI">
              <Latitude>39.98238015757644</Latitude>
              <Longitude>-120.87709714236705</Longitude>
              <Altitude>0.0</Altitude>
              <AltitudeType>MSL</AltitudeType>
            </Location3D>
            <Location3D Series="CMASI">
              <Latitude>39.96743429387387</Latitude>
              <Longitude>-120.86368732058068</Longitude>
              <Altitude>0.0</Altitude>
              <AltitudeType>MSL</AltitudeType>
            </Location3D>
            <Location3D Series="CMASI">
              <Latitude>39.95108725544918</Latitude>
              <Longitude>-120.8831925159063</Longitude>
              <Altitude>0.0</Altitude>
              <AltitudeType>MSL</AltitudeType>
            </Location3D>
            <Location3D Series="CMASI">
              <Latitude>39.94641667304213</Latitude>
              <Longitude>-120.90269771123191</Longitude>
              <Altitude>0.0</Altitude>
              <AltitudeType>MSL</AltitudeType>
            </Location3D>
          </BoundaryPoints>
        </Polygon>
      </Boundary>
    </HazardZone>
    <HazardZone Series="SEARCHAI">
      <ZoneType>Fire</ZoneType>
      <ZoneID>4</ZoneID>
      <MinAltitude>0.0</MinAltitude>
      <MinAltitudeType>AGL</MinAltitudeType>
      <MaxAltitude>5000.0</MaxAltitude>
      <MaxAltitudeType>MSL</MaxAltitudeType>
      <AffectedAircraft/>
      <StartTime>0</StartTime>
      <EndTime>0</EndTime>
      <Padding>0.0</Padding>
      <Label/>
      <Boundary>
        <Polygon Series="CMASI">
          <BoundaryPoints>
            <Location3D Series="CMASI">
              <Latitude>39.62080433015212</Latitude>
              <Longitude>-121.27767602964055</Longitude>
              <Altitude>0.0</Altitude>
              <AltitudeType>MSL</AltitudeType>
            </Location3D>
            <Location3D Series="CMASI">
              <Latitude>39.65032261403064</Latitude>
              <Longitude>-121.32762684746058</Longitude>
              <Altitude>0.0</Altitude>
              <AltitudeType>MSL</AltitudeType>
            </Location3D>
            <Location3D Series="CMASI">
              <Latitude>39.68785918361777</Latitude>
              <Longitude>-121.31181701830165</Longitude>
              <Altitude>0.0</Altitude>
              <AltitudeType>MSL</AltitudeType>
            </Location3D>
            <Location3D Series="CMASI">
              <Latitude>39.673506965834456</Latitude>
              <Longitude>-121.2413914156846</Longitude>
              <Altitude>0.0</Altitude>
              <AltitudeType>MSL</AltitudeType>
            </Location3D>
            <Location3D Series="CMASI">
              <Latitude>39.639282446505014</Latitude>
              <Longitude>-121.1982736997966</Longitude>
              <Altitude>0.0</Altitude>
              <AltitudeType>MSL</AltitudeType>
            </Location3D>
            <Location3D Series="CMASI">
              <Latitude>39.597329809907635</Latitude>
              <Longitude>-121.19108741381527</Longitude>
              <Altitude>0.0</Altitude>
              <AltitudeType>MSL</AltitudeType>
            </Location3D>
          </BoundaryPoints>
        </Polygon>
      </Boundary>
    </HazardZone>
    <HazardZone Series="SEARCHAI">
      <ZoneType>Smoke</ZoneType>
      <ZoneID>5</ZoneID>
      <MinAltitude>0.0</MinAltitude>
      <MinAltitudeType>AGL</MinAltitudeType>
      <MaxAltitude>5000.0</MaxAltitude>
      <MaxAltitudeType>MSL</MaxAltitudeType>
      <AffectedAircraft/>
      <StartTime>0</StartTime>
      <EndTime>0</EndTime>
      <Padding>0.0</Padding>
      <Label/>
      <Boundary>
        <Polygon Series="CMASI">
          <BoundaryPoints>
            <Location3D Series="CMASI">
              <Latitude>39.67582549440101</Latitude>
              <Longitude>-121.31742235893584</Longitude>
              <Altitude>0.0</Altitude>
              <AltitudeType>MSL</AltitudeType>
            </Location3D>
            <Location3D Series="CMASI">
              <Latitude>39.707628627296565</Latitude>
              <Longitude>-121.29310861254024</Longitude>
              <Altitude>0.0</Altitude>
              <AltitudeType>MSL</AltitudeType>
            </Location3D>
            <Location3D Series="CMASI">
              <Latitude>39.71636507926286</Latitude>
              <Longitude>-121.24118578258347</Longitude>
              <Altitude>0.0</Altitude>
              <AltitudeType>MSL</AltitudeType>
            </Location3D>
            <Location3D Series="CMASI">
              <Latitude>39.70513249816334</Latitude>
              <Longitude>-121.19494201215322</Longitude>
              <Altitude>0.0</Altitude>
              <AltitudeType>MSL</AltitudeType>
            </Location3D>
            <Location3D Series="CMASI">
              <Latitude>39.67081072258147</Latitude>
              <Longitude>-121.15924506655794</Longitude>
              <Altitude>0.0</Altitude>
              <AltitudeType>MSL</AltitudeType>
            </Location3D>
            <Location3D Series="CMASI">
              <Latitude>39.60091910685112</Latitude>
              <Longitude>-121.18926295262669</Longitude>
              <Altitude>0.0</Altitude>
              <AltitudeType>MSL</AltitudeType>
            </Location3D>
            <Location3D Series="CMASI">
              <Latitude>39.626504430466696</Latitude>
              <Longitude>-121.19494201215322</Longitude>
              <Altitude>0.0</Altitude>
              <AltitudeType>MSL</AltitudeType>
            </Location3D>
            <Location3D Series="CMASI">
              <Latitude>39.64647346353251</Latitude>
              <Longitude>-121.21522436760509</Longitude>
              <Altitude>0.0</Altitude>
              <AltitudeType>MSL</AltitudeType>
            </Location3D>
            <Location3D Series="CMASI">
              <Latitude>39.658954109198646</Latitude>
              <Longitude>-121.24605354789192</Longitude>
              <Altitude>0.0</Altitude>
              <AltitudeType>MSL</AltitudeType>
            </Location3D>
            <Location3D Series="CMASI">
              <Latitude>39.66588934362795</Latitude>
              <Longitude>-121.28149092902918</Longitude>
              <Altitude>0.0</Altitude>
              <AltitudeType>MSL</AltitudeType>
            </Location3D>
          </BoundaryPoints>
        </Polygon>
      </Boundary>
    </HazardZone>
    <HazardZoneChangeCommand Series="SEARCHAI" Time="0">
      <ZoneID>1</ZoneID>
      <GrowthRate>0.5</GrowthRate>
      <TranslationRate>0.0</TranslationRate>
      <TranslationDirection>0.0</TranslationDirection>
    </HazardZoneChangeCommand>
    <HazardZoneChangeCommand Series="SEARCHAI" Time="0">
      <ZoneID>3</ZoneID>
      <GrowthRate>0.5</GrowthRate>
      <TranslationRate>0.0</TranslationRate>
      <TranslationDirection>0.0</TranslationDirection>
    </HazardZoneChangeCommand>
    <HazardZoneChangeCommand Series="SEARCHAI" Time="0">
      <ZoneID>4</ZoneID>
      <GrowthRate>0.25</GrowthRate>
      <TranslationRate>0.0</TranslationRate>
      <TranslationDirection>0.0</TranslationDirection>
    </HazardZoneChangeCommand>
    <HazardZoneChangeCommand Series="SEARCHAI" Time="0">
      <ZoneID>5</ZoneID>
      <GrowthRate>0.25</GrowthRate>
      <TranslationRate>0.0</TranslationRate>
      <TranslationDirection>0.0</TranslationDirection>
    </HazardZoneChangeCommand>
    <WeatherReport Series="CMASI" Time="120">
      <WindSpeed>2.0</WindSpeed>
      <WindDirection>0.0</WindDirection>
      <Visibility>0.0</Visibility>
      <CloudCeiling>0.0</CloudCeiling>
      <CloudCoverage>0.0</CloudCoverage>
    </WeatherReport>
    <HazardZoneChangeCommand Series="SEARCHAI" Time="120">
      <ZoneID>1</ZoneID>
      <GrowthRate>1.0</GrowthRate>
      <TranslationRate>1.0</TranslationRate>
      <TranslationDirection>180.0</TranslationDirection>
    </HazardZoneChangeCommand>
    <HazardZoneChangeCommand Series="SEARCHAI" Time="120">
      <ZoneID>3</ZoneID>
      <GrowthRate>1.0</GrowthRate>
      <TranslationRate>2.0</TranslationRate>
      <TranslationDirection>180.0</TranslationDirection>
    </HazardZoneChangeCommand>
    <HazardZoneChangeCommand Series="SEARCHAI" Time="120">
      <ZoneID>4</ZoneID>
      <GrowthRate>0.5</GrowthRate>
      <TranslationRate>1.0</TranslationRate>
      <TranslationDirection>180.0</TranslationDirection>
    </HazardZoneChangeCommand>
    <HazardZoneChangeCommand Series="SEARCHAI" Time="120">
      <ZoneID>5</ZoneID>
      <GrowthRate>0.5</GrowthRate>
      <TranslationRate>2.0</TranslationRate>
      <TranslationDirection>180.0</TranslationDirection>
    </HazardZoneChangeCommand>
    <WeatherReport Series="CMASI" Time="700">
      <WindSpeed>4.0</WindSpeed>
      <WindDirection>180.0</WindDirection>
      <Visibility>0.0</Visibility>
      <CloudCeiling>0.0</CloudCeiling>
      <CloudCoverage>0.0</CloudCoverage>
    </WeatherReport>
    <HazardZoneChangeCommand Series="SEARCHAI" Time="700">
      <ZoneID>1</ZoneID>
      <GrowthRate>2.0</GrowthRate>
      <TranslationRate>2.0</TranslationRate>
      <TranslationDirection>0.0</TranslationDirection>
    </HazardZoneChangeCommand>
    <HazardZoneChangeCommand Series="SEARCHAI" Time="700">
      <ZoneID>3</ZoneID>
      <GrowthRate>2.0</GrowthRate>
      <TranslationRate>4.0</TranslationRate>
      <TranslationDirection>0.0</TranslationDirection>
    </HazardZoneChangeCommand>
    <HazardZoneChangeCommand Series="SEARCHAI" Time="700">
      <ZoneID>4</ZoneID>
      <GrowthRate>2.0</GrowthRate>
      <TranslationRate>2.0</TranslationRate>
      <TranslationDirection>0.0</TranslationDirection>
    </HazardZoneChangeCommand>
    <HazardZoneChangeCommand Series="SEARCHAI" Time="700">
      <ZoneID>5</ZoneID>
      <GrowthRate>2.0</GrowthRate>
      <TranslationRate>4.0</TranslationRate>
      <TranslationDirection>0.0</TranslationDirection>
    </HazardZoneChangeCommand>
    <WeatherReport Series="CMASI" Time="1200">
      <WindSpeed>3.0</WindSpeed>
      <WindDirection>135.0</WindDirection>
      <Visibility>0.0</Visibility>
      <CloudCeiling>0.0</CloudCeiling>
      <CloudCoverage>0.0</CloudCoverage>
    </WeatherReport>
    <HazardZoneChangeCommand Series="SEARCHAI" Time="1200">
      <ZoneID>1</ZoneID>
      <GrowthRate>3.0</GrowthRate>
      <TranslationRate>1.5</TranslationRate>
      <TranslationDirection>315.0</TranslationDirection>
    </HazardZoneChangeCommand>
    <HazardZoneChangeCommand Series="SEARCHAI" Time="1200">
      <ZoneID>3</ZoneID>
      <GrowthRate>3.0</GrowthRate>
      <TranslationRate>3.0</TranslationRate>
      <TranslationDirection>315.0</TranslationDirection>
    </HazardZoneChangeCommand>
    <HazardZoneChangeCommand Series="SEARCHAI" Time="1200">
      <ZoneID>4</ZoneID>
      <GrowthRate>3.5</GrowthRate>
      <TranslationRate>1.5</TranslationRate>
      <TranslationDirection>315.0</TranslationDirection>
    </HazardZoneChangeCommand>
    <HazardZoneChangeCommand Series="SEARCHAI" Time="1200">
      <ZoneID>5</ZoneID>
      <GrowthRate>3.5</GrowthRate>
      <TranslationRate>3.0</TranslationRate>
      <TranslationDirection>315.0</TranslationDirection>
    </HazardZoneChangeCommand>
    <WeatherReport Series="CMASI" Time="1600">
      <WindSpeed>2.0</WindSpeed>
      <WindDirection>0.0</WindDirection>
      <Visibility>0.0</Visibility>
      <CloudCeiling>0.0</CloudCeiling>
      <CloudCoverage>0.0</CloudCoverage>
    </WeatherReport>
    <HazardZoneChangeCommand Series="SEARCHAI" Time="1600">
      <ZoneID>1</ZoneID>
      <GrowthRate>2.0</GrowthRate>
      <TranslationRate>1.0</TranslationRate>
      <TranslationDirection>180.0</TranslationDirection>
    </HazardZoneChangeCommand>
    <HazardZoneChangeCommand Series="SEARCHAI" Time="1600">
      <ZoneID>3</ZoneID>
      <GrowthRate>2.0</GrowthRate>
      <TranslationRate>2.0</TranslationRate>
      <TranslationDirection>180.0</TranslationDirection>
    </HazardZoneChangeCommand>
    <HazardZoneChangeCommand Series="SEARCHAI" Time="1600">
      <ZoneID>4</ZoneID>
      <GrowthRate>1.5</GrowthRate>
      <TranslationRate>1.0</TranslationRate>
      <TranslationDirection>180.0</TranslationDirection>
    </HazardZoneChangeCommand>
    <HazardZoneChangeCommand Series="SEARCHAI" Time="1600">
      <ZoneID>5</ZoneID>
      <GrowthRate>1.5</GrowthRate>
      <TranslationRate>2.0</TranslationRate>
      <TranslationDirection>180.0</TranslationDirection>
    </HazardZoneChangeCommand>
    <WeatherReport Series="CMASI" Time="1800">
      <WindSpeed>0.0</WindSpeed>
      <WindDirection>0.0</WindDirection>
      <Visibility>0.0</Visibility>
      <CloudCeiling>0.0</CloudCeiling>
      <CloudCoverage>0.0</CloudCoverage>
    </WeatherReport>
    <HazardZoneChangeCommand Series="SEARCHAI" Time="1800">
      <ZoneID>1</ZoneID>
      <GrowthRate>-2.0</GrowthRate>
      <TranslationRate>0.0</TranslationRate>
      <TranslationDirection>0.0</TranslationDirection>
    </HazardZoneChangeCommand>
    <HazardZoneChangeCommand Series="SEARCHAI" Time="1800">
      <ZoneID>3</ZoneID>
      <GrowthRate>0.0</GrowthRate>
      <TranslationRate>0.0</TranslationRate>
      <TranslationDirection>0.0</TranslationDirection>
    </HazardZoneChangeCommand>
    <HazardZoneChangeCommand Series="SEARCHAI" Time="1800">
      <ZoneID>4</ZoneID>
      <GrowthRate>-1.0</GrowthRate>
      <TranslationRate>0.0</TranslationRate>
      <TranslationDirection>0.0</TranslationDirection>
    </HazardZoneChangeCommand>
    <HazardZoneChangeCommand Series="SEARCHAI" Time="1800">
      <ZoneID>5</ZoneID>
      <GrowthRate>0.0</GrowthRate>
      <TranslationRate>0.0</TranslationRate>
      <TranslationDirection>0.0</TranslationDirection>
    </HazardZoneChangeCommand>
    <WeatherReport Series="CMASI" Time="2300">
      <WindSpeed>4.0</WindSpeed>
      <WindDirection>270.0</WindDirection>
      <Visibility>0.0</Visibility>
      <CloudCeiling>0.0</CloudCeiling>
      <CloudCoverage>0.0</CloudCoverage>
    </WeatherReport>
    <HazardZoneChangeCommand Series="SEARCHAI" Time="2300">
      <ZoneID>1</ZoneID>
      <GrowthRate>2.5</GrowthRate>
      <TranslationRate>2.0</TranslationRate>
      <TranslationDirection>90.0</TranslationDirection>
    </HazardZoneChangeCommand>
    <HazardZoneChangeCommand Series="SEARCHAI" Time="2300">
      <ZoneID>3</ZoneID>
      <GrowthRate>2.5</GrowthRate>
      <TranslationRate>4.0</TranslationRate>
      <TranslationDirection>90.0</TranslationDirection>
    </HazardZoneChangeCommand>
    <HazardZoneChangeCommand Series="SEARCHAI" Time="2300">
      <ZoneID>4</ZoneID>
      <GrowthRate>1.5</GrowthRate>
      <TranslationRate>2.0</TranslationRate>
      <TranslationDirection>90.0</TranslationDirection>
    </HazardZoneChangeCommand>
    <HazardZoneChangeCommand Series="SEARCHAI" Time="2300">
      <ZoneID>5</ZoneID>
      <GrowthRate>1.5</GrowthRate>
      <TranslationRate>4.0</TranslationRate>
      <TranslationDirection>90.0</TranslationDirection>
    </HazardZoneChangeCommand>
    <WeatherReport Series="CMASI" Time="2800">
      <WindSpeed>5.0</WindSpeed>
      <WindDirection>225.0</WindDirection>
      <Visibility>0.0</Visibility>
      <CloudCeiling>0.0</CloudCeiling>
      <CloudCoverage>0.0</CloudCoverage>
    </WeatherReport>
    <HazardZoneChangeCommand Series="SEARCHAI" Time="2800">
      <ZoneID>1</ZoneID>
      <GrowthRate>-1.5</GrowthRate>
      <TranslationRate>2.5</TranslationRate>
      <TranslationDirection>45.0</TranslationDirection>
    </HazardZoneChangeCommand>
    <HazardZoneChangeCommand Series="SEARCHAI" Time="2800">
      <ZoneID>3</ZoneID>
      <GrowthRate>0.0</GrowthRate>
      <TranslationRate>5.0</TranslationRate>
      <TranslationDirection>45.0</TranslationDirection>
    </HazardZoneChangeCommand>
    <HazardZoneChangeCommand Series="SEARCHAI" Time="2800">
      <ZoneID>4</ZoneID>
      <GrowthRate>-0.5</GrowthRate>
      <TranslationRate>2.5</TranslationRate>
      <TranslationDirection>45.0</TranslationDirection>
    </HazardZoneChangeCommand>
    <HazardZoneChangeCommand Series="SEARCHAI" Time="2800">
      <ZoneID>5</ZoneID>
      <GrowthRate>0.0</GrowthRate>
      <TranslationRate>5.0</TranslationRate>
      <TranslationDirection>45.0</TranslationDirection>
    </HazardZoneChangeCommand>
    <WeatherReport Series="CMASI" Time="3450">
      <WindSpeed>0.0</WindSpeed>
      <WindDirection>0.0</WindDirection>
      <Visibility>0.0</Visibility>
      <CloudCeiling>0.0</CloudCeiling>
      <CloudCoverage>0.0</CloudCoverage>
    </WeatherReport>
    <HazardZoneChangeCommand Series="SEARCHAI" Time="3450">
      <ZoneID>1</ZoneID>
      <GrowthRate>0.0</GrowthRate>
      <TranslationRate>0.0</TranslationRate>
      <TranslationDirection>0.0</TranslationDirection>
    </HazardZoneChangeCommand>
    <HazardZoneChangeCommand Series="SEARCHAI" Time="3450">
      <ZoneID>3</ZoneID>
      <GrowthRate>0.0</GrowthRate>
      <TranslationRate>0.0</TranslationRate>
      <TranslationDirection>0.0</TranslationDirection>
    </HazardZoneChangeCommand>
    <HazardZoneChangeCommand Series="SEARCHAI" Time="3450">
      <ZoneID>4</ZoneID>
      <GrowthRate>0.0</GrowthRate>
      <TranslationRate>0.0</TranslationRate>
      <TranslationDirection>0.0</TranslationDirection>
    </HazardZoneChangeCommand>
    <HazardZoneChangeCommand Series="SEARCHAI" Time="3450">
      <ZoneID>5</ZoneID>
      <GrowthRate>0.0</GrowthRate>
      <TranslationRate>0.0</TranslationRate>
      <TranslationDirection>0.0</TranslationDirection>
    </HazardZoneChangeCommand>
  </ScenarioEventList>
</AMASE>
