<?xml version="1.0" ?>

<AMASE>
  <ScenarioData>
    <SimulationView LongExtent="0.5" Latitude="1.4927" Longitude="-132.5372"/>
    <ScenarioName>Challenge 2C Practice Scenario</ScenarioName>
    <Date>24/04/2008:00:00:00</Date>
    <ScenarioDuration>3601.08</ScenarioDuration>
  </ScenarioData>
  <ScenarioEventList>
    <KeepInZone Series="CMASI">
      <ZoneID>2</ZoneID>
      <MinAltitude>0.0</MinAltitude>
      <MinAltitudeType>AGL</MinAltitudeType>
      <MaxAltitude>5000.0</MaxAltitude>
      <MaxAltitudeType>MSL</MaxAltitudeType>
      <AffectedAircraft/>
      <StartTime>0</StartTime>
      <EndTime>0</EndTime>
      <Padding>0.0</Padding>
      <Label/>
      <Boundary>
        <Rectangle Series="CMASI">
          <CenterPoint>
            <Location3D Series="CMASI">
              <Latitude>1.4859422667171447</Latitude>
              <Longitude>-132.53555929799953</Longitude>
              <Altitude>0.0</Altitude>
              <AltitudeType>MSL</AltitudeType>
            </Location3D>
          </CenterPoint>
          <Width>40233.6</Width>
          <Height>40233.6</Height>
          <Rotation>0.0</Rotation>
        </Rectangle>
      </Boundary>
    </KeepInZone>
    <AirVehicleConfiguration Time="0.0" Series="CMASI">
      <MinimumSpeed>15.0</MinimumSpeed>
      <MaximumSpeed>35.0</MaximumSpeed>
      <NominalFlightProfile>
        <FlightProfile Series="CMASI">
          <Name>Cruise</Name>
          <Airspeed>30.0</Airspeed>
          <PitchAngle>0.0</PitchAngle>
          <VerticalSpeed>0.0</VerticalSpeed>
          <MaxBankAngle>30.0</MaxBankAngle>
          <EnergyRate>0.0</EnergyRate>
        </FlightProfile>
      </NominalFlightProfile>
      <AlternateFlightProfiles>
        <FlightProfile Series="CMASI">
          <Name>Climb</Name>
          <Airspeed>25.0</Airspeed>
          <PitchAngle>10.0</PitchAngle>
          <VerticalSpeed>5.0</VerticalSpeed>
          <MaxBankAngle>30.0</MaxBankAngle>
          <EnergyRate>0.0</EnergyRate>
        </FlightProfile>
        <FlightProfile Series="CMASI">
          <Name>Descent</Name>
          <Airspeed>25.0</Airspeed>
          <PitchAngle>-5.0</PitchAngle>
          <VerticalSpeed>-5.0</VerticalSpeed>
          <MaxBankAngle>30.0</MaxBankAngle>
          <EnergyRate>0.0</EnergyRate>
        </FlightProfile>
        <FlightProfile Series="CMASI">
          <Name>Loiter</Name>
          <Airspeed>20.0</Airspeed>
          <PitchAngle>5.0</PitchAngle>
          <VerticalSpeed>0.0</VerticalSpeed>
          <MaxBankAngle>30.0</MaxBankAngle>
          <EnergyRate>0.0</EnergyRate>
        </FlightProfile>
        <FlightProfile Series="CMASI">
          <Name>Dash</Name>
          <Airspeed>35.0</Airspeed>
          <PitchAngle>-2.0</PitchAngle>
          <VerticalSpeed>0.0</VerticalSpeed>
          <MaxBankAngle>30.0</MaxBankAngle>
          <EnergyRate>0.0</EnergyRate>
        </FlightProfile>
      </AlternateFlightProfiles>
      <AvailableLoiterTypes>
        <LoiterType>Circular</LoiterType>
        <LoiterType>Racetrack</LoiterType>
        <LoiterType>FigureEight</LoiterType>
      </AvailableLoiterTypes>
      <AvailableTurnTypes>
        <TurnType>TurnShort</TurnType>
        <TurnType>FlyOver</TurnType>
      </AvailableTurnTypes>
      <MinimumAltitude>0.0</MinimumAltitude>
      <MinAltitudeType>AGL</MinAltitudeType>
      <MaximumAltitude>1000000.0</MaximumAltitude>
      <MaxAltitudeType>MSL</MaxAltitudeType>
      <ID>1</ID>
      <Affiliation>Unknown</Affiliation>
      <EntityType/>
      <Label>UAV1</Label>
      <NominalSpeed>0.0</NominalSpeed>
      <NominalAltitude>0.0</NominalAltitude>
      <NominalAltitudeType>AGL</NominalAltitudeType>
      <PayloadConfigurationList>
        <GimbalConfiguration Series="CMASI">
          <SupportedPointingModes/>
          <MinAzimuth>-180.0</MinAzimuth>
          <MaxAzimuth>180.0</MaxAzimuth>
          <IsAzimuthClamped>false</IsAzimuthClamped>
          <MinElevation>-90.0</MinElevation>
          <MaxElevation>0.0</MaxElevation>
          <IsElevationClamped>false</IsElevationClamped>
          <MinRotation>0.0</MinRotation>
          <MaxRotation>0.0</MaxRotation>
          <IsRotationClamped>true</IsRotationClamped>
          <MaxAzimuthSlewRate>720.0</MaxAzimuthSlewRate>
          <MaxElevationSlewRate>720.0</MaxElevationSlewRate>
          <MaxRotationRate>0.0</MaxRotationRate>
          <ContainedPayloadList>
            <int64>2</int64>
            <int64>3</int64>
          </ContainedPayloadList>
          <PayloadID>1</PayloadID>
          <PayloadKind/>
          <Parameters/>
        </GimbalConfiguration>
        <CameraConfiguration Series="CMASI">
          <SupportedWavelengthBand>EO</SupportedWavelengthBand>
          <FieldOfViewMode>Continuous</FieldOfViewMode>
          <MinHorizontalFieldOfView>55.0</MinHorizontalFieldOfView>
          <MaxHorizontalFieldOfView>55.0</MaxHorizontalFieldOfView>
          <DiscreteHorizontalFieldOfViewList/>
          <VideoStreamHorizontalResolution>1024</VideoStreamHorizontalResolution>
          <VideoStreamVerticalResolution>768</VideoStreamVerticalResolution>
          <PayloadID>2</PayloadID>
          <PayloadKind/>
          <Parameters/>
        </CameraConfiguration>
        <HazardSensorConfiguration Series="SEARCHAI">
          <MaxRange>500.0</MaxRange>
          <HorizontalFOV>10.0</HorizontalFOV>
          <VerticalFOV>10.0</VerticalFOV>
          <DetectableHazardTypes>
            <HazardType>Fire</HazardType>
            <HazardType>Smoke</HazardType>
          </DetectableHazardTypes>
          <PayloadID>3</PayloadID>
          <PayloadKind/>
          <Parameters/>
        </HazardSensorConfiguration>
      </PayloadConfigurationList>
      <Info/>
    </AirVehicleConfiguration>
    <AirVehicleState Time="0.0" Series="CMASI">
      <Airspeed>15.0</Airspeed>
      <VerticalSpeed>0.0</VerticalSpeed>
      <WindSpeed>0.0</WindSpeed>
      <WindDirection>0.0</WindDirection>
      <ID>1</ID>
      <u>0.0</u>
      <v>0.0</v>
      <w>0.0</w>
      <udot>0.0</udot>
      <vdot>0.0</vdot>
      <wdot>0.0</wdot>
      <Heading>90.0</Heading>
      <Pitch>0.0</Pitch>
      <Roll>0.0</Roll>
      <p>0.0</p>
      <q>0.0</q>
      <r>0.0</r>
      <Course>0.0</Course>
      <Groundspeed>0.0</Groundspeed>
      <Location>
        <Location3D Series="CMASI">
          <Latitude>1.4751056366522783</Latitude>
          <Longitude>-132.6886028337006</Longitude>
          <Altitude>100.0</Altitude>
          <AltitudeType>MSL</AltitudeType>
        </Location3D>
      </Location>
      <EnergyAvailable>100.0</EnergyAvailable>
      <ActualEnergyRate>0.0</ActualEnergyRate>
      <PayloadStateList>
        <GimbalState Series="CMASI">
          <PointingMode>AirVehicleRelativeAngle</PointingMode>
          <Azimuth>0.0</Azimuth>
          <Elevation>-45.0</Elevation>
          <Rotation>0.0</Rotation>
          <PayloadID>1</PayloadID>
          <Parameters/>
        </GimbalState>
        <CameraState Series="CMASI">
          <HorizontalFieldOfView>60.0</HorizontalFieldOfView>
          <VerticalFieldOfView>0.0</VerticalFieldOfView>
          <Footprint/>
          <PointingMode>Unknown</PointingMode>
          <Azimuth>0.0</Azimuth>
          <Elevation>0.0</Elevation>
          <Rotation>0.0</Rotation>
          <PayloadID>2</PayloadID>
          <Parameters/>
        </CameraState>
        <HazardSensorState Series="SEARCHAI">
          <HorizontalFieldOfView>0.0</HorizontalFieldOfView>
          <VerticalFieldOfView>0.0</VerticalFieldOfView>
          <Footprint/>
          <PointingMode>Unknown</PointingMode>
          <Azimuth>0.0</Azimuth>
          <Elevation>0.0</Elevation>
          <Rotation>0.0</Rotation>
          <PayloadID>3</PayloadID>
          <Parameters/>
        </HazardSensorState>
      </PayloadStateList>
      <CurrentWaypoint>0</CurrentWaypoint>
      <CurrentCommand>0</CurrentCommand>
      <Mode>Waypoint</Mode>
      <AssociatedTasks/>
      <Time>0</Time>
      <Info/>
    </AirVehicleState>
    <AirVehicleConfiguration Time="0.0" Series="CMASI">
      <MinimumSpeed>15.0</MinimumSpeed>
      <MaximumSpeed>35.0</MaximumSpeed>
      <NominalFlightProfile>
        <FlightProfile Series="CMASI">
          <Name>Cruise</Name>
          <Airspeed>30.0</Airspeed>
          <PitchAngle>0.0</PitchAngle>
          <VerticalSpeed>0.0</VerticalSpeed>
          <MaxBankAngle>30.0</MaxBankAngle>
          <EnergyRate>0.0</EnergyRate>
        </FlightProfile>
      </NominalFlightProfile>
      <AlternateFlightProfiles>
        <FlightProfile Series="CMASI">
          <Name>Climb</Name>
          <Airspeed>25.0</Airspeed>
          <PitchAngle>10.0</PitchAngle>
          <VerticalSpeed>5.0</VerticalSpeed>
          <MaxBankAngle>30.0</MaxBankAngle>
          <EnergyRate>0.0</EnergyRate>
        </FlightProfile>
        <FlightProfile Series="CMASI">
          <Name>Descent</Name>
          <Airspeed>25.0</Airspeed>
          <PitchAngle>-5.0</PitchAngle>
          <VerticalSpeed>-5.0</VerticalSpeed>
          <MaxBankAngle>30.0</MaxBankAngle>
          <EnergyRate>0.0</EnergyRate>
        </FlightProfile>
        <FlightProfile Series="CMASI">
          <Name>Loiter</Name>
          <Airspeed>20.0</Airspeed>
          <PitchAngle>5.0</PitchAngle>
          <VerticalSpeed>0.0</VerticalSpeed>
          <MaxBankAngle>30.0</MaxBankAngle>
          <EnergyRate>0.0</EnergyRate>
        </FlightProfile>
        <FlightProfile Series="CMASI">
          <Name>Dash</Name>
          <Airspeed>35.0</Airspeed>
          <PitchAngle>-2.0</PitchAngle>
          <VerticalSpeed>0.0</VerticalSpeed>
          <MaxBankAngle>30.0</MaxBankAngle>
          <EnergyRate>0.0</EnergyRate>
        </FlightProfile>
      </AlternateFlightProfiles>
      <AvailableLoiterTypes>
        <LoiterType>Circular</LoiterType>
        <LoiterType>Racetrack</LoiterType>
        <LoiterType>FigureEight</LoiterType>
      </AvailableLoiterTypes>
      <AvailableTurnTypes>
        <TurnType>TurnShort</TurnType>
        <TurnType>FlyOver</TurnType>
      </AvailableTurnTypes>
      <MinimumAltitude>0.0</MinimumAltitude>
      <MinAltitudeType>AGL</MinAltitudeType>
      <MaximumAltitude>1000000.0</MaximumAltitude>
      <MaxAltitudeType>MSL</MaxAltitudeType>
      <ID>2</ID>
      <Affiliation>Unknown</Affiliation>
      <EntityType/>
      <Label>UAV2</Label>
      <NominalSpeed>0.0</NominalSpeed>
      <NominalAltitude>0.0</NominalAltitude>
      <NominalAltitudeType>AGL</NominalAltitudeType>
      <PayloadConfigurationList>
        <GimbalConfiguration Series="CMASI">
          <SupportedPointingModes/>
          <MinAzimuth>-180.0</MinAzimuth>
          <MaxAzimuth>180.0</MaxAzimuth>
          <IsAzimuthClamped>false</IsAzimuthClamped>
          <MinElevation>-90.0</MinElevation>
          <MaxElevation>0.0</MaxElevation>
          <IsElevationClamped>false</IsElevationClamped>
          <MinRotation>0.0</MinRotation>
          <MaxRotation>0.0</MaxRotation>
          <IsRotationClamped>true</IsRotationClamped>
          <MaxAzimuthSlewRate>720.0</MaxAzimuthSlewRate>
          <MaxElevationSlewRate>720.0</MaxElevationSlewRate>
          <MaxRotationRate>0.0</MaxRotationRate>
          <ContainedPayloadList>
            <int64>2</int64>
            <int64>3</int64>
          </ContainedPayloadList>
          <PayloadID>1</PayloadID>
          <PayloadKind/>
          <Parameters/>
        </GimbalConfiguration>
        <CameraConfiguration Series="CMASI">
          <SupportedWavelengthBand>EO</SupportedWavelengthBand>
          <FieldOfViewMode>Continuous</FieldOfViewMode>
          <MinHorizontalFieldOfView>55.0</MinHorizontalFieldOfView>
          <MaxHorizontalFieldOfView>55.0</MaxHorizontalFieldOfView>
          <DiscreteHorizontalFieldOfViewList/>
          <VideoStreamHorizontalResolution>1024</VideoStreamHorizontalResolution>
          <VideoStreamVerticalResolution>768</VideoStreamVerticalResolution>
          <PayloadID>2</PayloadID>
          <PayloadKind/>
          <Parameters/>
        </CameraConfiguration>
        <HazardSensorConfiguration Series="SEARCHAI">
          <MaxRange>500.0</MaxRange>
          <HorizontalFOV>10.0</HorizontalFOV>
          <VerticalFOV>10.0</VerticalFOV>
          <DetectableHazardTypes>
            <HazardType>Fire</HazardType>
            <HazardType>Smoke</HazardType>
          </DetectableHazardTypes>
          <PayloadID>3</PayloadID>
          <PayloadKind/>
          <Parameters/>
        </HazardSensorConfiguration>
      </PayloadConfigurationList>
      <Info/>
    </AirVehicleConfiguration>
    <AirVehicleState Time="0.0" Series="CMASI">
      <Airspeed>15.0</Airspeed>
      <VerticalSpeed>0.0</VerticalSpeed>
      <WindSpeed>0.0</WindSpeed>
      <WindDirection>0.0</WindDirection>
      <ID>2</ID>
      <u>0.0</u>
      <v>0.0</v>
      <w>0.0</w>
      <udot>0.0</udot>
      <vdot>0.0</vdot>
      <wdot>0.0</wdot>
      <Heading>0.0</Heading>
      <Pitch>0.0</Pitch>
      <Roll>0.0</Roll>
      <p>0.0</p>
      <q>0.0</q>
      <r>0.0</r>
      <Course>0.0</Course>
      <Groundspeed>0.0</Groundspeed>
      <Location>
        <Location3D Series="CMASI">
          <Latitude>1.3253504411409016</Latitude>
          <Longitude>-132.5297885557866</Longitude>
          <Altitude>100.0</Altitude>
          <AltitudeType>MSL</AltitudeType>
        </Location3D>
      </Location>
      <EnergyAvailable>100.0</EnergyAvailable>
      <ActualEnergyRate>0.0</ActualEnergyRate>
      <PayloadStateList>
        <GimbalState Series="CMASI">
          <PointingMode>AirVehicleRelativeAngle</PointingMode>
          <Azimuth>0.0</Azimuth>
          <Elevation>-45.0</Elevation>
          <Rotation>0.0</Rotation>
          <PayloadID>1</PayloadID>
          <Parameters/>
        </GimbalState>
        <CameraState Series="CMASI">
          <HorizontalFieldOfView>60.0</HorizontalFieldOfView>
          <VerticalFieldOfView>0.0</VerticalFieldOfView>
          <Footprint/>
          <PointingMode>Unknown</PointingMode>
          <Azimuth>0.0</Azimuth>
          <Elevation>0.0</Elevation>
          <Rotation>0.0</Rotation>
          <PayloadID>2</PayloadID>
          <Parameters/>
        </CameraState>
        <HazardSensorState Series="SEARCHAI">
          <HorizontalFieldOfView>0.0</HorizontalFieldOfView>
          <VerticalFieldOfView>0.0</VerticalFieldOfView>
          <Footprint/>
          <PointingMode>Unknown</PointingMode>
          <Azimuth>0.0</Azimuth>
          <Elevation>0.0</Elevation>
          <Rotation>0.0</Rotation>
          <PayloadID>3</PayloadID>
          <Parameters/>
        </HazardSensorState>
      </PayloadStateList>
      <CurrentWaypoint>0</CurrentWaypoint>
      <CurrentCommand>0</CurrentCommand>
      <Mode>Waypoint</Mode>
      <AssociatedTasks/>
      <Time>0</Time>
      <Info/>
    </AirVehicleState>
    <AirVehicleConfiguration Time="0.0" Series="CMASI">
      <MinimumSpeed>15.0</MinimumSpeed>
      <MaximumSpeed>35.0</MaximumSpeed>
      <NominalFlightProfile>
        <FlightProfile Series="CMASI">
          <Name>Cruise</Name>
          <Airspeed>30.0</Airspeed>
          <PitchAngle>0.0</PitchAngle>
          <VerticalSpeed>0.0</VerticalSpeed>
          <MaxBankAngle>30.0</MaxBankAngle>
          <EnergyRate>0.0</EnergyRate>
        </FlightProfile>
      </NominalFlightProfile>
      <AlternateFlightProfiles>
        <FlightProfile Series="CMASI">
          <Name>Climb</Name>
          <Airspeed>25.0</Airspeed>
          <PitchAngle>10.0</PitchAngle>
          <VerticalSpeed>5.0</VerticalSpeed>
          <MaxBankAngle>30.0</MaxBankAngle>
          <EnergyRate>0.0</EnergyRate>
        </FlightProfile>
        <FlightProfile Series="CMASI">
          <Name>Descent</Name>
          <Airspeed>25.0</Airspeed>
          <PitchAngle>-5.0</PitchAngle>
          <VerticalSpeed>-5.0</VerticalSpeed>
          <MaxBankAngle>30.0</MaxBankAngle>
          <EnergyRate>0.0</EnergyRate>
        </FlightProfile>
        <FlightProfile Series="CMASI">
          <Name>Loiter</Name>
          <Airspeed>20.0</Airspeed>
          <PitchAngle>5.0</PitchAngle>
          <VerticalSpeed>0.0</VerticalSpeed>
          <MaxBankAngle>30.0</MaxBankAngle>
          <EnergyRate>0.0</EnergyRate>
        </FlightProfile>
        <FlightProfile Series="CMASI">
          <Name>Dash</Name>
          <Airspeed>35.0</Airspeed>
          <PitchAngle>-2.0</PitchAngle>
          <VerticalSpeed>0.0</VerticalSpeed>
          <MaxBankAngle>30.0</MaxBankAngle>
          <EnergyRate>0.0</EnergyRate>
        </FlightProfile>
      </AlternateFlightProfiles>
      <AvailableLoiterTypes>
        <LoiterType>Circular</LoiterType>
        <LoiterType>Racetrack</LoiterType>
        <LoiterType>FigureEight</LoiterType>
      </AvailableLoiterTypes>
      <AvailableTurnTypes>
        <TurnType>TurnShort</TurnType>
        <TurnType>FlyOver</TurnType>
      </AvailableTurnTypes>
      <MinimumAltitude>0.0</MinimumAltitude>
      <MinAltitudeType>AGL</MinAltitudeType>
      <MaximumAltitude>1000000.0</MaximumAltitude>
      <MaxAltitudeType>MSL</MaxAltitudeType>
      <ID>3</ID>
      <Affiliation>Unknown</Affiliation>
      <EntityType/>
      <Label>UAV3</Label>
      <NominalSpeed>0.0</NominalSpeed>
      <NominalAltitude>0.0</NominalAltitude>
      <NominalAltitudeType>AGL</NominalAltitudeType>
      <PayloadConfigurationList>
        <GimbalConfiguration Series="CMASI">
          <SupportedPointingModes/>
          <MinAzimuth>-180.0</MinAzimuth>
          <MaxAzimuth>180.0</MaxAzimuth>
          <IsAzimuthClamped>false</IsAzimuthClamped>
          <MinElevation>-90.0</MinElevation>
          <MaxElevation>0.0</MaxElevation>
          <IsElevationClamped>false</IsElevationClamped>
          <MinRotation>0.0</MinRotation>
          <MaxRotation>0.0</MaxRotation>
          <IsRotationClamped>true</IsRotationClamped>
          <MaxAzimuthSlewRate>720.0</MaxAzimuthSlewRate>
          <MaxElevationSlewRate>720.0</MaxElevationSlewRate>
          <MaxRotationRate>0.0</MaxRotationRate>
          <ContainedPayloadList>
            <int64>2</int64>
            <int64>3</int64>
          </ContainedPayloadList>
          <PayloadID>1</PayloadID>
          <PayloadKind/>
          <Parameters/>
        </GimbalConfiguration>
        <CameraConfiguration Series="CMASI">
          <SupportedWavelengthBand>EO</SupportedWavelengthBand>
          <FieldOfViewMode>Continuous</FieldOfViewMode>
          <MinHorizontalFieldOfView>55.0</MinHorizontalFieldOfView>
          <MaxHorizontalFieldOfView>55.0</MaxHorizontalFieldOfView>
          <DiscreteHorizontalFieldOfViewList/>
          <VideoStreamHorizontalResolution>1024</VideoStreamHorizontalResolution>
          <VideoStreamVerticalResolution>768</VideoStreamVerticalResolution>
          <PayloadID>2</PayloadID>
          <PayloadKind/>
          <Parameters/>
        </CameraConfiguration>
        <HazardSensorConfiguration Series="SEARCHAI">
          <MaxRange>500.0</MaxRange>
          <HorizontalFOV>10.0</HorizontalFOV>
          <VerticalFOV>10.0</VerticalFOV>
          <DetectableHazardTypes>
            <HazardType>Fire</HazardType>
            <HazardType>Smoke</HazardType>
          </DetectableHazardTypes>
          <PayloadID>3</PayloadID>
          <PayloadKind/>
          <Parameters/>
        </HazardSensorConfiguration>
      </PayloadConfigurationList>
      <Info/>
    </AirVehicleConfiguration>
    <AirVehicleState Series="CMASI">
      <Airspeed>15.0</Airspeed>
      <VerticalSpeed>0.0</VerticalSpeed>
      <WindSpeed>0.0</WindSpeed>
      <WindDirection>0.0</WindDirection>
      <ID>3</ID>
      <u>0.0</u>
      <v>0.0</v>
      <w>0.0</w>
      <udot>0.0</udot>
      <vdot>0.0</vdot>
      <wdot>0.0</wdot>
      <Heading>90.0</Heading>
      <Pitch>0.0</Pitch>
      <Roll>0.0</Roll>
      <p>0.0</p>
      <q>0.0</q>
      <r>0.0</r>
      <Course>0.0</Course>
      <Groundspeed>0.0</Groundspeed>
      <Location>
        <Location3D Series="CMASI">
          <Latitude>1.4749817404297676</Latitude>
          <Longitude>-132.69095763961624</Longitude>
          <Altitude>100.0</Altitude>
          <AltitudeType>MSL</AltitudeType>
        </Location3D>
      </Location>
      <EnergyAvailable>100.0</EnergyAvailable>
      <ActualEnergyRate>0.0</ActualEnergyRate>
      <PayloadStateList>
        <GimbalState Series="CMASI">
          <PointingMode>AirVehicleRelativeAngle</PointingMode>
          <Azimuth>0.0</Azimuth>
          <Elevation>-45.0</Elevation>
          <Rotation>0.0</Rotation>
          <PayloadID>1</PayloadID>
          <Parameters/>
        </GimbalState>
        <CameraState Series="CMASI">
          <HorizontalFieldOfView>60.0</HorizontalFieldOfView>
          <VerticalFieldOfView>0.0</VerticalFieldOfView>
          <Footprint/>
          <PointingMode>Unknown</PointingMode>
          <Azimuth>0.0</Azimuth>
          <Elevation>0.0</Elevation>
          <Rotation>0.0</Rotation>
          <PayloadID>2</PayloadID>
          <Parameters/>
        </CameraState>
        <HazardSensorState Series="SEARCHAI">
          <HorizontalFieldOfView>0.0</HorizontalFieldOfView>
          <VerticalFieldOfView>0.0</VerticalFieldOfView>
          <Footprint/>
          <PointingMode>Unknown</PointingMode>
          <Azimuth>0.0</Azimuth>
          <Elevation>0.0</Elevation>
          <Rotation>0.0</Rotation>
          <PayloadID>3</PayloadID>
          <Parameters/>
        </HazardSensorState>
      </PayloadStateList>
      <CurrentWaypoint>0</CurrentWaypoint>
      <CurrentCommand>0</CurrentCommand>
      <Mode>Waypoint</Mode>
      <AssociatedTasks/>
      <Time>0</Time>
      <Info/>
    </AirVehicleState>
    <AirVehicleConfiguration Time="0.0" Series="CMASI">
      <MinimumSpeed>15.0</MinimumSpeed>
      <MaximumSpeed>35.0</MaximumSpeed>
      <NominalFlightProfile>
        <FlightProfile Series="CMASI">
          <Name>Cruise</Name>
          <Airspeed>30.0</Airspeed>
          <PitchAngle>0.0</PitchAngle>
          <VerticalSpeed>0.0</VerticalSpeed>
          <MaxBankAngle>30.0</MaxBankAngle>
          <EnergyRate>0.0</EnergyRate>
        </FlightProfile>
      </NominalFlightProfile>
      <AlternateFlightProfiles>
        <FlightProfile Series="CMASI">
          <Name>Climb</Name>
          <Airspeed>25.0</Airspeed>
          <PitchAngle>10.0</PitchAngle>
          <VerticalSpeed>5.0</VerticalSpeed>
          <MaxBankAngle>30.0</MaxBankAngle>
          <EnergyRate>0.0</EnergyRate>
        </FlightProfile>
        <FlightProfile Series="CMASI">
          <Name>Descent</Name>
          <Airspeed>25.0</Airspeed>
          <PitchAngle>-5.0</PitchAngle>
          <VerticalSpeed>-5.0</VerticalSpeed>
          <MaxBankAngle>30.0</MaxBankAngle>
          <EnergyRate>0.0</EnergyRate>
        </FlightProfile>
        <FlightProfile Series="CMASI">
          <Name>Loiter</Name>
          <Airspeed>20.0</Airspeed>
          <PitchAngle>5.0</PitchAngle>
          <VerticalSpeed>0.0</VerticalSpeed>
          <MaxBankAngle>30.0</MaxBankAngle>
          <EnergyRate>0.0</EnergyRate>
        </FlightProfile>
        <FlightProfile Series="CMASI">
          <Name>Dash</Name>
          <Airspeed>35.0</Airspeed>
          <PitchAngle>-2.0</PitchAngle>
          <VerticalSpeed>0.0</VerticalSpeed>
          <MaxBankAngle>30.0</MaxBankAngle>
          <EnergyRate>0.0</EnergyRate>
        </FlightProfile>
      </AlternateFlightProfiles>
      <AvailableLoiterTypes>
        <LoiterType>Circular</LoiterType>
        <LoiterType>Racetrack</LoiterType>
        <LoiterType>FigureEight</LoiterType>
      </AvailableLoiterTypes>
      <AvailableTurnTypes>
        <TurnType>TurnShort</TurnType>
        <TurnType>FlyOver</TurnType>
      </AvailableTurnTypes>
      <MinimumAltitude>0.0</MinimumAltitude>
      <MinAltitudeType>AGL</MinAltitudeType>
      <MaximumAltitude>1000000.0</MaximumAltitude>
      <MaxAltitudeType>MSL</MaxAltitudeType>
      <ID>4</ID>
      <Affiliation>Unknown</Affiliation>
      <EntityType/>
      <Label>UAV4</Label>
      <NominalSpeed>0.0</NominalSpeed>
      <NominalAltitude>0.0</NominalAltitude>
      <NominalAltitudeType>AGL</NominalAltitudeType>
      <PayloadConfigurationList>
        <GimbalConfiguration Series="CMASI">
          <SupportedPointingModes/>
          <MinAzimuth>-180.0</MinAzimuth>
          <MaxAzimuth>180.0</MaxAzimuth>
          <IsAzimuthClamped>false</IsAzimuthClamped>
          <MinElevation>-90.0</MinElevation>
          <MaxElevation>0.0</MaxElevation>
          <IsElevationClamped>false</IsElevationClamped>
          <MinRotation>0.0</MinRotation>
          <MaxRotation>0.0</MaxRotation>
          <IsRotationClamped>true</IsRotationClamped>
          <MaxAzimuthSlewRate>720.0</MaxAzimuthSlewRate>
          <MaxElevationSlewRate>720.0</MaxElevationSlewRate>
          <MaxRotationRate>0.0</MaxRotationRate>
          <ContainedPayloadList>
            <int64>2</int64>
            <int64>3</int64>
          </ContainedPayloadList>
          <PayloadID>1</PayloadID>
          <PayloadKind/>
          <Parameters/>
        </GimbalConfiguration>
        <CameraConfiguration Series="CMASI">
          <SupportedWavelengthBand>EO</SupportedWavelengthBand>
          <FieldOfViewMode>Continuous</FieldOfViewMode>
          <MinHorizontalFieldOfView>55.0</MinHorizontalFieldOfView>
          <MaxHorizontalFieldOfView>55.0</MaxHorizontalFieldOfView>
          <DiscreteHorizontalFieldOfViewList/>
          <VideoStreamHorizontalResolution>1024</VideoStreamHorizontalResolution>
          <VideoStreamVerticalResolution>768</VideoStreamVerticalResolution>
          <PayloadID>2</PayloadID>
          <PayloadKind/>
          <Parameters/>
        </CameraConfiguration>
        <HazardSensorConfiguration Series="SEARCHAI">
          <MaxRange>500.0</MaxRange>
          <HorizontalFOV>10.0</HorizontalFOV>
          <VerticalFOV>10.0</VerticalFOV>
          <DetectableHazardTypes>
            <HazardType>Fire</HazardType>
            <HazardType>Smoke</HazardType>
          </DetectableHazardTypes>
          <PayloadID>3</PayloadID>
          <PayloadKind/>
          <Parameters/>
        </HazardSensorConfiguration>
      </PayloadConfigurationList>
      <Info/>
    </AirVehicleConfiguration>
    <AirVehicleState Series="CMASI">
      <Airspeed>15.0</Airspeed>
      <VerticalSpeed>0.0</VerticalSpeed>
      <WindSpeed>0.0</WindSpeed>
      <WindDirection>0.0</WindDirection>
      <ID>4</ID>
      <u>0.0</u>
      <v>0.0</v>
      <w>0.0</w>
      <udot>0.0</udot>
      <vdot>0.0</vdot>
      <wdot>0.0</wdot>
      <Heading>0.0</Heading>
      <Pitch>0.0</Pitch>
      <Roll>0.0</Roll>
      <p>0.0</p>
      <q>0.0</q>
      <r>0.0</r>
      <Course>0.0</Course>
      <Groundspeed>0.0</Groundspeed>
      <Location>
        <Location3D Series="CMASI">
          <Latitude>1.3253504411409016</Latitude>
          <Longitude>-132.53260530927417</Longitude>
          <Altitude>100.0</Altitude>
          <AltitudeType>MSL</AltitudeType>
        </Location3D>
      </Location>
      <EnergyAvailable>100.0</EnergyAvailable>
      <ActualEnergyRate>0.0</ActualEnergyRate>
      <PayloadStateList>
        <GimbalState Series="CMASI">
          <PointingMode>AirVehicleRelativeAngle</PointingMode>
          <Azimuth>0.0</Azimuth>
          <Elevation>-45.0</Elevation>
          <Rotation>0.0</Rotation>
          <PayloadID>1</PayloadID>
          <Parameters/>
        </GimbalState>
        <CameraState Series="CMASI">
          <HorizontalFieldOfView>60.0</HorizontalFieldOfView>
          <VerticalFieldOfView>0.0</VerticalFieldOfView>
          <Footprint/>
          <PointingMode>Unknown</PointingMode>
          <Azimuth>0.0</Azimuth>
          <Elevation>0.0</Elevation>
          <Rotation>0.0</Rotation>
          <PayloadID>2</PayloadID>
          <Parameters/>
        </CameraState>
        <HazardSensorState Series="SEARCHAI">
          <HorizontalFieldOfView>0.0</HorizontalFieldOfView>
          <VerticalFieldOfView>0.0</VerticalFieldOfView>
          <Footprint/>
          <PointingMode>Unknown</PointingMode>
          <Azimuth>0.0</Azimuth>
          <Elevation>0.0</Elevation>
          <Rotation>0.0</Rotation>
          <PayloadID>3</PayloadID>
          <Parameters/>
        </HazardSensorState>
      </PayloadStateList>
      <CurrentWaypoint>0</CurrentWaypoint>
      <CurrentCommand>0</CurrentCommand>
      <Mode>Waypoint</Mode>
      <AssociatedTasks/>
      <Time>0</Time>
      <Info/>
    </AirVehicleState>
    <AirVehicleConfiguration Time="0.0" Series="CMASI">
      <MinimumSpeed>15.0</MinimumSpeed>
      <MaximumSpeed>35.0</MaximumSpeed>
      <NominalFlightProfile>
        <FlightProfile Series="CMASI">
          <Name>Cruise</Name>
          <Airspeed>30.0</Airspeed>
          <PitchAngle>0.0</PitchAngle>
          <VerticalSpeed>0.0</VerticalSpeed>
          <MaxBankAngle>30.0</MaxBankAngle>
          <EnergyRate>0.0</EnergyRate>
        </FlightProfile>
      </NominalFlightProfile>
      <AlternateFlightProfiles>
        <FlightProfile Series="CMASI">
          <Name>Climb</Name>
          <Airspeed>25.0</Airspeed>
          <PitchAngle>10.0</PitchAngle>
          <VerticalSpeed>5.0</VerticalSpeed>
          <MaxBankAngle>30.0</MaxBankAngle>
          <EnergyRate>0.0</EnergyRate>
        </FlightProfile>
        <FlightProfile Series="CMASI">
          <Name>Descent</Name>
          <Airspeed>25.0</Airspeed>
          <PitchAngle>-5.0</PitchAngle>
          <VerticalSpeed>-5.0</VerticalSpeed>
          <MaxBankAngle>30.0</MaxBankAngle>
          <EnergyRate>0.0</EnergyRate>
        </FlightProfile>
        <FlightProfile Series="CMASI">
          <Name>Loiter</Name>
          <Airspeed>20.0</Airspeed>
          <PitchAngle>5.0</PitchAngle>
          <VerticalSpeed>0.0</VerticalSpeed>
          <MaxBankAngle>30.0</MaxBankAngle>
          <EnergyRate>0.0</EnergyRate>
        </FlightProfile>
        <FlightProfile Series="CMASI">
          <Name>Dash</Name>
          <Airspeed>35.0</Airspeed>
          <PitchAngle>-2.0</PitchAngle>
          <VerticalSpeed>0.0</VerticalSpeed>
          <MaxBankAngle>30.0</MaxBankAngle>
          <EnergyRate>0.0</EnergyRate>
        </FlightProfile>
      </AlternateFlightProfiles>
      <AvailableLoiterTypes>
        <LoiterType>Circular</LoiterType>
        <LoiterType>Racetrack</LoiterType>
        <LoiterType>FigureEight</LoiterType>
      </AvailableLoiterTypes>
      <AvailableTurnTypes>
        <TurnType>TurnShort</TurnType>
        <TurnType>FlyOver</TurnType>
      </AvailableTurnTypes>
      <MinimumAltitude>0.0</MinimumAltitude>
      <MinAltitudeType>AGL</MinAltitudeType>
      <MaximumAltitude>1000000.0</MaximumAltitude>
      <MaxAltitudeType>MSL</MaxAltitudeType>
      <ID>5</ID>
      <Affiliation>Unknown</Affiliation>
      <EntityType/>
      <Label>UAV5</Label>
      <NominalSpeed>0.0</NominalSpeed>
      <NominalAltitude>0.0</NominalAltitude>
      <NominalAltitudeType>AGL</NominalAltitudeType>
      <PayloadConfigurationList>
        <GimbalConfiguration Series="CMASI">
          <SupportedPointingModes/>
          <MinAzimuth>-180.0</MinAzimuth>
          <MaxAzimuth>180.0</MaxAzimuth>
          <IsAzimuthClamped>false</IsAzimuthClamped>
          <MinElevation>-90.0</MinElevation>
          <MaxElevation>0.0</MaxElevation>
          <IsElevationClamped>false</IsElevationClamped>
          <MinRotation>0.0</MinRotation>
          <MaxRotation>0.0</MaxRotation>
          <IsRotationClamped>true</IsRotationClamped>
          <MaxAzimuthSlewRate>720.0</MaxAzimuthSlewRate>
          <MaxElevationSlewRate>720.0</MaxElevationSlewRate>
          <MaxRotationRate>0.0</MaxRotationRate>
          <ContainedPayloadList>
            <int64>2</int64>
            <int64>3</int64>
          </ContainedPayloadList>
          <PayloadID>1</PayloadID>
          <PayloadKind/>
          <Parameters/>
        </GimbalConfiguration>
        <CameraConfiguration Series="CMASI">
          <SupportedWavelengthBand>EO</SupportedWavelengthBand>
          <FieldOfViewMode>Continuous</FieldOfViewMode>
          <MinHorizontalFieldOfView>55.0</MinHorizontalFieldOfView>
          <MaxHorizontalFieldOfView>55.0</MaxHorizontalFieldOfView>
          <DiscreteHorizontalFieldOfViewList/>
          <VideoStreamHorizontalResolution>1024</VideoStreamHorizontalResolution>
          <VideoStreamVerticalResolution>768</VideoStreamVerticalResolution>
          <PayloadID>2</PayloadID>
          <PayloadKind/>
          <Parameters/>
        </CameraConfiguration>
        <HazardSensorConfiguration Series="SEARCHAI">
          <MaxRange>500.0</MaxRange>
          <HorizontalFOV>10.0</HorizontalFOV>
          <VerticalFOV>10.0</VerticalFOV>
          <DetectableHazardTypes>
            <HazardType>Fire</HazardType>
            <HazardType>Smoke</HazardType>
          </DetectableHazardTypes>
          <PayloadID>3</PayloadID>
          <PayloadKind/>
          <Parameters/>
        </HazardSensorConfiguration>
      </PayloadConfigurationList>
      <Info/>
    </AirVehicleConfiguration>
    <AirVehicleState Series="CMASI">
      <Airspeed>15.0</Airspeed>
      <VerticalSpeed>0.0</VerticalSpeed>
      <WindSpeed>0.0</WindSpeed>
      <WindDirection>0.0</WindDirection>
      <ID>5</ID>
      <u>0.0</u>
      <v>0.0</v>
      <w>0.0</w>
      <udot>0.0</udot>
      <vdot>0.0</vdot>
      <wdot>0.0</wdot>
      <Heading>90.0</Heading>
      <Pitch>0.0</Pitch>
      <Roll>0.0</Roll>
      <p>0.0</p>
      <q>0.0</q>
      <r>0.0</r>
      <Course>0.0</Course>
      <Groundspeed>0.0</Groundspeed>
      <Location>
        <Location3D Series="CMASI">
          <Latitude>1.4775216129912419</Latitude>
          <Longitude>-132.6886028337006</Longitude>
          <Altitude>100.0</Altitude>
          <AltitudeType>MSL</AltitudeType>
        </Location3D>
      </Location>
      <EnergyAvailable>100.0</EnergyAvailable>
      <ActualEnergyRate>0.0</ActualEnergyRate>
      <PayloadStateList>
        <GimbalState Series="CMASI">
          <PointingMode>AirVehicleRelativeAngle</PointingMode>
          <Azimuth>0.0</Azimuth>
          <Elevation>-45.0</Elevation>
          <Rotation>0.0</Rotation>
          <PayloadID>1</PayloadID>
          <Parameters/>
        </GimbalState>
        <CameraState Series="CMASI">
          <HorizontalFieldOfView>60.0</HorizontalFieldOfView>
          <VerticalFieldOfView>0.0</VerticalFieldOfView>
          <Footprint/>
          <PointingMode>Unknown</PointingMode>
          <Azimuth>0.0</Azimuth>
          <Elevation>0.0</Elevation>
          <Rotation>0.0</Rotation>
          <PayloadID>2</PayloadID>
          <Parameters/>
        </CameraState>
        <HazardSensorState Series="SEARCHAI">
          <HorizontalFieldOfView>0.0</HorizontalFieldOfView>
          <VerticalFieldOfView>0.0</VerticalFieldOfView>
          <Footprint/>
          <PointingMode>Unknown</PointingMode>
          <Azimuth>0.0</Azimuth>
          <Elevation>0.0</Elevation>
          <Rotation>0.0</Rotation>
          <PayloadID>3</PayloadID>
          <Parameters/>
        </HazardSensorState>
      </PayloadStateList>
      <CurrentWaypoint>0</CurrentWaypoint>
      <CurrentCommand>0</CurrentCommand>
      <Mode>Waypoint</Mode>
      <AssociatedTasks/>
      <Time>0</Time>
      <Info/>
    </AirVehicleState>
    <AirVehicleConfiguration Time="0.0" Series="CMASI">
      <MinimumSpeed>15.0</MinimumSpeed>
      <MaximumSpeed>35.0</MaximumSpeed>
      <NominalFlightProfile>
        <FlightProfile Series="CMASI">
          <Name>Cruise</Name>
          <Airspeed>30.0</Airspeed>
          <PitchAngle>0.0</PitchAngle>
          <VerticalSpeed>0.0</VerticalSpeed>
          <MaxBankAngle>30.0</MaxBankAngle>
          <EnergyRate>0.0</EnergyRate>
        </FlightProfile>
      </NominalFlightProfile>
      <AlternateFlightProfiles>
        <FlightProfile Series="CMASI">
          <Name>Climb</Name>
          <Airspeed>25.0</Airspeed>
          <PitchAngle>10.0</PitchAngle>
          <VerticalSpeed>5.0</VerticalSpeed>
          <MaxBankAngle>30.0</MaxBankAngle>
          <EnergyRate>0.0</EnergyRate>
        </FlightProfile>
        <FlightProfile Series="CMASI">
          <Name>Descent</Name>
          <Airspeed>25.0</Airspeed>
          <PitchAngle>-5.0</PitchAngle>
          <VerticalSpeed>-5.0</VerticalSpeed>
          <MaxBankAngle>30.0</MaxBankAngle>
          <EnergyRate>0.0</EnergyRate>
        </FlightProfile>
        <FlightProfile Series="CMASI">
          <Name>Loiter</Name>
          <Airspeed>20.0</Airspeed>
          <PitchAngle>5.0</PitchAngle>
          <VerticalSpeed>0.0</VerticalSpeed>
          <MaxBankAngle>30.0</MaxBankAngle>
          <EnergyRate>0.0</EnergyRate>
        </FlightProfile>
        <FlightProfile Series="CMASI">
          <Name>Dash</Name>
          <Airspeed>35.0</Airspeed>
          <PitchAngle>-2.0</PitchAngle>
          <VerticalSpeed>0.0</VerticalSpeed>
          <MaxBankAngle>30.0</MaxBankAngle>
          <EnergyRate>0.0</EnergyRate>
        </FlightProfile>
      </AlternateFlightProfiles>
      <AvailableLoiterTypes>
        <LoiterType>Circular</LoiterType>
        <LoiterType>Racetrack</LoiterType>
        <LoiterType>FigureEight</LoiterType>
      </AvailableLoiterTypes>
      <AvailableTurnTypes>
        <TurnType>TurnShort</TurnType>
        <TurnType>FlyOver</TurnType>
      </AvailableTurnTypes>
      <MinimumAltitude>0.0</MinimumAltitude>
      <MinAltitudeType>AGL</MinAltitudeType>
      <MaximumAltitude>1000000.0</MaximumAltitude>
      <MaxAltitudeType>MSL</MaxAltitudeType>
      <ID>6</ID>
      <Affiliation>Unknown</Affiliation>
      <EntityType/>
      <Label>UAV6</Label>
      <NominalSpeed>0.0</NominalSpeed>
      <NominalAltitude>0.0</NominalAltitude>
      <NominalAltitudeType>AGL</NominalAltitudeType>
      <PayloadConfigurationList>
        <GimbalConfiguration Series="CMASI">
          <SupportedPointingModes/>
          <MinAzimuth>-180.0</MinAzimuth>
          <MaxAzimuth>180.0</MaxAzimuth>
          <IsAzimuthClamped>false</IsAzimuthClamped>
          <MinElevation>-90.0</MinElevation>
          <MaxElevation>0.0</MaxElevation>
          <IsElevationClamped>false</IsElevationClamped>
          <MinRotation>0.0</MinRotation>
          <MaxRotation>0.0</MaxRotation>
          <IsRotationClamped>true</IsRotationClamped>
          <MaxAzimuthSlewRate>720.0</MaxAzimuthSlewRate>
          <MaxElevationSlewRate>720.0</MaxElevationSlewRate>
          <MaxRotationRate>0.0</MaxRotationRate>
          <ContainedPayloadList>
            <int64>2</int64>
            <int64>3</int64>
          </ContainedPayloadList>
          <PayloadID>1</PayloadID>
          <PayloadKind/>
          <Parameters/>
        </GimbalConfiguration>
        <CameraConfiguration Series="CMASI">
          <SupportedWavelengthBand>EO</SupportedWavelengthBand>
          <FieldOfViewMode>Continuous</FieldOfViewMode>
          <MinHorizontalFieldOfView>55.0</MinHorizontalFieldOfView>
          <MaxHorizontalFieldOfView>55.0</MaxHorizontalFieldOfView>
          <DiscreteHorizontalFieldOfViewList/>
          <VideoStreamHorizontalResolution>1024</VideoStreamHorizontalResolution>
          <VideoStreamVerticalResolution>768</VideoStreamVerticalResolution>
          <PayloadID>2</PayloadID>
          <PayloadKind/>
          <Parameters/>
        </CameraConfiguration>
        <HazardSensorConfiguration Series="SEARCHAI">
          <MaxRange>500.0</MaxRange>
          <HorizontalFOV>10.0</HorizontalFOV>
          <VerticalFOV>10.0</VerticalFOV>
          <DetectableHazardTypes>
            <HazardType>Fire</HazardType>
            <HazardType>Smoke</HazardType>
          </DetectableHazardTypes>
          <PayloadID>3</PayloadID>
          <PayloadKind/>
          <Parameters/>
        </HazardSensorConfiguration>
      </PayloadConfigurationList>
      <Info/>
    </AirVehicleConfiguration>
    <AirVehicleState Series="CMASI">
      <Airspeed>15.0</Airspeed>
      <VerticalSpeed>0.0</VerticalSpeed>
      <WindSpeed>0.0</WindSpeed>
      <WindDirection>0.0</WindDirection>
      <ID>6</ID>
      <u>0.0</u>
      <v>0.0</v>
      <w>0.0</w>
      <udot>0.0</udot>
      <vdot>0.0</vdot>
      <wdot>0.0</wdot>
      <Heading>0.0</Heading>
      <Pitch>0.0</Pitch>
      <Roll>0.0</Roll>
      <p>0.0</p>
      <q>0.0</q>
      <r>0.0</r>
      <Course>0.0</Course>
      <Groundspeed>0.0</Groundspeed>
      <Location>
        <Location3D Series="CMASI">
          <Latitude>1.322590760204357</Latitude>
          <Longitude>-132.53260530927417</Longitude>
          <Altitude>100.0</Altitude>
          <AltitudeType>MSL</AltitudeType>
        </Location3D>
      </Location>
      <EnergyAvailable>100.0</EnergyAvailable>
      <ActualEnergyRate>0.0</ActualEnergyRate>
      <PayloadStateList>
        <GimbalState Series="CMASI">
          <PointingMode>AirVehicleRelativeAngle</PointingMode>
          <Azimuth>0.0</Azimuth>
          <Elevation>-45.0</Elevation>
          <Rotation>0.0</Rotation>
          <PayloadID>1</PayloadID>
          <Parameters/>
        </GimbalState>
        <CameraState Series="CMASI">
          <HorizontalFieldOfView>60.0</HorizontalFieldOfView>
          <VerticalFieldOfView>0.0</VerticalFieldOfView>
          <Footprint/>
          <PointingMode>Unknown</PointingMode>
          <Azimuth>0.0</Azimuth>
          <Elevation>0.0</Elevation>
          <Rotation>0.0</Rotation>
          <PayloadID>2</PayloadID>
          <Parameters/>
        </CameraState>
        <HazardSensorState Series="SEARCHAI">
          <HorizontalFieldOfView>0.0</HorizontalFieldOfView>
          <VerticalFieldOfView>0.0</VerticalFieldOfView>
          <Footprint/>
          <PointingMode>Unknown</PointingMode>
          <Azimuth>0.0</Azimuth>
          <Elevation>0.0</Elevation>
          <Rotation>0.0</Rotation>
          <PayloadID>3</PayloadID>
          <Parameters/>
        </HazardSensorState>
      </PayloadStateList>
      <CurrentWaypoint>0</CurrentWaypoint>
      <CurrentCommand>0</CurrentCommand>
      <Mode>Waypoint</Mode>
      <AssociatedTasks/>
      <Time>0</Time>
      <Info/>
    </AirVehicleState>
    <AirVehicleConfiguration Time="0.0" Series="CMASI">
      <MinimumSpeed>15.0</MinimumSpeed>
      <MaximumSpeed>25.0</MaximumSpeed>
      <NominalFlightProfile>
        <FlightProfile Series="CMASI">
          <Name>Cruise</Name>
          <Airspeed>20.0</Airspeed>
          <PitchAngle>0.0</PitchAngle>
          <VerticalSpeed>0.0</VerticalSpeed>
          <MaxBankAngle>30.0</MaxBankAngle>
          <EnergyRate>0.0</EnergyRate>
        </FlightProfile>
      </NominalFlightProfile>
      <AlternateFlightProfiles>
        <FlightProfile Series="CMASI">
          <Name>Climb</Name>
          <Airspeed>15.0</Airspeed>
          <PitchAngle>10.0</PitchAngle>
          <VerticalSpeed>5.0</VerticalSpeed>
          <MaxBankAngle>30.0</MaxBankAngle>
          <EnergyRate>0.0</EnergyRate>
        </FlightProfile>
        <FlightProfile Series="CMASI">
          <Name>Descent</Name>
          <Airspeed>15.0</Airspeed>
          <PitchAngle>-5.0</PitchAngle>
          <VerticalSpeed>-5.0</VerticalSpeed>
          <MaxBankAngle>30.0</MaxBankAngle>
          <EnergyRate>0.0</EnergyRate>
        </FlightProfile>
        <FlightProfile Series="CMASI">
          <Name>Loiter</Name>
          <Airspeed>10.0</Airspeed>
          <PitchAngle>5.0</PitchAngle>
          <VerticalSpeed>0.0</VerticalSpeed>
          <MaxBankAngle>30.0</MaxBankAngle>
          <EnergyRate>0.0</EnergyRate>
        </FlightProfile>
        <FlightProfile Series="CMASI">
          <Name>Dash</Name>
          <Airspeed>25.0</Airspeed>
          <PitchAngle>-2.0</PitchAngle>
          <VerticalSpeed>0.0</VerticalSpeed>
          <MaxBankAngle>30.0</MaxBankAngle>
          <EnergyRate>0.0</EnergyRate>
        </FlightProfile>
      </AlternateFlightProfiles>
      <AvailableLoiterTypes>
        <LoiterType>Circular</LoiterType>
        <LoiterType>Racetrack</LoiterType>
        <LoiterType>FigureEight</LoiterType>
      </AvailableLoiterTypes>
      <AvailableTurnTypes>
        <TurnType>TurnShort</TurnType>
        <TurnType>FlyOver</TurnType>
      </AvailableTurnTypes>
      <MinimumAltitude>0.0</MinimumAltitude>
      <MinAltitudeType>AGL</MinAltitudeType>
      <MaximumAltitude>1000000.0</MaximumAltitude>
      <MaxAltitudeType>MSL</MaxAltitudeType>
      <ID>7</ID>
      <Affiliation>Unknown</Affiliation>
      <EntityType/>
      <Label>UAV7</Label>
      <NominalSpeed>0.0</NominalSpeed>
      <NominalAltitude>0.0</NominalAltitude>
      <NominalAltitudeType>AGL</NominalAltitudeType>
      <PayloadConfigurationList>
        <GimbalConfiguration Series="CMASI">
          <SupportedPointingModes/>
          <MinAzimuth>-180.0</MinAzimuth>
          <MaxAzimuth>180.0</MaxAzimuth>
          <IsAzimuthClamped>false</IsAzimuthClamped>
          <MinElevation>-90.0</MinElevation>
          <MaxElevation>0.0</MaxElevation>
          <IsElevationClamped>false</IsElevationClamped>
          <MinRotation>0.0</MinRotation>
          <MaxRotation>0.0</MaxRotation>
          <IsRotationClamped>true</IsRotationClamped>
          <MaxAzimuthSlewRate>720.0</MaxAzimuthSlewRate>
          <MaxElevationSlewRate>720.0</MaxElevationSlewRate>
          <MaxRotationRate>0.0</MaxRotationRate>
          <ContainedPayloadList>
            <int64>2</int64>
            <int64>3</int64>
          </ContainedPayloadList>
          <PayloadID>1</PayloadID>
          <PayloadKind/>
          <Parameters/>
        </GimbalConfiguration>
        <CameraConfiguration Series="CMASI">
          <SupportedWavelengthBand>EO</SupportedWavelengthBand>
          <FieldOfViewMode>Continuous</FieldOfViewMode>
          <MinHorizontalFieldOfView>55.0</MinHorizontalFieldOfView>
          <MaxHorizontalFieldOfView>55.0</MaxHorizontalFieldOfView>
          <DiscreteHorizontalFieldOfViewList/>
          <VideoStreamHorizontalResolution>1024</VideoStreamHorizontalResolution>
          <VideoStreamVerticalResolution>768</VideoStreamVerticalResolution>
          <PayloadID>2</PayloadID>
          <PayloadKind/>
          <Parameters/>
        </CameraConfiguration>
        <HazardSensorConfiguration Series="SEARCHAI">
          <MaxRange>1000.0</MaxRange>
          <HorizontalFOV>10.0</HorizontalFOV>
          <VerticalFOV>10.0</VerticalFOV>
          <DetectableHazardTypes>
            <HazardType>Fire</HazardType>
            <HazardType>Smoke</HazardType>
          </DetectableHazardTypes>
          <PayloadID>3</PayloadID>
          <PayloadKind/>
          <Parameters/>
        </HazardSensorConfiguration>
      </PayloadConfigurationList>
      <Info/>
    </AirVehicleConfiguration>
    <AirVehicleState Series="CMASI">
      <Airspeed>15.0</Airspeed>
      <VerticalSpeed>0.0</VerticalSpeed>
      <WindSpeed>0.0</WindSpeed>
      <WindDirection>0.0</WindDirection>
      <ID>7</ID>
      <u>0.0</u>
      <v>0.0</v>
      <w>0.0</w>
      <udot>0.0</udot>
      <vdot>0.0</vdot>
      <wdot>0.0</wdot>
      <Heading>90.0</Heading>
      <Pitch>0.0</Pitch>
      <Roll>0.0</Roll>
      <p>0.0</p>
      <q>0.0</q>
      <r>0.0</r>
      <Course>0.0</Course>
      <Groundspeed>0.0</Groundspeed>
      <Location>
        <Location3D Series="CMASI">
          <Latitude>1.4775216129912419</Latitude>
          <Longitude>-132.69101960819296</Longitude>
          <Altitude>100.0</Altitude>
          <AltitudeType>MSL</AltitudeType>
        </Location3D>
      </Location>
      <EnergyAvailable>100.0</EnergyAvailable>
      <ActualEnergyRate>0.0</ActualEnergyRate>
      <PayloadStateList>
        <GimbalState Series="CMASI">
          <PointingMode>AirVehicleRelativeAngle</PointingMode>
          <Azimuth>0.0</Azimuth>
          <Elevation>-45.0</Elevation>
          <Rotation>0.0</Rotation>
          <PayloadID>1</PayloadID>
          <Parameters/>
        </GimbalState>
        <CameraState Series="CMASI">
          <HorizontalFieldOfView>60.0</HorizontalFieldOfView>
          <VerticalFieldOfView>0.0</VerticalFieldOfView>
          <Footprint/>
          <PointingMode>Unknown</PointingMode>
          <Azimuth>0.0</Azimuth>
          <Elevation>0.0</Elevation>
          <Rotation>0.0</Rotation>
          <PayloadID>2</PayloadID>
          <Parameters/>
        </CameraState>
        <HazardSensorState Series="SEARCHAI">
          <HorizontalFieldOfView>0.0</HorizontalFieldOfView>
          <VerticalFieldOfView>0.0</VerticalFieldOfView>
          <Footprint/>
          <PointingMode>Unknown</PointingMode>
          <Azimuth>0.0</Azimuth>
          <Elevation>0.0</Elevation>
          <Rotation>0.0</Rotation>
          <PayloadID>3</PayloadID>
          <Parameters/>
        </HazardSensorState>
      </PayloadStateList>
      <CurrentWaypoint>0</CurrentWaypoint>
      <CurrentCommand>0</CurrentCommand>
      <Mode>Waypoint</Mode>
      <AssociatedTasks/>
      <Time>0</Time>
      <Info/>
    </AirVehicleState>
    <AirVehicleConfiguration Time="0.0" Series="CMASI">
      <MinimumSpeed>15.0</MinimumSpeed>
      <MaximumSpeed>25.0</MaximumSpeed>
      <NominalFlightProfile>
        <FlightProfile Series="CMASI">
          <Name>Cruise</Name>
          <Airspeed>20.0</Airspeed>
          <PitchAngle>0.0</PitchAngle>
          <VerticalSpeed>0.0</VerticalSpeed>
          <MaxBankAngle>30.0</MaxBankAngle>
          <EnergyRate>0.0</EnergyRate>
        </FlightProfile>
      </NominalFlightProfile>
      <AlternateFlightProfiles>
        <FlightProfile Series="CMASI">
          <Name>Climb</Name>
          <Airspeed>15.0</Airspeed>
          <PitchAngle>10.0</PitchAngle>
          <VerticalSpeed>5.0</VerticalSpeed>
          <MaxBankAngle>30.0</MaxBankAngle>
          <EnergyRate>0.0</EnergyRate>
        </FlightProfile>
        <FlightProfile Series="CMASI">
          <Name>Descent</Name>
          <Airspeed>15.0</Airspeed>
          <PitchAngle>-5.0</PitchAngle>
          <VerticalSpeed>-5.0</VerticalSpeed>
          <MaxBankAngle>30.0</MaxBankAngle>
          <EnergyRate>0.0</EnergyRate>
        </FlightProfile>
        <FlightProfile Series="CMASI">
          <Name>Loiter</Name>
          <Airspeed>10.0</Airspeed>
          <PitchAngle>5.0</PitchAngle>
          <VerticalSpeed>0.0</VerticalSpeed>
          <MaxBankAngle>30.0</MaxBankAngle>
          <EnergyRate>0.0</EnergyRate>
        </FlightProfile>
        <FlightProfile Series="CMASI">
          <Name>Dash</Name>
          <Airspeed>25.0</Airspeed>
          <PitchAngle>-2.0</PitchAngle>
          <VerticalSpeed>0.0</VerticalSpeed>
          <MaxBankAngle>30.0</MaxBankAngle>
          <EnergyRate>0.0</EnergyRate>
        </FlightProfile>
      </AlternateFlightProfiles>
      <AvailableLoiterTypes>
        <LoiterType>Circular</LoiterType>
        <LoiterType>Racetrack</LoiterType>
        <LoiterType>FigureEight</LoiterType>
      </AvailableLoiterTypes>
      <AvailableTurnTypes>
        <TurnType>TurnShort</TurnType>
        <TurnType>FlyOver</TurnType>
      </AvailableTurnTypes>
      <MinimumAltitude>0.0</MinimumAltitude>
      <MinAltitudeType>AGL</MinAltitudeType>
      <MaximumAltitude>1000000.0</MaximumAltitude>
      <MaxAltitudeType>MSL</MaxAltitudeType>
      <ID>8</ID>
      <Affiliation>Unknown</Affiliation>
      <EntityType/>
      <Label>UAV8</Label>
      <NominalSpeed>0.0</NominalSpeed>
      <NominalAltitude>0.0</NominalAltitude>
      <NominalAltitudeType>AGL</NominalAltitudeType>
      <PayloadConfigurationList>
        <GimbalConfiguration Series="CMASI">
          <SupportedPointingModes/>
          <MinAzimuth>-180.0</MinAzimuth>
          <MaxAzimuth>180.0</MaxAzimuth>
          <IsAzimuthClamped>false</IsAzimuthClamped>
          <MinElevation>-90.0</MinElevation>
          <MaxElevation>0.0</MaxElevation>
          <IsElevationClamped>false</IsElevationClamped>
          <MinRotation>0.0</MinRotation>
          <MaxRotation>0.0</MaxRotation>
          <IsRotationClamped>true</IsRotationClamped>
          <MaxAzimuthSlewRate>720.0</MaxAzimuthSlewRate>
          <MaxElevationSlewRate>720.0</MaxElevationSlewRate>
          <MaxRotationRate>0.0</MaxRotationRate>
          <ContainedPayloadList>
            <int64>2</int64>
            <int64>3</int64>
          </ContainedPayloadList>
          <PayloadID>1</PayloadID>
          <PayloadKind/>
          <Parameters/>
        </GimbalConfiguration>
        <CameraConfiguration Series="CMASI">
          <SupportedWavelengthBand>EO</SupportedWavelengthBand>
          <FieldOfViewMode>Continuous</FieldOfViewMode>
          <MinHorizontalFieldOfView>55.0</MinHorizontalFieldOfView>
          <MaxHorizontalFieldOfView>55.0</MaxHorizontalFieldOfView>
          <DiscreteHorizontalFieldOfViewList/>
          <VideoStreamHorizontalResolution>1024</VideoStreamHorizontalResolution>
          <VideoStreamVerticalResolution>768</VideoStreamVerticalResolution>
          <PayloadID>2</PayloadID>
          <PayloadKind/>
          <Parameters/>
        </CameraConfiguration>
        <HazardSensorConfiguration Series="SEARCHAI">
          <MaxRange>1000.0</MaxRange>
          <HorizontalFOV>10.0</HorizontalFOV>
          <VerticalFOV>10.0</VerticalFOV>
          <DetectableHazardTypes>
            <HazardType>Fire</HazardType>
            <HazardType>Smoke</HazardType>
          </DetectableHazardTypes>
          <PayloadID>3</PayloadID>
          <PayloadKind/>
          <Parameters/>
        </HazardSensorConfiguration>
      </PayloadConfigurationList>
      <Info/>
    </AirVehicleConfiguration>
    <AirVehicleState Series="CMASI">
      <Airspeed>15.0</Airspeed>
      <VerticalSpeed>0.0</VerticalSpeed>
      <WindSpeed>0.0</WindSpeed>
      <WindDirection>0.0</WindDirection>
      <ID>8</ID>
      <u>0.0</u>
      <v>0.0</v>
      <w>0.0</w>
      <udot>0.0</udot>
      <vdot>0.0</vdot>
      <wdot>0.0</wdot>
      <Heading>0.0</Heading>
      <Pitch>0.0</Pitch>
      <Roll>0.0</Roll>
      <p>0.0</p>
      <q>0.0</q>
      <r>0.0</r>
      <Course>0.0</Course>
      <Groundspeed>0.0</Groundspeed>
      <Location>
        <Location3D Series="CMASI">
          <Latitude>1.3227034002425833</Latitude>
          <Longitude>-132.52973222071685</Longitude>
          <Altitude>100.0</Altitude>
          <AltitudeType>MSL</AltitudeType>
        </Location3D>
      </Location>
      <EnergyAvailable>100.0</EnergyAvailable>
      <ActualEnergyRate>0.0</ActualEnergyRate>
      <PayloadStateList>
        <GimbalState Series="CMASI">
          <PointingMode>AirVehicleRelativeAngle</PointingMode>
          <Azimuth>0.0</Azimuth>
          <Elevation>-45.0</Elevation>
          <Rotation>0.0</Rotation>
          <PayloadID>1</PayloadID>
          <Parameters/>
        </GimbalState>
        <CameraState Series="CMASI">
          <HorizontalFieldOfView>60.0</HorizontalFieldOfView>
          <VerticalFieldOfView>0.0</VerticalFieldOfView>
          <Footprint/>
          <PointingMode>Unknown</PointingMode>
          <Azimuth>0.0</Azimuth>
          <Elevation>0.0</Elevation>
          <Rotation>0.0</Rotation>
          <PayloadID>2</PayloadID>
          <Parameters/>
        </CameraState>
        <HazardSensorState Series="SEARCHAI">
          <HorizontalFieldOfView>0.0</HorizontalFieldOfView>
          <VerticalFieldOfView>0.0</VerticalFieldOfView>
          <Footprint/>
          <PointingMode>Unknown</PointingMode>
          <Azimuth>0.0</Azimuth>
          <Elevation>0.0</Elevation>
          <Rotation>0.0</Rotation>
          <PayloadID>3</PayloadID>
          <Parameters/>
        </HazardSensorState>
      </PayloadStateList>
      <CurrentWaypoint>0</CurrentWaypoint>
      <CurrentCommand>0</CurrentCommand>
      <Mode>Waypoint</Mode>
      <AssociatedTasks/>
      <Time>0</Time>
      <Info/>
    </AirVehicleState>
    <WeatherReport Series="CMASI">
      <WindSpeed>0.0</WindSpeed>
      <WindDirection>0.0</WindDirection>
      <Visibility>0.0</Visibility>
      <CloudCeiling>0.0</CloudCeiling>
      <CloudCoverage>0.0</CloudCoverage>
    </WeatherReport>
    <HazardZone Series="SEARCHAI">
      <ZoneType>Fire</ZoneType>
      <ZoneID>1</ZoneID>
      <MinAltitude>0.0</MinAltitude>
      <MinAltitudeType>AGL</MinAltitudeType>
      <MaxAltitude>5000.0</MaxAltitude>
      <MaxAltitudeType>MSL</MaxAltitudeType>
      <AffectedAircraft/>
      <StartTime>0</StartTime>
      <EndTime>0</EndTime>
      <Padding>0.0</Padding>
      <Label/>
      <Boundary>
        <Polygon Series="CMASI">
          <BoundaryPoints>
            <Location3D Series="CMASI">
              <Latitude>1.577731344950494</Latitude>
              <Longitude>-132.58938005046394</Longitude>
              <Altitude>0.0</Altitude>
              <AltitudeType>MSL</AltitudeType>
            </Location3D>
            <Location3D Series="CMASI">
              <Latitude>1.5896501970251895</Latitude>
              <Longitude>-132.58158414020397</Longitude>
              <Altitude>0.0</Altitude>
              <AltitudeType>MSL</AltitudeType>
            </Location3D>
            <Location3D Series="CMASI">
              <Latitude>1.591942283962631</Latitude>
              <Longitude>-132.5710367322052</Longitude>
              <Altitude>0.0</Altitude>
              <AltitudeType>MSL</AltitudeType>
            </Location3D>
            <Location3D Series="CMASI">
              <Latitude>1.6061532229747675</Latitude>
              <Longitude>-132.5710367322052</Longitude>
              <Altitude>0.0</Altitude>
              <AltitudeType>MSL</AltitudeType>
            </Location3D>
            <Location3D Series="CMASI">
              <Latitude>1.611040945645291</Latitude>
              <Longitude>-132.5857918510614</Longitude>
              <Altitude>0.0</Altitude>
              <AltitudeType>MSL</AltitudeType>
            </Location3D>
            <Location3D Series="CMASI">
              <Latitude>1.5937759535125837</Latitude>
              <Longitude>-132.60084462437567</Longitude>
              <Altitude>0.0</Altitude>
              <AltitudeType>MSL</AltitudeType>
            </Location3D>
            <Location3D Series="CMASI">
              <Latitude>1.585982857925283</Latitude>
              <Longitude>-132.59946887550626</Longitude>
              <Altitude>0.0</Altitude>
              <AltitudeType>MSL</AltitudeType>
            </Location3D>
          </BoundaryPoints>
        </Polygon>
      </Boundary>
    </HazardZone>
    <HazardZone Series="SEARCHAI">
      <ZoneType>Smoke</ZoneType>
      <ZoneID>3</ZoneID>
      <MinAltitude>0.0</MinAltitude>
      <MinAltitudeType>AGL</MinAltitudeType>
      <MaxAltitude>5000.0</MaxAltitude>
      <MaxAltitudeType>MSL</MaxAltitudeType>
      <AffectedAircraft/>
      <StartTime>0</StartTime>
      <EndTime>0</EndTime>
      <Padding>0.0</Padding>
      <Label/>
      <Boundary>
        <Polygon Series="CMASI">
          <BoundaryPoints>
            <Location3D Series="CMASI">
              <Latitude>1.5598530668384512</Latitude>
              <Longitude>-132.58754571863807</Longitude>
              <Altitude>0.0</Altitude>
              <AltitudeType>MSL</AltitudeType>
            </Location3D>
            <Location3D Series="CMASI">
              <Latitude>1.5703966667506815</Latitude>
              <Longitude>-132.59350729707216</Longitude>
              <Altitude>0.0</Altitude>
              <AltitudeType>MSL</AltitudeType>
            </Location3D>
            <Location3D Series="CMASI">
              <Latitude>1.5823155188253768</Latitude>
              <Longitude>-132.5958002118545</Longitude>
              <Altitude>0.0</Altitude>
              <AltitudeType>MSL</AltitudeType>
            </Location3D>
            <Location3D Series="CMASI">
              <Latitude>1.5891917796377009</Latitude>
              <Longitude>-132.59534162889804</Longitude>
              <Altitude>0.0</Altitude>
              <AltitudeType>MSL</AltitudeType>
            </Location3D>
            <Location3D Series="CMASI">
              <Latitude>1.5960680404500251</Latitude>
              <Longitude>-132.5857113868122</Longitude>
              <Altitude>0.0</Altitude>
              <AltitudeType>MSL</AltitudeType>
            </Location3D>
            <Location3D Series="CMASI">
              <Latitude>1.6102789794621613</Latitude>
              <Longitude>-132.5843356379428</Longitude>
              <Altitude>0.0</Altitude>
              <AltitudeType>MSL</AltitudeType>
            </Location3D>
            <Location3D Series="CMASI">
              <Latitude>1.609362144687185</Latitude>
              <Longitude>-132.55957215829346</Longitude>
              <Altitude>0.0</Altitude>
              <AltitudeType>MSL</AltitudeType>
            </Location3D>
            <Location3D Series="CMASI">
              <Latitude>1.5882749448627238</Latitude>
              <Longitude>-132.56232365603228</Longitude>
              <Altitude>0.0</Altitude>
              <AltitudeType>MSL</AltitudeType>
            </Location3D>
            <Location3D Series="CMASI">
              <Latitude>1.5850660231503064</Latitude>
              <Longitude>-132.56828523446637</Longitude>
              <Altitude>0.0</Altitude>
              <AltitudeType>MSL</AltitudeType>
            </Location3D>
            <Location3D Series="CMASI">
              <Latitude>1.5781897623379821</Latitude>
              <Longitude>-132.57011956629225</Longitude>
              <Altitude>0.0</Altitude>
              <AltitudeType>MSL</AltitudeType>
            </Location3D>
            <Location3D Series="CMASI">
              <Latitude>1.566270910263287</Latitude>
              <Longitude>-132.57287106403106</Longitude>
              <Altitude>0.0</Altitude>
              <AltitudeType>MSL</AltitudeType>
            </Location3D>
          </BoundaryPoints>
        </Polygon>
      </Boundary>
    </HazardZone>
    <HazardZone Series="SEARCHAI">
      <ZoneType>Fire</ZoneType>
      <ZoneID>4</ZoneID>
      <MinAltitude>0.0</MinAltitude>
      <MinAltitudeType>AGL</MinAltitudeType>
      <MaxAltitude>5000.0</MaxAltitude>
      <MaxAltitudeType>MSL</MaxAltitudeType>
      <AffectedAircraft/>
      <StartTime>0</StartTime>
      <EndTime>0</EndTime>
      <Padding>0.0</Padding>
      <Label/>
      <Boundary>
        <Polygon Series="CMASI">
          <BoundaryPoints>
            <Location3D Series="CMASI">
              <Latitude>1.5290989636802514</Latitude>
              <Longitude>-132.46852534880466</Longitude>
              <Altitude>0.0</Altitude>
              <AltitudeType>MSL</AltitudeType>
            </Location3D>
            <Location3D Series="CMASI">
              <Latitude>1.5093730045658813</Latitude>
              <Longitude>-132.49139028687054</Longitude>
              <Altitude>0.0</Altitude>
              <AltitudeType>MSL</AltitudeType>
            </Location3D>
            <Location3D Series="CMASI">
              <Latitude>1.5431889344762306</Latitude>
              <Longitude>-132.50235292840904</Longitude>
              <Altitude>0.0</Altitude>
              <AltitudeType>MSL</AltitudeType>
            </Location3D>
            <Location3D Series="CMASI">
              <Latitude>1.5450675972490275</Latitude>
              <Longitude>-132.47698224370575</Longitude>
              <Altitude>0.0</Altitude>
              <AltitudeType>MSL</AltitudeType>
            </Location3D>
            <Location3D Series="CMASI">
              <Latitude>1.548198701870356</Latitude>
              <Longitude>-132.45098512234318</Longitude>
              <Altitude>0.0</Altitude>
              <AltitudeType>MSL</AltitudeType>
            </Location3D>
            <Location3D Series="CMASI">
              <Latitude>1.536926725233573</Latitude>
              <Longitude>-132.4437811007608</Longitude>
              <Altitude>0.0</Altitude>
              <AltitudeType>MSL</AltitudeType>
            </Location3D>
          </BoundaryPoints>
        </Polygon>
      </Boundary>
    </HazardZone>
    <HazardZone Series="SEARCHAI">
      <ZoneType>Smoke</ZoneType>
      <ZoneID>5</ZoneID>
      <MinAltitude>0.0</MinAltitude>
      <MinAltitudeType>AGL</MinAltitudeType>
      <MaxAltitude>5000.0</MaxAltitude>
      <MaxAltitudeType>MSL</MaxAltitudeType>
      <AffectedAircraft/>
      <StartTime>0</StartTime>
      <EndTime>0</EndTime>
      <Padding>0.0</Padding>
      <Label/>
      <Boundary>
        <Polygon Series="CMASI">
          <BoundaryPoints>
            <Location3D Series="CMASI">
              <Latitude>1.5018583534746925</Latitude>
              <Longitude>-132.49702821680458</Longitude>
              <Altitude>0.0</Altitude>
              <AltitudeType>MSL</AltitudeType>
            </Location3D>
            <Location3D Series="CMASI">
              <Latitude>1.523149864899727</Latitude>
              <Longitude>-132.49608856181558</Longitude>
              <Altitude>0.0</Altitude>
              <AltitudeType>MSL</AltitudeType>
            </Location3D>
            <Location3D Series="CMASI">
              <Latitude>1.5317443360195078</Latitude>
              <Longitude>-132.4848483899318</Longitude>
              <Altitude>0.0</Altitude>
              <AltitudeType>MSL</AltitudeType>
            </Location3D>
            <Location3D Series="CMASI">
              <Latitude>1.5386207483982355</Latitude>
              <Longitude>-132.4550404977613</Longitude>
              <Altitude>0.0</Altitude>
              <AltitudeType>MSL</AltitudeType>
            </Location3D>
            <Location3D Series="CMASI">
              <Latitude>1.5359873938471744</Latitude>
              <Longitude>-132.4425282274421</Longitude>
              <Altitude>0.0</Altitude>
              <AltitudeType>MSL</AltitudeType>
            </Location3D>
            <Location3D Series="CMASI">
              <Latitude>1.5200187602783986</Latitude>
              <Longitude>-132.43845638915639</Longitude>
              <Altitude>0.0</Altitude>
              <AltitudeType>MSL</AltitudeType>
            </Location3D>
            <Location3D Series="CMASI">
              <Latitude>1.5115647778008112</Latitude>
              <Longitude>-132.45098512234318</Longitude>
              <Altitude>0.0</Altitude>
              <AltitudeType>MSL</AltitudeType>
            </Location3D>
            <Location3D Series="CMASI">
              <Latitude>1.507807452255217</Latitude>
              <Longitude>-132.46539316550798</Longitude>
              <Altitude>0.0</Altitude>
              <AltitudeType>MSL</AltitudeType>
            </Location3D>
            <Location3D Series="CMASI">
              <Latitude>1.500605911626161</Latitude>
              <Longitude>-132.4694650037937</Longitude>
              <Altitude>0.0</Altitude>
              <AltitudeType>MSL</AltitudeType>
            </Location3D>
            <Location3D Series="CMASI">
              <Latitude>1.4999796907018954</Latitude>
              <Longitude>-132.48136730032112</Longitude>
              <Altitude>0.0</Altitude>
              <AltitudeType>MSL</AltitudeType>
            </Location3D>
          </BoundaryPoints>
        </Polygon>
      </Boundary>
    </HazardZone>
    <HazardZoneChangeCommand Series="SEARCHAI" Time="0">
      <ZoneID>1</ZoneID>
      <GrowthRate>0.25</GrowthRate>
      <TranslationRate>0.0</TranslationRate>
      <TranslationDirection>0.0</TranslationDirection>
    </HazardZoneChangeCommand>
    <HazardZoneChangeCommand Series="SEARCHAI" Time="0">
      <ZoneID>3</ZoneID>
      <GrowthRate>0.25</GrowthRate>
      <TranslationRate>0.0</TranslationRate>
      <TranslationDirection>0.0</TranslationDirection>
    </HazardZoneChangeCommand>
    <HazardZoneChangeCommand Series="SEARCHAI" Time="0">
      <ZoneID>4</ZoneID>
      <GrowthRate>1.25</GrowthRate>
      <TranslationRate>0.0</TranslationRate>
      <TranslationDirection>0.0</TranslationDirection>
    </HazardZoneChangeCommand>
    <HazardZoneChangeCommand Series="SEARCHAI" Time="0">
      <ZoneID>5</ZoneID>
      <GrowthRate>1.25</GrowthRate>
      <TranslationRate>0.0</TranslationRate>
      <TranslationDirection>0.0</TranslationDirection>
    </HazardZoneChangeCommand>
    <WeatherReport Series="CMASI" Time="60">
      <WindSpeed>1.5</WindSpeed>
      <WindDirection>270.0</WindDirection>
      <Visibility>0.0</Visibility>
      <CloudCeiling>0.0</CloudCeiling>
      <CloudCoverage>0.0</CloudCoverage>
    </WeatherReport>
    <HazardZoneChangeCommand Series="SEARCHAI" Time="60">
      <ZoneID>1</ZoneID>
      <GrowthRate>0.5</GrowthRate>
      <TranslationRate>0.75</TranslationRate>
      <TranslationDirection>90.0</TranslationDirection>
    </HazardZoneChangeCommand>
    <HazardZoneChangeCommand Series="SEARCHAI" Time="60">
      <ZoneID>3</ZoneID>
      <GrowthRate>0.5</GrowthRate>
      <TranslationRate>1.5</TranslationRate>
      <TranslationDirection>90.0</TranslationDirection>
    </HazardZoneChangeCommand>
    <HazardZoneChangeCommand Series="SEARCHAI" Time="60">
      <ZoneID>4</ZoneID>
      <GrowthRate>1.0</GrowthRate>
      <TranslationRate>0.75</TranslationRate>
      <TranslationDirection>90.0</TranslationDirection>
    </HazardZoneChangeCommand>
    <HazardZoneChangeCommand Series="SEARCHAI" Time="60">
      <ZoneID>5</ZoneID>
      <GrowthRate>1.0</GrowthRate>
      <TranslationRate>1.5</TranslationRate>
      <TranslationDirection>90.0</TranslationDirection>
    </HazardZoneChangeCommand>
    <WeatherReport Series="CMASI" Time="600">
      <WindSpeed>4.0</WindSpeed>
      <WindDirection>180.0</WindDirection>
      <Visibility>0.0</Visibility>
      <CloudCeiling>0.0</CloudCeiling>
      <CloudCoverage>0.0</CloudCoverage>
    </WeatherReport>
    <HazardZoneChangeCommand Series="SEARCHAI" Time="600">
      <ZoneID>1</ZoneID>
      <GrowthRate>2.0</GrowthRate>
      <TranslationRate>2.0</TranslationRate>
      <TranslationDirection>0.0</TranslationDirection>
    </HazardZoneChangeCommand>
    <HazardZoneChangeCommand Series="SEARCHAI" Time="600">
      <ZoneID>3</ZoneID>
      <GrowthRate>2.0</GrowthRate>
      <TranslationRate>4.0</TranslationRate>
      <TranslationDirection>0.0</TranslationDirection>
    </HazardZoneChangeCommand>
    <HazardZoneChangeCommand Series="SEARCHAI" Time="600">
      <ZoneID>4</ZoneID>
      <GrowthRate>2.0</GrowthRate>
      <TranslationRate>2.0</TranslationRate>
      <TranslationDirection>0.0</TranslationDirection>
    </HazardZoneChangeCommand>
    <HazardZoneChangeCommand Series="SEARCHAI" Time="600">
      <ZoneID>5</ZoneID>
      <GrowthRate>2.0</GrowthRate>
      <TranslationRate>4.0</TranslationRate>
      <TranslationDirection>0.0</TranslationDirection>
    </HazardZoneChangeCommand>
    <WeatherReport Series="CMASI" Time="1200">
      <WindSpeed>3.0</WindSpeed>
      <WindDirection>135.0</WindDirection>
      <Visibility>0.0</Visibility>
      <CloudCeiling>0.0</CloudCeiling>
      <CloudCoverage>0.0</CloudCoverage>
    </WeatherReport>
    <HazardZoneChangeCommand Series="SEARCHAI" Time="1200">
      <ZoneID>1</ZoneID>
      <GrowthRate>3.0</GrowthRate>
      <TranslationRate>1.5</TranslationRate>
      <TranslationDirection>315.0</TranslationDirection>
    </HazardZoneChangeCommand>
    <HazardZoneChangeCommand Series="SEARCHAI" Time="1200">
      <ZoneID>3</ZoneID>
      <GrowthRate>3.0</GrowthRate>
      <TranslationRate>3.0</TranslationRate>
      <TranslationDirection>315.0</TranslationDirection>
    </HazardZoneChangeCommand>
    <HazardZoneChangeCommand Series="SEARCHAI" Time="1200">
      <ZoneID>4</ZoneID>
      <GrowthRate>3.5</GrowthRate>
      <TranslationRate>1.5</TranslationRate>
      <TranslationDirection>315.0</TranslationDirection>
    </HazardZoneChangeCommand>
    <HazardZoneChangeCommand Series="SEARCHAI" Time="1200">
      <ZoneID>5</ZoneID>
      <GrowthRate>3.5</GrowthRate>
      <TranslationRate>3.0</TranslationRate>
      <TranslationDirection>315.0</TranslationDirection>
    </HazardZoneChangeCommand>
    <WeatherReport Series="CMASI" Time="1600">
      <WindSpeed>2.0</WindSpeed>
      <WindDirection>0.0</WindDirection>
      <Visibility>0.0</Visibility>
      <CloudCeiling>0.0</CloudCeiling>
      <CloudCoverage>0.0</CloudCoverage>
    </WeatherReport>
    <HazardZoneChangeCommand Series="SEARCHAI" Time="1600">
      <ZoneID>1</ZoneID>
      <GrowthRate>2.0</GrowthRate>
      <TranslationRate>1.0</TranslationRate>
      <TranslationDirection>180.0</TranslationDirection>
    </HazardZoneChangeCommand>
    <HazardZoneChangeCommand Series="SEARCHAI" Time="1600">
      <ZoneID>3</ZoneID>
      <GrowthRate>2.0</GrowthRate>
      <TranslationRate>2.0</TranslationRate>
      <TranslationDirection>180.0</TranslationDirection>
    </HazardZoneChangeCommand>
    <HazardZoneChangeCommand Series="SEARCHAI" Time="1600">
      <ZoneID>4</ZoneID>
      <GrowthRate>1.5</GrowthRate>
      <TranslationRate>1.0</TranslationRate>
      <TranslationDirection>180.0</TranslationDirection>
    </HazardZoneChangeCommand>
    <HazardZoneChangeCommand Series="SEARCHAI" Time="1600">
      <ZoneID>5</ZoneID>
      <GrowthRate>1.5</GrowthRate>
      <TranslationRate>2.0</TranslationRate>
      <TranslationDirection>180.0</TranslationDirection>
    </HazardZoneChangeCommand>
    <WeatherReport Series="CMASI" Time="1800">
      <WindSpeed>0.0</WindSpeed>
      <WindDirection>0.0</WindDirection>
      <Visibility>0.0</Visibility>
      <CloudCeiling>0.0</CloudCeiling>
      <CloudCoverage>0.0</CloudCoverage>
    </WeatherReport>
    <HazardZoneChangeCommand Series="SEARCHAI" Time="1800">
      <ZoneID>1</ZoneID>
      <GrowthRate>-2.0</GrowthRate>
      <TranslationRate>0.0</TranslationRate>
      <TranslationDirection>0.0</TranslationDirection>
    </HazardZoneChangeCommand>
    <HazardZoneChangeCommand Series="SEARCHAI" Time="1800">
      <ZoneID>3</ZoneID>
      <GrowthRate>0.0</GrowthRate>
      <TranslationRate>0.0</TranslationRate>
      <TranslationDirection>0.0</TranslationDirection>
    </HazardZoneChangeCommand>
    <HazardZoneChangeCommand Series="SEARCHAI" Time="1800">
      <ZoneID>4</ZoneID>
      <GrowthRate>-1.0</GrowthRate>
      <TranslationRate>0.0</TranslationRate>
      <TranslationDirection>0.0</TranslationDirection>
    </HazardZoneChangeCommand>
    <HazardZoneChangeCommand Series="SEARCHAI" Time="1800">
      <ZoneID>5</ZoneID>
      <GrowthRate>0.0</GrowthRate>
      <TranslationRate>0.0</TranslationRate>
      <TranslationDirection>0.0</TranslationDirection>
    </HazardZoneChangeCommand>
    <WeatherReport Series="CMASI" Time="2200">
      <WindSpeed>5.0</WindSpeed>
      <WindDirection>90.0</WindDirection>
      <Visibility>0.0</Visibility>
      <CloudCeiling>0.0</CloudCeiling>
      <CloudCoverage>0.0</CloudCoverage>
    </WeatherReport>
    <HazardZoneChangeCommand Series="SEARCHAI" Time="2200">
      <ZoneID>1</ZoneID>
      <GrowthRate>0.0</GrowthRate>
      <TranslationRate>2.5</TranslationRate>
      <TranslationDirection>270.0</TranslationDirection>
    </HazardZoneChangeCommand>
    <HazardZoneChangeCommand Series="SEARCHAI" Time="2200">
      <ZoneID>3</ZoneID>
      <GrowthRate>0.0</GrowthRate>
      <TranslationRate>5.0</TranslationRate>
      <TranslationDirection>270.0</TranslationDirection>
    </HazardZoneChangeCommand>
    <HazardZoneChangeCommand Series="SEARCHAI" Time="2200">
      <ZoneID>4</ZoneID>
      <GrowthRate>2.0</GrowthRate>
      <TranslationRate>2.5</TranslationRate>
      <TranslationDirection>270.0</TranslationDirection>
    </HazardZoneChangeCommand>
    <HazardZoneChangeCommand Series="SEARCHAI" Time="2200">
      <ZoneID>5</ZoneID>
      <GrowthRate>2.0</GrowthRate>
      <TranslationRate>5.0</TranslationRate>
      <TranslationDirection>270.0</TranslationDirection>
    </HazardZoneChangeCommand>
    <WeatherReport Series="CMASI" Time="2900">
      <WindSpeed>5.0</WindSpeed>
      <WindDirection>225.0</WindDirection>
      <Visibility>0.0</Visibility>
      <CloudCeiling>0.0</CloudCeiling>
      <CloudCoverage>0.0</CloudCoverage>
    </WeatherReport>
    <HazardZoneChangeCommand Series="SEARCHAI" Time="2900">
      <ZoneID>1</ZoneID>
      <GrowthRate>-1.5</GrowthRate>
      <TranslationRate>2.5</TranslationRate>
      <TranslationDirection>45.0</TranslationDirection>
    </HazardZoneChangeCommand>
    <HazardZoneChangeCommand Series="SEARCHAI" Time="2900">
      <ZoneID>3</ZoneID>
      <GrowthRate>0.0</GrowthRate>
      <TranslationRate>5.0</TranslationRate>
      <TranslationDirection>45.0</TranslationDirection>
    </HazardZoneChangeCommand>
    <HazardZoneChangeCommand Series="SEARCHAI" Time="2900">
      <ZoneID>4</ZoneID>
      <GrowthRate>-0.5</GrowthRate>
      <TranslationRate>2.5</TranslationRate>
      <TranslationDirection>45.0</TranslationDirection>
    </HazardZoneChangeCommand>
    <HazardZoneChangeCommand Series="SEARCHAI" Time="2900">
      <ZoneID>5</ZoneID>
      <GrowthRate>0.0</GrowthRate>
      <TranslationRate>5.0</TranslationRate>
      <TranslationDirection>45.0</TranslationDirection>
    </HazardZoneChangeCommand>
    <WeatherReport Series="CMASI" Time="3450">
      <WindSpeed>0.0</WindSpeed>
      <WindDirection>0.0</WindDirection>
      <Visibility>0.0</Visibility>
      <CloudCeiling>0.0</CloudCeiling>
      <CloudCoverage>0.0</CloudCoverage>
    </WeatherReport>
    <HazardZoneChangeCommand Series="SEARCHAI" Time="3450">
      <ZoneID>1</ZoneID>
      <GrowthRate>0.0</GrowthRate>
      <TranslationRate>0.0</TranslationRate>
      <TranslationDirection>0.0</TranslationDirection>
    </HazardZoneChangeCommand>
    <HazardZoneChangeCommand Series="SEARCHAI" Time="3450">
      <ZoneID>3</ZoneID>
      <GrowthRate>0.0</GrowthRate>
      <TranslationRate>0.0</TranslationRate>
      <TranslationDirection>0.0</TranslationDirection>
    </HazardZoneChangeCommand>
    <HazardZoneChangeCommand Series="SEARCHAI" Time="3450">
      <ZoneID>4</ZoneID>
      <GrowthRate>0.0</GrowthRate>
      <TranslationRate>0.0</TranslationRate>
      <TranslationDirection>0.0</TranslationDirection>
    </HazardZoneChangeCommand>
    <HazardZoneChangeCommand Series="SEARCHAI" Time="3450">
      <ZoneID>5</ZoneID>
      <GrowthRate>0.0</GrowthRate>
      <TranslationRate>0.0</TranslationRate>
      <TranslationDirection>0.0</TranslationDirection>
    </HazardZoneChangeCommand>
  </ScenarioEventList>
</AMASE>
