<?xml version="1.0" ?>

<AMASE>
  <ScenarioData>
    <SimulationView LongExtent="0.5" Latitude="1.4927" Longitude="-132.5372"/>
    <ScenarioName>Challenge 2A Practice Scenario</ScenarioName>
    <Date>24/04/2008:00:00:00</Date>
    <ScenarioDuration>3601.08</ScenarioDuration>
  </ScenarioData>
  <ScenarioEventList>
    <KeepInZone Series="CMASI">
      <ZoneID>2</ZoneID>
      <MinAltitude>0.0</MinAltitude>
      <MinAltitudeType>AGL</MinAltitudeType>
      <MaxAltitude>5000.0</MaxAltitude>
      <MaxAltitudeType>MSL</MaxAltitudeType>
      <AffectedAircraft/>
      <StartTime>0</StartTime>
      <EndTime>0</EndTime>
      <Padding>0.0</Padding>
      <Label/>
      <Boundary>
        <Rectangle Series="CMASI">
          <CenterPoint>
            <Location3D Series="CMASI">
              <Latitude>1.4859422667171447</Latitude>
              <Longitude>-132.53555929799953</Longitude>
              <Altitude>0.0</Altitude>
              <AltitudeType>MSL</AltitudeType>
            </Location3D>
          </CenterPoint>
          <Width>40233.6</Width>
          <Height>40233.6</Height>
          <Rotation>0.0</Rotation>
        </Rectangle>
      </Boundary>
    </KeepInZone>
    <AirVehicleConfiguration Time="0.0" Series="CMASI">
      <MinimumSpeed>15.0</MinimumSpeed>
      <MaximumSpeed>35.0</MaximumSpeed>
      <NominalFlightProfile>
        <FlightProfile Series="CMASI">
          <Name>Cruise</Name>
          <Airspeed>30.0</Airspeed>
          <PitchAngle>0.0</PitchAngle>
          <VerticalSpeed>0.0</VerticalSpeed>
          <MaxBankAngle>30.0</MaxBankAngle>
          <EnergyRate>0.0</EnergyRate>
        </FlightProfile>
      </NominalFlightProfile>
      <AlternateFlightProfiles>
        <FlightProfile Series="CMASI">
          <Name>Climb</Name>
          <Airspeed>25.0</Airspeed>
          <PitchAngle>10.0</PitchAngle>
          <VerticalSpeed>5.0</VerticalSpeed>
          <MaxBankAngle>30.0</MaxBankAngle>
          <EnergyRate>0.0</EnergyRate>
        </FlightProfile>
        <FlightProfile Series="CMASI">
          <Name>Descent</Name>
          <Airspeed>25.0</Airspeed>
          <PitchAngle>-5.0</PitchAngle>
          <VerticalSpeed>-5.0</VerticalSpeed>
          <MaxBankAngle>30.0</MaxBankAngle>
          <EnergyRate>0.0</EnergyRate>
        </FlightProfile>
        <FlightProfile Series="CMASI">
          <Name>Loiter</Name>
          <Airspeed>20.0</Airspeed>
          <PitchAngle>5.0</PitchAngle>
          <VerticalSpeed>0.0</VerticalSpeed>
          <MaxBankAngle>30.0</MaxBankAngle>
          <EnergyRate>0.0</EnergyRate>
        </FlightProfile>
        <FlightProfile Series="CMASI">
          <Name>Dash</Name>
          <Airspeed>35.0</Airspeed>
          <PitchAngle>-2.0</PitchAngle>
          <VerticalSpeed>0.0</VerticalSpeed>
          <MaxBankAngle>30.0</MaxBankAngle>
          <EnergyRate>0.0</EnergyRate>
        </FlightProfile>
      </AlternateFlightProfiles>
      <AvailableLoiterTypes>
        <LoiterType>Circular</LoiterType>
        <LoiterType>Racetrack</LoiterType>
        <LoiterType>FigureEight</LoiterType>
      </AvailableLoiterTypes>
      <AvailableTurnTypes>
        <TurnType>TurnShort</TurnType>
        <TurnType>FlyOver</TurnType>
      </AvailableTurnTypes>
      <MinimumAltitude>0.0</MinimumAltitude>
      <MinAltitudeType>AGL</MinAltitudeType>
      <MaximumAltitude>1000000.0</MaximumAltitude>
      <MaxAltitudeType>MSL</MaxAltitudeType>
      <ID>1</ID>
      <Affiliation>Unknown</Affiliation>
      <EntityType/>
      <Label>UAV1</Label>
      <NominalSpeed>0.0</NominalSpeed>
      <NominalAltitude>0.0</NominalAltitude>
      <NominalAltitudeType>AGL</NominalAltitudeType>
      <PayloadConfigurationList>
        <GimbalConfiguration Series="CMASI">
          <SupportedPointingModes/>
          <MinAzimuth>-180.0</MinAzimuth>
          <MaxAzimuth>180.0</MaxAzimuth>
          <IsAzimuthClamped>false</IsAzimuthClamped>
          <MinElevation>-90.0</MinElevation>
          <MaxElevation>0.0</MaxElevation>
          <IsElevationClamped>false</IsElevationClamped>
          <MinRotation>0.0</MinRotation>
          <MaxRotation>0.0</MaxRotation>
          <IsRotationClamped>true</IsRotationClamped>
          <MaxAzimuthSlewRate>720.0</MaxAzimuthSlewRate>
          <MaxElevationSlewRate>720.0</MaxElevationSlewRate>
          <MaxRotationRate>0.0</MaxRotationRate>
          <ContainedPayloadList>
            <int64>2</int64>
            <int64>3</int64>
          </ContainedPayloadList>
          <PayloadID>1</PayloadID>
          <PayloadKind/>
          <Parameters/>
        </GimbalConfiguration>
        <CameraConfiguration Series="CMASI">
          <SupportedWavelengthBand>EO</SupportedWavelengthBand>
          <FieldOfViewMode>Continuous</FieldOfViewMode>
          <MinHorizontalFieldOfView>55.0</MinHorizontalFieldOfView>
          <MaxHorizontalFieldOfView>55.0</MaxHorizontalFieldOfView>
          <DiscreteHorizontalFieldOfViewList/>
          <VideoStreamHorizontalResolution>1024</VideoStreamHorizontalResolution>
          <VideoStreamVerticalResolution>768</VideoStreamVerticalResolution>
          <PayloadID>2</PayloadID>
          <PayloadKind/>
          <Parameters/>
        </CameraConfiguration>
        <HazardSensorConfiguration Series="SEARCHAI">
          <MaxRange>500.0</MaxRange>
          <HorizontalFOV>10.0</HorizontalFOV>
          <VerticalFOV>10.0</VerticalFOV>
          <DetectableHazardTypes>
            <HazardType>Fire</HazardType>
            <HazardType>Smoke</HazardType>
          </DetectableHazardTypes>
          <PayloadID>3</PayloadID>
          <PayloadKind/>
          <Parameters/>
        </HazardSensorConfiguration>
      </PayloadConfigurationList>
      <Info/>
    </AirVehicleConfiguration>
    <AirVehicleState Time="0.0" Series="CMASI">
      <Airspeed>15.0</Airspeed>
      <VerticalSpeed>0.0</VerticalSpeed>
      <WindSpeed>0.0</WindSpeed>
      <WindDirection>0.0</WindDirection>
      <ID>1</ID>
      <u>0.0</u>
      <v>0.0</v>
      <w>0.0</w>
      <udot>0.0</udot>
      <vdot>0.0</vdot>
      <wdot>0.0</wdot>
      <Heading>90.0</Heading>
      <Pitch>0.0</Pitch>
      <Roll>0.0</Roll>
      <p>0.0</p>
      <q>0.0</q>
      <r>0.0</r>
      <Course>0.0</Course>
      <Groundspeed>0.0</Groundspeed>
      <Location>
        <Location3D Series="CMASI">
          <Latitude>1.4755060078421338</Latitude>
          <Longitude>-132.51840310463675</Longitude>
          <Altitude>100.0</Altitude>
          <AltitudeType>MSL</AltitudeType>
        </Location3D>
      </Location>
      <EnergyAvailable>100.0</EnergyAvailable>
      <ActualEnergyRate>0.0</ActualEnergyRate>
      <PayloadStateList>
        <GimbalState Series="CMASI">
          <PointingMode>AirVehicleRelativeAngle</PointingMode>
          <Azimuth>0.0</Azimuth>
          <Elevation>-45.0</Elevation>
          <Rotation>0.0</Rotation>
          <PayloadID>1</PayloadID>
          <Parameters/>
        </GimbalState>
        <CameraState Series="CMASI">
          <HorizontalFieldOfView>60.0</HorizontalFieldOfView>
          <VerticalFieldOfView>0.0</VerticalFieldOfView>
          <Footprint/>
          <PointingMode>Unknown</PointingMode>
          <Azimuth>0.0</Azimuth>
          <Elevation>0.0</Elevation>
          <Rotation>0.0</Rotation>
          <PayloadID>2</PayloadID>
          <Parameters/>
        </CameraState>
        <HazardSensorState Series="SEARCHAI">
          <HorizontalFieldOfView>0.0</HorizontalFieldOfView>
          <VerticalFieldOfView>0.0</VerticalFieldOfView>
          <Footprint/>
          <PointingMode>Unknown</PointingMode>
          <Azimuth>0.0</Azimuth>
          <Elevation>0.0</Elevation>
          <Rotation>0.0</Rotation>
          <PayloadID>3</PayloadID>
          <Parameters/>
        </HazardSensorState>
      </PayloadStateList>
      <CurrentWaypoint>0</CurrentWaypoint>
      <CurrentCommand>0</CurrentCommand>
      <Mode>Waypoint</Mode>
      <AssociatedTasks/>
      <Time>0</Time>
      <Info/>
    </AirVehicleState>
    <AirVehicleConfiguration Time="0.0" Series="CMASI">
      <MinimumSpeed>15.0</MinimumSpeed>
      <MaximumSpeed>35.0</MaximumSpeed>
      <NominalFlightProfile>
        <FlightProfile Series="CMASI">
          <Name>Cruise</Name>
          <Airspeed>30.0</Airspeed>
          <PitchAngle>0.0</PitchAngle>
          <VerticalSpeed>0.0</VerticalSpeed>
          <MaxBankAngle>30.0</MaxBankAngle>
          <EnergyRate>0.0</EnergyRate>
        </FlightProfile>
      </NominalFlightProfile>
      <AlternateFlightProfiles>
        <FlightProfile Series="CMASI">
          <Name>Climb</Name>
          <Airspeed>25.0</Airspeed>
          <PitchAngle>10.0</PitchAngle>
          <VerticalSpeed>5.0</VerticalSpeed>
          <MaxBankAngle>30.0</MaxBankAngle>
          <EnergyRate>0.0</EnergyRate>
        </FlightProfile>
        <FlightProfile Series="CMASI">
          <Name>Descent</Name>
          <Airspeed>25.0</Airspeed>
          <PitchAngle>-5.0</PitchAngle>
          <VerticalSpeed>-5.0</VerticalSpeed>
          <MaxBankAngle>30.0</MaxBankAngle>
          <EnergyRate>0.0</EnergyRate>
        </FlightProfile>
        <FlightProfile Series="CMASI">
          <Name>Loiter</Name>
          <Airspeed>20.0</Airspeed>
          <PitchAngle>5.0</PitchAngle>
          <VerticalSpeed>0.0</VerticalSpeed>
          <MaxBankAngle>30.0</MaxBankAngle>
          <EnergyRate>0.0</EnergyRate>
        </FlightProfile>
        <FlightProfile Series="CMASI">
          <Name>Dash</Name>
          <Airspeed>35.0</Airspeed>
          <PitchAngle>-2.0</PitchAngle>
          <VerticalSpeed>0.0</VerticalSpeed>
          <MaxBankAngle>30.0</MaxBankAngle>
          <EnergyRate>0.0</EnergyRate>
        </FlightProfile>
      </AlternateFlightProfiles>
      <AvailableLoiterTypes>
        <LoiterType>Circular</LoiterType>
        <LoiterType>Racetrack</LoiterType>
        <LoiterType>FigureEight</LoiterType>
      </AvailableLoiterTypes>
      <AvailableTurnTypes>
        <TurnType>TurnShort</TurnType>
        <TurnType>FlyOver</TurnType>
      </AvailableTurnTypes>
      <MinimumAltitude>0.0</MinimumAltitude>
      <MinAltitudeType>AGL</MinAltitudeType>
      <MaximumAltitude>1000000.0</MaximumAltitude>
      <MaxAltitudeType>MSL</MaxAltitudeType>
      <ID>2</ID>
      <Affiliation>Unknown</Affiliation>
      <EntityType/>
      <Label>UAV2</Label>
      <NominalSpeed>0.0</NominalSpeed>
      <NominalAltitude>0.0</NominalAltitude>
      <NominalAltitudeType>AGL</NominalAltitudeType>
      <PayloadConfigurationList>
        <GimbalConfiguration Series="CMASI">
          <SupportedPointingModes/>
          <MinAzimuth>-180.0</MinAzimuth>
          <MaxAzimuth>180.0</MaxAzimuth>
          <IsAzimuthClamped>false</IsAzimuthClamped>
          <MinElevation>-90.0</MinElevation>
          <MaxElevation>0.0</MaxElevation>
          <IsElevationClamped>false</IsElevationClamped>
          <MinRotation>0.0</MinRotation>
          <MaxRotation>0.0</MaxRotation>
          <IsRotationClamped>true</IsRotationClamped>
          <MaxAzimuthSlewRate>720.0</MaxAzimuthSlewRate>
          <MaxElevationSlewRate>720.0</MaxElevationSlewRate>
          <MaxRotationRate>0.0</MaxRotationRate>
          <ContainedPayloadList>
            <int64>2</int64>
            <int64>3</int64>
          </ContainedPayloadList>
          <PayloadID>1</PayloadID>
          <PayloadKind/>
          <Parameters/>
        </GimbalConfiguration>
        <CameraConfiguration Series="CMASI">
          <SupportedWavelengthBand>EO</SupportedWavelengthBand>
          <FieldOfViewMode>Continuous</FieldOfViewMode>
          <MinHorizontalFieldOfView>55.0</MinHorizontalFieldOfView>
          <MaxHorizontalFieldOfView>55.0</MaxHorizontalFieldOfView>
          <DiscreteHorizontalFieldOfViewList/>
          <VideoStreamHorizontalResolution>1024</VideoStreamHorizontalResolution>
          <VideoStreamVerticalResolution>768</VideoStreamVerticalResolution>
          <PayloadID>2</PayloadID>
          <PayloadKind/>
          <Parameters/>
        </CameraConfiguration>
        <HazardSensorConfiguration Series="SEARCHAI">
          <MaxRange>500.0</MaxRange>
          <HorizontalFOV>10.0</HorizontalFOV>
          <VerticalFOV>10.0</VerticalFOV>
          <DetectableHazardTypes>
            <HazardType>Fire</HazardType>
            <HazardType>Smoke</HazardType>
          </DetectableHazardTypes>
          <PayloadID>3</PayloadID>
          <PayloadKind/>
          <Parameters/>
        </HazardSensorConfiguration>
      </PayloadConfigurationList>
      <Info/>
    </AirVehicleConfiguration>
    <AirVehicleState Time="0.0" Series="CMASI">
      <Airspeed>15.0</Airspeed>
      <VerticalSpeed>0.0</VerticalSpeed>
      <WindSpeed>0.0</WindSpeed>
      <WindDirection>0.0</WindDirection>
      <ID>2</ID>
      <u>0.0</u>
      <v>0.0</v>
      <w>0.0</w>
      <udot>0.0</udot>
      <vdot>0.0</vdot>
      <wdot>0.0</wdot>
      <Heading>315.0</Heading>
      <Pitch>0.0</Pitch>
      <Roll>0.0</Roll>
      <p>0.0</p>
      <q>0.0</q>
      <r>0.0</r>
      <Course>0.0</Course>
      <Groundspeed>0.0</Groundspeed>
      <Location>
        <Location3D Series="CMASI">
          <Latitude>1.309661465782675</Latitude>
          <Longitude>-132.36337207170138</Longitude>
          <Altitude>100.0</Altitude>
          <AltitudeType>MSL</AltitudeType>
        </Location3D>
      </Location>
      <EnergyAvailable>100.0</EnergyAvailable>
      <ActualEnergyRate>0.0</ActualEnergyRate>
      <PayloadStateList>
        <GimbalState Series="CMASI">
          <PointingMode>AirVehicleRelativeAngle</PointingMode>
          <Azimuth>0.0</Azimuth>
          <Elevation>-45.0</Elevation>
          <Rotation>0.0</Rotation>
          <PayloadID>1</PayloadID>
          <Parameters/>
        </GimbalState>
        <CameraState Series="CMASI">
          <HorizontalFieldOfView>60.0</HorizontalFieldOfView>
          <VerticalFieldOfView>0.0</VerticalFieldOfView>
          <Footprint/>
          <PointingMode>Unknown</PointingMode>
          <Azimuth>0.0</Azimuth>
          <Elevation>0.0</Elevation>
          <Rotation>0.0</Rotation>
          <PayloadID>2</PayloadID>
          <Parameters/>
        </CameraState>
        <HazardSensorState Series="SEARCHAI">
          <HorizontalFieldOfView>0.0</HorizontalFieldOfView>
          <VerticalFieldOfView>0.0</VerticalFieldOfView>
          <Footprint/>
          <PointingMode>Unknown</PointingMode>
          <Azimuth>0.0</Azimuth>
          <Elevation>0.0</Elevation>
          <Rotation>0.0</Rotation>
          <PayloadID>3</PayloadID>
          <Parameters/>
        </HazardSensorState>
      </PayloadStateList>
      <CurrentWaypoint>0</CurrentWaypoint>
      <CurrentCommand>0</CurrentCommand>
      <Mode>Waypoint</Mode>
      <AssociatedTasks/>
      <Time>0</Time>
      <Info/>
    </AirVehicleState>
    <AirVehicleConfiguration Time="0.0" Series="CMASI">
      <MinimumSpeed>15.0</MinimumSpeed>
      <MaximumSpeed>35.0</MaximumSpeed>
      <NominalFlightProfile>
        <FlightProfile Series="CMASI">
          <Name>Cruise</Name>
          <Airspeed>30.0</Airspeed>
          <PitchAngle>0.0</PitchAngle>
          <VerticalSpeed>0.0</VerticalSpeed>
          <MaxBankAngle>30.0</MaxBankAngle>
          <EnergyRate>0.0</EnergyRate>
        </FlightProfile>
      </NominalFlightProfile>
      <AlternateFlightProfiles>
        <FlightProfile Series="CMASI">
          <Name>Climb</Name>
          <Airspeed>25.0</Airspeed>
          <PitchAngle>10.0</PitchAngle>
          <VerticalSpeed>5.0</VerticalSpeed>
          <MaxBankAngle>30.0</MaxBankAngle>
          <EnergyRate>0.0</EnergyRate>
        </FlightProfile>
        <FlightProfile Series="CMASI">
          <Name>Descent</Name>
          <Airspeed>25.0</Airspeed>
          <PitchAngle>-5.0</PitchAngle>
          <VerticalSpeed>-5.0</VerticalSpeed>
          <MaxBankAngle>30.0</MaxBankAngle>
          <EnergyRate>0.0</EnergyRate>
        </FlightProfile>
        <FlightProfile Series="CMASI">
          <Name>Loiter</Name>
          <Airspeed>20.0</Airspeed>
          <PitchAngle>5.0</PitchAngle>
          <VerticalSpeed>0.0</VerticalSpeed>
          <MaxBankAngle>30.0</MaxBankAngle>
          <EnergyRate>0.0</EnergyRate>
        </FlightProfile>
        <FlightProfile Series="CMASI">
          <Name>Dash</Name>
          <Airspeed>35.0</Airspeed>
          <PitchAngle>-2.0</PitchAngle>
          <VerticalSpeed>0.0</VerticalSpeed>
          <MaxBankAngle>30.0</MaxBankAngle>
          <EnergyRate>0.0</EnergyRate>
        </FlightProfile>
      </AlternateFlightProfiles>
      <AvailableLoiterTypes>
        <LoiterType>Circular</LoiterType>
        <LoiterType>Racetrack</LoiterType>
        <LoiterType>FigureEight</LoiterType>
      </AvailableLoiterTypes>
      <AvailableTurnTypes>
        <TurnType>TurnShort</TurnType>
        <TurnType>FlyOver</TurnType>
      </AvailableTurnTypes>
      <MinimumAltitude>0.0</MinimumAltitude>
      <MinAltitudeType>AGL</MinAltitudeType>
      <MaximumAltitude>1000000.0</MaximumAltitude>
      <MaxAltitudeType>MSL</MaxAltitudeType>
      <ID>3</ID>
      <Affiliation>Unknown</Affiliation>
      <EntityType/>
      <Label>UAV3</Label>
      <NominalSpeed>0.0</NominalSpeed>
      <NominalAltitude>0.0</NominalAltitude>
      <NominalAltitudeType>AGL</NominalAltitudeType>
      <PayloadConfigurationList>
        <GimbalConfiguration Series="CMASI">
          <SupportedPointingModes/>
          <MinAzimuth>-180.0</MinAzimuth>
          <MaxAzimuth>180.0</MaxAzimuth>
          <IsAzimuthClamped>false</IsAzimuthClamped>
          <MinElevation>-90.0</MinElevation>
          <MaxElevation>0.0</MaxElevation>
          <IsElevationClamped>false</IsElevationClamped>
          <MinRotation>0.0</MinRotation>
          <MaxRotation>0.0</MaxRotation>
          <IsRotationClamped>true</IsRotationClamped>
          <MaxAzimuthSlewRate>720.0</MaxAzimuthSlewRate>
          <MaxElevationSlewRate>720.0</MaxElevationSlewRate>
          <MaxRotationRate>0.0</MaxRotationRate>
          <ContainedPayloadList>
            <int64>2</int64>
            <int64>3</int64>
          </ContainedPayloadList>
          <PayloadID>1</PayloadID>
          <PayloadKind/>
          <Parameters/>
        </GimbalConfiguration>
        <CameraConfiguration Series="CMASI">
          <SupportedWavelengthBand>EO</SupportedWavelengthBand>
          <FieldOfViewMode>Continuous</FieldOfViewMode>
          <MinHorizontalFieldOfView>55.0</MinHorizontalFieldOfView>
          <MaxHorizontalFieldOfView>55.0</MaxHorizontalFieldOfView>
          <DiscreteHorizontalFieldOfViewList/>
          <VideoStreamHorizontalResolution>1024</VideoStreamHorizontalResolution>
          <VideoStreamVerticalResolution>768</VideoStreamVerticalResolution>
          <PayloadID>2</PayloadID>
          <PayloadKind/>
          <Parameters/>
        </CameraConfiguration>
        <HazardSensorConfiguration Series="SEARCHAI">
          <MaxRange>500.0</MaxRange>
          <HorizontalFOV>10.0</HorizontalFOV>
          <VerticalFOV>10.0</VerticalFOV>
          <DetectableHazardTypes>
            <HazardType>Fire</HazardType>
            <HazardType>Smoke</HazardType>
          </DetectableHazardTypes>
          <PayloadID>3</PayloadID>
          <PayloadKind/>
          <Parameters/>
        </HazardSensorConfiguration>
      </PayloadConfigurationList>
      <Info/>
    </AirVehicleConfiguration>
    <AirVehicleState Series="CMASI">
      <Airspeed>15.0</Airspeed>
      <VerticalSpeed>0.0</VerticalSpeed>
      <WindSpeed>0.0</WindSpeed>
      <WindDirection>0.0</WindDirection>
      <ID>3</ID>
      <u>0.0</u>
      <v>0.0</v>
      <w>0.0</w>
      <udot>0.0</udot>
      <vdot>0.0</vdot>
      <wdot>0.0</wdot>
      <Heading>180.0</Heading>
      <Pitch>0.0</Pitch>
      <Roll>0.0</Roll>
      <p>0.0</p>
      <q>0.0</q>
      <r>0.0</r>
      <Course>0.0</Course>
      <Groundspeed>0.0</Groundspeed>
      <Location>
        <Location3D Series="CMASI">
          <Latitude>1.4703305005341492</Latitude>
          <Longitude>-132.5238391252343</Longitude>
          <Altitude>100.0</Altitude>
          <AltitudeType>MSL</AltitudeType>
        </Location3D>
      </Location>
      <EnergyAvailable>100.0</EnergyAvailable>
      <ActualEnergyRate>0.0</ActualEnergyRate>
      <PayloadStateList>
        <GimbalState Series="CMASI">
          <PointingMode>AirVehicleRelativeAngle</PointingMode>
          <Azimuth>0.0</Azimuth>
          <Elevation>-45.0</Elevation>
          <Rotation>0.0</Rotation>
          <PayloadID>1</PayloadID>
          <Parameters/>
        </GimbalState>
        <CameraState Series="CMASI">
          <HorizontalFieldOfView>60.0</HorizontalFieldOfView>
          <VerticalFieldOfView>0.0</VerticalFieldOfView>
          <Footprint/>
          <PointingMode>Unknown</PointingMode>
          <Azimuth>0.0</Azimuth>
          <Elevation>0.0</Elevation>
          <Rotation>0.0</Rotation>
          <PayloadID>2</PayloadID>
          <Parameters/>
        </CameraState>
        <HazardSensorState Series="SEARCHAI">
          <HorizontalFieldOfView>0.0</HorizontalFieldOfView>
          <VerticalFieldOfView>0.0</VerticalFieldOfView>
          <Footprint/>
          <PointingMode>Unknown</PointingMode>
          <Azimuth>0.0</Azimuth>
          <Elevation>0.0</Elevation>
          <Rotation>0.0</Rotation>
          <PayloadID>3</PayloadID>
          <Parameters/>
        </HazardSensorState>
      </PayloadStateList>
      <CurrentWaypoint>0</CurrentWaypoint>
      <CurrentCommand>0</CurrentCommand>
      <Mode>Waypoint</Mode>
      <AssociatedTasks/>
      <Time>0</Time>
      <Info/>
    </AirVehicleState>
    <AirVehicleConfiguration Time="0.0" Series="CMASI">
      <MinimumSpeed>15.0</MinimumSpeed>
      <MaximumSpeed>35.0</MaximumSpeed>
      <NominalFlightProfile>
        <FlightProfile Series="CMASI">
          <Name>Cruise</Name>
          <Airspeed>30.0</Airspeed>
          <PitchAngle>0.0</PitchAngle>
          <VerticalSpeed>0.0</VerticalSpeed>
          <MaxBankAngle>30.0</MaxBankAngle>
          <EnergyRate>0.0</EnergyRate>
        </FlightProfile>
      </NominalFlightProfile>
      <AlternateFlightProfiles>
        <FlightProfile Series="CMASI">
          <Name>Climb</Name>
          <Airspeed>25.0</Airspeed>
          <PitchAngle>10.0</PitchAngle>
          <VerticalSpeed>5.0</VerticalSpeed>
          <MaxBankAngle>30.0</MaxBankAngle>
          <EnergyRate>0.0</EnergyRate>
        </FlightProfile>
        <FlightProfile Series="CMASI">
          <Name>Descent</Name>
          <Airspeed>25.0</Airspeed>
          <PitchAngle>-5.0</PitchAngle>
          <VerticalSpeed>-5.0</VerticalSpeed>
          <MaxBankAngle>30.0</MaxBankAngle>
          <EnergyRate>0.0</EnergyRate>
        </FlightProfile>
        <FlightProfile Series="CMASI">
          <Name>Loiter</Name>
          <Airspeed>20.0</Airspeed>
          <PitchAngle>5.0</PitchAngle>
          <VerticalSpeed>0.0</VerticalSpeed>
          <MaxBankAngle>30.0</MaxBankAngle>
          <EnergyRate>0.0</EnergyRate>
        </FlightProfile>
        <FlightProfile Series="CMASI">
          <Name>Dash</Name>
          <Airspeed>35.0</Airspeed>
          <PitchAngle>-2.0</PitchAngle>
          <VerticalSpeed>0.0</VerticalSpeed>
          <MaxBankAngle>30.0</MaxBankAngle>
          <EnergyRate>0.0</EnergyRate>
        </FlightProfile>
      </AlternateFlightProfiles>
      <AvailableLoiterTypes>
        <LoiterType>Circular</LoiterType>
        <LoiterType>Racetrack</LoiterType>
        <LoiterType>FigureEight</LoiterType>
      </AvailableLoiterTypes>
      <AvailableTurnTypes>
        <TurnType>TurnShort</TurnType>
        <TurnType>FlyOver</TurnType>
      </AvailableTurnTypes>
      <MinimumAltitude>0.0</MinimumAltitude>
      <MinAltitudeType>AGL</MinAltitudeType>
      <MaximumAltitude>1000000.0</MaximumAltitude>
      <MaxAltitudeType>MSL</MaxAltitudeType>
      <ID>4</ID>
      <Affiliation>Unknown</Affiliation>
      <EntityType/>
      <Label>UAV4</Label>
      <NominalSpeed>0.0</NominalSpeed>
      <NominalAltitude>0.0</NominalAltitude>
      <NominalAltitudeType>AGL</NominalAltitudeType>
      <PayloadConfigurationList>
        <GimbalConfiguration Series="CMASI">
          <SupportedPointingModes/>
          <MinAzimuth>-180.0</MinAzimuth>
          <MaxAzimuth>180.0</MaxAzimuth>
          <IsAzimuthClamped>false</IsAzimuthClamped>
          <MinElevation>-90.0</MinElevation>
          <MaxElevation>0.0</MaxElevation>
          <IsElevationClamped>false</IsElevationClamped>
          <MinRotation>0.0</MinRotation>
          <MaxRotation>0.0</MaxRotation>
          <IsRotationClamped>true</IsRotationClamped>
          <MaxAzimuthSlewRate>720.0</MaxAzimuthSlewRate>
          <MaxElevationSlewRate>720.0</MaxElevationSlewRate>
          <MaxRotationRate>0.0</MaxRotationRate>
          <ContainedPayloadList>
            <int64>2</int64>
            <int64>3</int64>
          </ContainedPayloadList>
          <PayloadID>1</PayloadID>
          <PayloadKind/>
          <Parameters/>
        </GimbalConfiguration>
        <CameraConfiguration Series="CMASI">
          <SupportedWavelengthBand>EO</SupportedWavelengthBand>
          <FieldOfViewMode>Continuous</FieldOfViewMode>
          <MinHorizontalFieldOfView>55.0</MinHorizontalFieldOfView>
          <MaxHorizontalFieldOfView>55.0</MaxHorizontalFieldOfView>
          <DiscreteHorizontalFieldOfViewList/>
          <VideoStreamHorizontalResolution>1024</VideoStreamHorizontalResolution>
          <VideoStreamVerticalResolution>768</VideoStreamVerticalResolution>
          <PayloadID>2</PayloadID>
          <PayloadKind/>
          <Parameters/>
        </CameraConfiguration>
        <HazardSensorConfiguration Series="SEARCHAI">
          <MaxRange>500.0</MaxRange>
          <HorizontalFOV>10.0</HorizontalFOV>
          <VerticalFOV>10.0</VerticalFOV>
          <DetectableHazardTypes>
            <HazardType>Fire</HazardType>
            <HazardType>Smoke</HazardType>
          </DetectableHazardTypes>
          <PayloadID>3</PayloadID>
          <PayloadKind/>
          <Parameters/>
        </HazardSensorConfiguration>
      </PayloadConfigurationList>
      <Info/>
    </AirVehicleConfiguration>
    <AirVehicleState Series="CMASI">
      <Airspeed>15.0</Airspeed>
      <VerticalSpeed>0.0</VerticalSpeed>
      <WindSpeed>0.0</WindSpeed>
      <WindDirection>0.0</WindDirection>
      <ID>4</ID>
      <u>0.0</u>
      <v>0.0</v>
      <w>0.0</w>
      <udot>0.0</udot>
      <vdot>0.0</vdot>
      <wdot>0.0</wdot>
      <Heading>315.0</Heading>
      <Pitch>0.0</Pitch>
      <Roll>0.0</Roll>
      <p>0.0</p>
      <q>0.0</q>
      <r>0.0</r>
      <Course>0.0</Course>
      <Groundspeed>0.0</Groundspeed>
      <Location>
        <Location3D Series="CMASI">
          <Latitude>1.3155046178414782</Latitude>
          <Longitude>-132.36377057714432</Longitude>
          <Altitude>100.0</Altitude>
          <AltitudeType>MSL</AltitudeType>
        </Location3D>
      </Location>
      <EnergyAvailable>100.0</EnergyAvailable>
      <ActualEnergyRate>0.0</ActualEnergyRate>
      <PayloadStateList>
        <GimbalState Series="CMASI">
          <PointingMode>AirVehicleRelativeAngle</PointingMode>
          <Azimuth>0.0</Azimuth>
          <Elevation>-45.0</Elevation>
          <Rotation>0.0</Rotation>
          <PayloadID>1</PayloadID>
          <Parameters/>
        </GimbalState>
        <CameraState Series="CMASI">
          <HorizontalFieldOfView>60.0</HorizontalFieldOfView>
          <VerticalFieldOfView>0.0</VerticalFieldOfView>
          <Footprint/>
          <PointingMode>Unknown</PointingMode>
          <Azimuth>0.0</Azimuth>
          <Elevation>0.0</Elevation>
          <Rotation>0.0</Rotation>
          <PayloadID>2</PayloadID>
          <Parameters/>
        </CameraState>
        <HazardSensorState Series="SEARCHAI">
          <HorizontalFieldOfView>0.0</HorizontalFieldOfView>
          <VerticalFieldOfView>0.0</VerticalFieldOfView>
          <Footprint/>
          <PointingMode>Unknown</PointingMode>
          <Azimuth>0.0</Azimuth>
          <Elevation>0.0</Elevation>
          <Rotation>0.0</Rotation>
          <PayloadID>3</PayloadID>
          <Parameters/>
        </HazardSensorState>
      </PayloadStateList>
      <CurrentWaypoint>0</CurrentWaypoint>
      <CurrentCommand>0</CurrentCommand>
      <Mode>Waypoint</Mode>
      <AssociatedTasks/>
      <Time>0</Time>
      <Info/>
    </AirVehicleState>
    <AirVehicleConfiguration Time="0.0" Series="CMASI">
      <MinimumSpeed>15.0</MinimumSpeed>
      <MaximumSpeed>35.0</MaximumSpeed>
      <NominalFlightProfile>
        <FlightProfile Series="CMASI">
          <Name>Cruise</Name>
          <Airspeed>30.0</Airspeed>
          <PitchAngle>0.0</PitchAngle>
          <VerticalSpeed>0.0</VerticalSpeed>
          <MaxBankAngle>30.0</MaxBankAngle>
          <EnergyRate>0.0</EnergyRate>
        </FlightProfile>
      </NominalFlightProfile>
      <AlternateFlightProfiles>
        <FlightProfile Series="CMASI">
          <Name>Climb</Name>
          <Airspeed>25.0</Airspeed>
          <PitchAngle>10.0</PitchAngle>
          <VerticalSpeed>5.0</VerticalSpeed>
          <MaxBankAngle>30.0</MaxBankAngle>
          <EnergyRate>0.0</EnergyRate>
        </FlightProfile>
        <FlightProfile Series="CMASI">
          <Name>Descent</Name>
          <Airspeed>25.0</Airspeed>
          <PitchAngle>-5.0</PitchAngle>
          <VerticalSpeed>-5.0</VerticalSpeed>
          <MaxBankAngle>30.0</MaxBankAngle>
          <EnergyRate>0.0</EnergyRate>
        </FlightProfile>
        <FlightProfile Series="CMASI">
          <Name>Loiter</Name>
          <Airspeed>20.0</Airspeed>
          <PitchAngle>5.0</PitchAngle>
          <VerticalSpeed>0.0</VerticalSpeed>
          <MaxBankAngle>30.0</MaxBankAngle>
          <EnergyRate>0.0</EnergyRate>
        </FlightProfile>
        <FlightProfile Series="CMASI">
          <Name>Dash</Name>
          <Airspeed>35.0</Airspeed>
          <PitchAngle>-2.0</PitchAngle>
          <VerticalSpeed>0.0</VerticalSpeed>
          <MaxBankAngle>30.0</MaxBankAngle>
          <EnergyRate>0.0</EnergyRate>
        </FlightProfile>
      </AlternateFlightProfiles>
      <AvailableLoiterTypes>
        <LoiterType>Circular</LoiterType>
        <LoiterType>Racetrack</LoiterType>
        <LoiterType>FigureEight</LoiterType>
      </AvailableLoiterTypes>
      <AvailableTurnTypes>
        <TurnType>TurnShort</TurnType>
        <TurnType>FlyOver</TurnType>
      </AvailableTurnTypes>
      <MinimumAltitude>0.0</MinimumAltitude>
      <MinAltitudeType>AGL</MinAltitudeType>
      <MaximumAltitude>1000000.0</MaximumAltitude>
      <MaxAltitudeType>MSL</MaxAltitudeType>
      <ID>5</ID>
      <Affiliation>Unknown</Affiliation>
      <EntityType/>
      <Label>UAV5</Label>
      <NominalSpeed>0.0</NominalSpeed>
      <NominalAltitude>0.0</NominalAltitude>
      <NominalAltitudeType>AGL</NominalAltitudeType>
      <PayloadConfigurationList>
        <GimbalConfiguration Series="CMASI">
          <SupportedPointingModes/>
          <MinAzimuth>-180.0</MinAzimuth>
          <MaxAzimuth>180.0</MaxAzimuth>
          <IsAzimuthClamped>false</IsAzimuthClamped>
          <MinElevation>-90.0</MinElevation>
          <MaxElevation>0.0</MaxElevation>
          <IsElevationClamped>false</IsElevationClamped>
          <MinRotation>0.0</MinRotation>
          <MaxRotation>0.0</MaxRotation>
          <IsRotationClamped>true</IsRotationClamped>
          <MaxAzimuthSlewRate>720.0</MaxAzimuthSlewRate>
          <MaxElevationSlewRate>720.0</MaxElevationSlewRate>
          <MaxRotationRate>0.0</MaxRotationRate>
          <ContainedPayloadList>
            <int64>2</int64>
            <int64>3</int64>
          </ContainedPayloadList>
          <PayloadID>1</PayloadID>
          <PayloadKind/>
          <Parameters/>
        </GimbalConfiguration>
        <CameraConfiguration Series="CMASI">
          <SupportedWavelengthBand>EO</SupportedWavelengthBand>
          <FieldOfViewMode>Continuous</FieldOfViewMode>
          <MinHorizontalFieldOfView>55.0</MinHorizontalFieldOfView>
          <MaxHorizontalFieldOfView>55.0</MaxHorizontalFieldOfView>
          <DiscreteHorizontalFieldOfViewList/>
          <VideoStreamHorizontalResolution>1024</VideoStreamHorizontalResolution>
          <VideoStreamVerticalResolution>768</VideoStreamVerticalResolution>
          <PayloadID>2</PayloadID>
          <PayloadKind/>
          <Parameters/>
        </CameraConfiguration>
        <HazardSensorConfiguration Series="SEARCHAI">
          <MaxRange>500.0</MaxRange>
          <HorizontalFOV>10.0</HorizontalFOV>
          <VerticalFOV>10.0</VerticalFOV>
          <DetectableHazardTypes>
            <HazardType>Fire</HazardType>
            <HazardType>Smoke</HazardType>
          </DetectableHazardTypes>
          <PayloadID>3</PayloadID>
          <PayloadKind/>
          <Parameters/>
        </HazardSensorConfiguration>
      </PayloadConfigurationList>
      <Info/>
    </AirVehicleConfiguration>
    <AirVehicleState Series="CMASI">
      <Airspeed>15.0</Airspeed>
      <VerticalSpeed>0.0</VerticalSpeed>
      <WindSpeed>0.0</WindSpeed>
      <WindDirection>0.0</WindDirection>
      <ID>5</ID>
      <u>0.0</u>
      <v>0.0</v>
      <w>0.0</w>
      <udot>0.0</udot>
      <vdot>0.0</vdot>
      <wdot>0.0</wdot>
      <Heading>270.0</Heading>
      <Pitch>0.0</Pitch>
      <Roll>0.0</Roll>
      <p>0.0</p>
      <q>0.0</q>
      <r>0.0</r>
      <Course>0.0</Course>
      <Groundspeed>0.0</Groundspeed>
      <Location>
        <Location3D Series="CMASI">
          <Latitude>1.4757647832075331</Latitude>
          <Longitude>-132.53031057832666</Longitude>
          <Altitude>100.0</Altitude>
          <AltitudeType>MSL</AltitudeType>
        </Location3D>
      </Location>
      <EnergyAvailable>100.0</EnergyAvailable>
      <ActualEnergyRate>0.0</ActualEnergyRate>
      <PayloadStateList>
        <GimbalState Series="CMASI">
          <PointingMode>AirVehicleRelativeAngle</PointingMode>
          <Azimuth>0.0</Azimuth>
          <Elevation>-45.0</Elevation>
          <Rotation>0.0</Rotation>
          <PayloadID>1</PayloadID>
          <Parameters/>
        </GimbalState>
        <CameraState Series="CMASI">
          <HorizontalFieldOfView>60.0</HorizontalFieldOfView>
          <VerticalFieldOfView>0.0</VerticalFieldOfView>
          <Footprint/>
          <PointingMode>Unknown</PointingMode>
          <Azimuth>0.0</Azimuth>
          <Elevation>0.0</Elevation>
          <Rotation>0.0</Rotation>
          <PayloadID>2</PayloadID>
          <Parameters/>
        </CameraState>
        <HazardSensorState Series="SEARCHAI">
          <HorizontalFieldOfView>0.0</HorizontalFieldOfView>
          <VerticalFieldOfView>0.0</VerticalFieldOfView>
          <Footprint/>
          <PointingMode>Unknown</PointingMode>
          <Azimuth>0.0</Azimuth>
          <Elevation>0.0</Elevation>
          <Rotation>0.0</Rotation>
          <PayloadID>3</PayloadID>
          <Parameters/>
        </HazardSensorState>
      </PayloadStateList>
      <CurrentWaypoint>0</CurrentWaypoint>
      <CurrentCommand>0</CurrentCommand>
      <Mode>Waypoint</Mode>
      <AssociatedTasks/>
      <Time>0</Time>
      <Info/>
    </AirVehicleState>
    <AirVehicleConfiguration Time="0.0" Series="CMASI">
      <MinimumSpeed>15.0</MinimumSpeed>
      <MaximumSpeed>35.0</MaximumSpeed>
      <NominalFlightProfile>
        <FlightProfile Series="CMASI">
          <Name>Cruise</Name>
          <Airspeed>30.0</Airspeed>
          <PitchAngle>0.0</PitchAngle>
          <VerticalSpeed>0.0</VerticalSpeed>
          <MaxBankAngle>30.0</MaxBankAngle>
          <EnergyRate>0.0</EnergyRate>
        </FlightProfile>
      </NominalFlightProfile>
      <AlternateFlightProfiles>
        <FlightProfile Series="CMASI">
          <Name>Climb</Name>
          <Airspeed>25.0</Airspeed>
          <PitchAngle>10.0</PitchAngle>
          <VerticalSpeed>5.0</VerticalSpeed>
          <MaxBankAngle>30.0</MaxBankAngle>
          <EnergyRate>0.0</EnergyRate>
        </FlightProfile>
        <FlightProfile Series="CMASI">
          <Name>Descent</Name>
          <Airspeed>25.0</Airspeed>
          <PitchAngle>-5.0</PitchAngle>
          <VerticalSpeed>-5.0</VerticalSpeed>
          <MaxBankAngle>30.0</MaxBankAngle>
          <EnergyRate>0.0</EnergyRate>
        </FlightProfile>
        <FlightProfile Series="CMASI">
          <Name>Loiter</Name>
          <Airspeed>20.0</Airspeed>
          <PitchAngle>5.0</PitchAngle>
          <VerticalSpeed>0.0</VerticalSpeed>
          <MaxBankAngle>30.0</MaxBankAngle>
          <EnergyRate>0.0</EnergyRate>
        </FlightProfile>
        <FlightProfile Series="CMASI">
          <Name>Dash</Name>
          <Airspeed>35.0</Airspeed>
          <PitchAngle>-2.0</PitchAngle>
          <VerticalSpeed>0.0</VerticalSpeed>
          <MaxBankAngle>30.0</MaxBankAngle>
          <EnergyRate>0.0</EnergyRate>
        </FlightProfile>
      </AlternateFlightProfiles>
      <AvailableLoiterTypes>
        <LoiterType>Circular</LoiterType>
        <LoiterType>Racetrack</LoiterType>
        <LoiterType>FigureEight</LoiterType>
      </AvailableLoiterTypes>
      <AvailableTurnTypes>
        <TurnType>TurnShort</TurnType>
        <TurnType>FlyOver</TurnType>
      </AvailableTurnTypes>
      <MinimumAltitude>0.0</MinimumAltitude>
      <MinAltitudeType>AGL</MinAltitudeType>
      <MaximumAltitude>1000000.0</MaximumAltitude>
      <MaxAltitudeType>MSL</MaxAltitudeType>
      <ID>6</ID>
      <Affiliation>Unknown</Affiliation>
      <EntityType/>
      <Label>UAV6</Label>
      <NominalSpeed>0.0</NominalSpeed>
      <NominalAltitude>0.0</NominalAltitude>
      <NominalAltitudeType>AGL</NominalAltitudeType>
      <PayloadConfigurationList>
        <GimbalConfiguration Series="CMASI">
          <SupportedPointingModes/>
          <MinAzimuth>-180.0</MinAzimuth>
          <MaxAzimuth>180.0</MaxAzimuth>
          <IsAzimuthClamped>false</IsAzimuthClamped>
          <MinElevation>-90.0</MinElevation>
          <MaxElevation>0.0</MaxElevation>
          <IsElevationClamped>false</IsElevationClamped>
          <MinRotation>0.0</MinRotation>
          <MaxRotation>0.0</MaxRotation>
          <IsRotationClamped>true</IsRotationClamped>
          <MaxAzimuthSlewRate>720.0</MaxAzimuthSlewRate>
          <MaxElevationSlewRate>720.0</MaxElevationSlewRate>
          <MaxRotationRate>0.0</MaxRotationRate>
          <ContainedPayloadList>
            <int64>2</int64>
            <int64>3</int64>
          </ContainedPayloadList>
          <PayloadID>1</PayloadID>
          <PayloadKind/>
          <Parameters/>
        </GimbalConfiguration>
        <CameraConfiguration Series="CMASI">
          <SupportedWavelengthBand>EO</SupportedWavelengthBand>
          <FieldOfViewMode>Continuous</FieldOfViewMode>
          <MinHorizontalFieldOfView>55.0</MinHorizontalFieldOfView>
          <MaxHorizontalFieldOfView>55.0</MaxHorizontalFieldOfView>
          <DiscreteHorizontalFieldOfViewList/>
          <VideoStreamHorizontalResolution>1024</VideoStreamHorizontalResolution>
          <VideoStreamVerticalResolution>768</VideoStreamVerticalResolution>
          <PayloadID>2</PayloadID>
          <PayloadKind/>
          <Parameters/>
        </CameraConfiguration>
        <HazardSensorConfiguration Series="SEARCHAI">
          <MaxRange>500.0</MaxRange>
          <HorizontalFOV>10.0</HorizontalFOV>
          <VerticalFOV>10.0</VerticalFOV>
          <DetectableHazardTypes>
            <HazardType>Fire</HazardType>
            <HazardType>Smoke</HazardType>
          </DetectableHazardTypes>
          <PayloadID>3</PayloadID>
          <PayloadKind/>
          <Parameters/>
        </HazardSensorConfiguration>
      </PayloadConfigurationList>
      <Info/>
    </AirVehicleConfiguration>
    <AirVehicleState Series="CMASI">
      <Airspeed>15.0</Airspeed>
      <VerticalSpeed>0.0</VerticalSpeed>
      <WindSpeed>0.0</WindSpeed>
      <WindDirection>0.0</WindDirection>
      <ID>6</ID>
      <u>0.0</u>
      <v>0.0</v>
      <w>0.0</w>
      <udot>0.0</udot>
      <vdot>0.0</vdot>
      <wdot>0.0</wdot>
      <Heading>315.0</Heading>
      <Pitch>0.0</Pitch>
      <Roll>0.0</Roll>
      <p>0.0</p>
      <q>0.0</q>
      <r>0.0</r>
      <Course>0.0</Course>
      <Groundspeed>0.0</Groundspeed>
      <Location>
        <Location3D Series="CMASI">
          <Latitude>1.3125830418120767</Latitude>
          <Longitude>-132.3600511930103</Longitude>
          <Altitude>100.0</Altitude>
          <AltitudeType>MSL</AltitudeType>
        </Location3D>
      </Location>
      <EnergyAvailable>100.0</EnergyAvailable>
      <ActualEnergyRate>0.0</ActualEnergyRate>
      <PayloadStateList>
        <GimbalState Series="CMASI">
          <PointingMode>AirVehicleRelativeAngle</PointingMode>
          <Azimuth>0.0</Azimuth>
          <Elevation>-45.0</Elevation>
          <Rotation>0.0</Rotation>
          <PayloadID>1</PayloadID>
          <Parameters/>
        </GimbalState>
        <CameraState Series="CMASI">
          <HorizontalFieldOfView>60.0</HorizontalFieldOfView>
          <VerticalFieldOfView>0.0</VerticalFieldOfView>
          <Footprint/>
          <PointingMode>Unknown</PointingMode>
          <Azimuth>0.0</Azimuth>
          <Elevation>0.0</Elevation>
          <Rotation>0.0</Rotation>
          <PayloadID>2</PayloadID>
          <Parameters/>
        </CameraState>
        <HazardSensorState Series="SEARCHAI">
          <HorizontalFieldOfView>0.0</HorizontalFieldOfView>
          <VerticalFieldOfView>0.0</VerticalFieldOfView>
          <Footprint/>
          <PointingMode>Unknown</PointingMode>
          <Azimuth>0.0</Azimuth>
          <Elevation>0.0</Elevation>
          <Rotation>0.0</Rotation>
          <PayloadID>3</PayloadID>
          <Parameters/>
        </HazardSensorState>
      </PayloadStateList>
      <CurrentWaypoint>0</CurrentWaypoint>
      <CurrentCommand>0</CurrentCommand>
      <Mode>Waypoint</Mode>
      <AssociatedTasks/>
      <Time>0</Time>
      <Info/>
    </AirVehicleState>
    <AirVehicleConfiguration Time="0.0" Series="CMASI">
      <MinimumSpeed>15.0</MinimumSpeed>
      <MaximumSpeed>25.0</MaximumSpeed>
      <NominalFlightProfile>
        <FlightProfile Series="CMASI">
          <Name>Cruise</Name>
          <Airspeed>20.0</Airspeed>
          <PitchAngle>0.0</PitchAngle>
          <VerticalSpeed>0.0</VerticalSpeed>
          <MaxBankAngle>30.0</MaxBankAngle>
          <EnergyRate>0.0</EnergyRate>
        </FlightProfile>
      </NominalFlightProfile>
      <AlternateFlightProfiles>
        <FlightProfile Series="CMASI">
          <Name>Climb</Name>
          <Airspeed>15.0</Airspeed>
          <PitchAngle>10.0</PitchAngle>
          <VerticalSpeed>5.0</VerticalSpeed>
          <MaxBankAngle>30.0</MaxBankAngle>
          <EnergyRate>0.0</EnergyRate>
        </FlightProfile>
        <FlightProfile Series="CMASI">
          <Name>Descent</Name>
          <Airspeed>15.0</Airspeed>
          <PitchAngle>-5.0</PitchAngle>
          <VerticalSpeed>-5.0</VerticalSpeed>
          <MaxBankAngle>30.0</MaxBankAngle>
          <EnergyRate>0.0</EnergyRate>
        </FlightProfile>
        <FlightProfile Series="CMASI">
          <Name>Loiter</Name>
          <Airspeed>10.0</Airspeed>
          <PitchAngle>5.0</PitchAngle>
          <VerticalSpeed>0.0</VerticalSpeed>
          <MaxBankAngle>30.0</MaxBankAngle>
          <EnergyRate>0.0</EnergyRate>
        </FlightProfile>
        <FlightProfile Series="CMASI">
          <Name>Dash</Name>
          <Airspeed>25.0</Airspeed>
          <PitchAngle>-2.0</PitchAngle>
          <VerticalSpeed>0.0</VerticalSpeed>
          <MaxBankAngle>30.0</MaxBankAngle>
          <EnergyRate>0.0</EnergyRate>
        </FlightProfile>
      </AlternateFlightProfiles>
      <AvailableLoiterTypes>
        <LoiterType>Circular</LoiterType>
        <LoiterType>Racetrack</LoiterType>
        <LoiterType>FigureEight</LoiterType>
      </AvailableLoiterTypes>
      <AvailableTurnTypes>
        <TurnType>TurnShort</TurnType>
        <TurnType>FlyOver</TurnType>
      </AvailableTurnTypes>
      <MinimumAltitude>0.0</MinimumAltitude>
      <MinAltitudeType>AGL</MinAltitudeType>
      <MaximumAltitude>1000000.0</MaximumAltitude>
      <MaxAltitudeType>MSL</MaxAltitudeType>
      <ID>7</ID>
      <Affiliation>Unknown</Affiliation>
      <EntityType/>
      <Label>UAV7</Label>
      <NominalSpeed>0.0</NominalSpeed>
      <NominalAltitude>0.0</NominalAltitude>
      <NominalAltitudeType>AGL</NominalAltitudeType>
      <PayloadConfigurationList>
        <GimbalConfiguration Series="CMASI">
          <SupportedPointingModes/>
          <MinAzimuth>-180.0</MinAzimuth>
          <MaxAzimuth>180.0</MaxAzimuth>
          <IsAzimuthClamped>false</IsAzimuthClamped>
          <MinElevation>-90.0</MinElevation>
          <MaxElevation>0.0</MaxElevation>
          <IsElevationClamped>false</IsElevationClamped>
          <MinRotation>0.0</MinRotation>
          <MaxRotation>0.0</MaxRotation>
          <IsRotationClamped>true</IsRotationClamped>
          <MaxAzimuthSlewRate>720.0</MaxAzimuthSlewRate>
          <MaxElevationSlewRate>720.0</MaxElevationSlewRate>
          <MaxRotationRate>0.0</MaxRotationRate>
          <ContainedPayloadList>
            <int64>2</int64>
            <int64>3</int64>
          </ContainedPayloadList>
          <PayloadID>1</PayloadID>
          <PayloadKind/>
          <Parameters/>
        </GimbalConfiguration>
        <CameraConfiguration Series="CMASI">
          <SupportedWavelengthBand>EO</SupportedWavelengthBand>
          <FieldOfViewMode>Continuous</FieldOfViewMode>
          <MinHorizontalFieldOfView>55.0</MinHorizontalFieldOfView>
          <MaxHorizontalFieldOfView>55.0</MaxHorizontalFieldOfView>
          <DiscreteHorizontalFieldOfViewList/>
          <VideoStreamHorizontalResolution>1024</VideoStreamHorizontalResolution>
          <VideoStreamVerticalResolution>768</VideoStreamVerticalResolution>
          <PayloadID>2</PayloadID>
          <PayloadKind/>
          <Parameters/>
        </CameraConfiguration>
        <HazardSensorConfiguration Series="SEARCHAI">
          <MaxRange>1000.0</MaxRange>
          <HorizontalFOV>10.0</HorizontalFOV>
          <VerticalFOV>10.0</VerticalFOV>
          <DetectableHazardTypes>
            <HazardType>Fire</HazardType>
            <HazardType>Smoke</HazardType>
          </DetectableHazardTypes>
          <PayloadID>3</PayloadID>
          <PayloadKind/>
          <Parameters/>
        </HazardSensorConfiguration>
      </PayloadConfigurationList>
      <Info/>
    </AirVehicleConfiguration>
    <AirVehicleState Series="CMASI">
      <Airspeed>15.0</Airspeed>
      <VerticalSpeed>0.0</VerticalSpeed>
      <WindSpeed>0.0</WindSpeed>
      <WindDirection>0.0</WindDirection>
      <ID>7</ID>
      <u>0.0</u>
      <v>0.0</v>
      <w>0.0</w>
      <udot>0.0</udot>
      <vdot>0.0</vdot>
      <wdot>0.0</wdot>
      <Heading>0.0</Heading>
      <Pitch>0.0</Pitch>
      <Roll>0.0</Roll>
      <p>0.0</p>
      <q>0.0</q>
      <r>0.0</r>
      <Course>0.0</Course>
      <Groundspeed>0.0</Groundspeed>
      <Location>
        <Location3D Series="CMASI">
          <Latitude>1.4804227397847194</Latitude>
          <Longitude>-132.524097983358</Longitude>
          <Altitude>100.0</Altitude>
          <AltitudeType>MSL</AltitudeType>
        </Location3D>
      </Location>
      <EnergyAvailable>100.0</EnergyAvailable>
      <ActualEnergyRate>0.0</ActualEnergyRate>
      <PayloadStateList>
        <GimbalState Series="CMASI">
          <PointingMode>AirVehicleRelativeAngle</PointingMode>
          <Azimuth>0.0</Azimuth>
          <Elevation>-45.0</Elevation>
          <Rotation>0.0</Rotation>
          <PayloadID>1</PayloadID>
          <Parameters/>
        </GimbalState>
        <CameraState Series="CMASI">
          <HorizontalFieldOfView>60.0</HorizontalFieldOfView>
          <VerticalFieldOfView>0.0</VerticalFieldOfView>
          <Footprint/>
          <PointingMode>Unknown</PointingMode>
          <Azimuth>0.0</Azimuth>
          <Elevation>0.0</Elevation>
          <Rotation>0.0</Rotation>
          <PayloadID>2</PayloadID>
          <Parameters/>
        </CameraState>
        <HazardSensorState Series="SEARCHAI">
          <HorizontalFieldOfView>0.0</HorizontalFieldOfView>
          <VerticalFieldOfView>0.0</VerticalFieldOfView>
          <Footprint/>
          <PointingMode>Unknown</PointingMode>
          <Azimuth>0.0</Azimuth>
          <Elevation>0.0</Elevation>
          <Rotation>0.0</Rotation>
          <PayloadID>3</PayloadID>
          <Parameters/>
        </HazardSensorState>
      </PayloadStateList>
      <CurrentWaypoint>0</CurrentWaypoint>
      <CurrentCommand>0</CurrentCommand>
      <Mode>Waypoint</Mode>
      <AssociatedTasks/>
      <Time>0</Time>
      <Info/>
    </AirVehicleState>
    <AirVehicleConfiguration Time="0.0" Series="CMASI">
      <MinimumSpeed>15.0</MinimumSpeed>
      <MaximumSpeed>25.0</MaximumSpeed>
      <NominalFlightProfile>
        <FlightProfile Series="CMASI">
          <Name>Cruise</Name>
          <Airspeed>20.0</Airspeed>
          <PitchAngle>0.0</PitchAngle>
          <VerticalSpeed>0.0</VerticalSpeed>
          <MaxBankAngle>30.0</MaxBankAngle>
          <EnergyRate>0.0</EnergyRate>
        </FlightProfile>
      </NominalFlightProfile>
      <AlternateFlightProfiles>
        <FlightProfile Series="CMASI">
          <Name>Climb</Name>
          <Airspeed>15.0</Airspeed>
          <PitchAngle>10.0</PitchAngle>
          <VerticalSpeed>5.0</VerticalSpeed>
          <MaxBankAngle>30.0</MaxBankAngle>
          <EnergyRate>0.0</EnergyRate>
        </FlightProfile>
        <FlightProfile Series="CMASI">
          <Name>Descent</Name>
          <Airspeed>15.0</Airspeed>
          <PitchAngle>-5.0</PitchAngle>
          <VerticalSpeed>-5.0</VerticalSpeed>
          <MaxBankAngle>30.0</MaxBankAngle>
          <EnergyRate>0.0</EnergyRate>
        </FlightProfile>
        <FlightProfile Series="CMASI">
          <Name>Loiter</Name>
          <Airspeed>10.0</Airspeed>
          <PitchAngle>5.0</PitchAngle>
          <VerticalSpeed>0.0</VerticalSpeed>
          <MaxBankAngle>30.0</MaxBankAngle>
          <EnergyRate>0.0</EnergyRate>
        </FlightProfile>
        <FlightProfile Series="CMASI">
          <Name>Dash</Name>
          <Airspeed>25.0</Airspeed>
          <PitchAngle>-2.0</PitchAngle>
          <VerticalSpeed>0.0</VerticalSpeed>
          <MaxBankAngle>30.0</MaxBankAngle>
          <EnergyRate>0.0</EnergyRate>
        </FlightProfile>
      </AlternateFlightProfiles>
      <AvailableLoiterTypes>
        <LoiterType>Circular</LoiterType>
        <LoiterType>Racetrack</LoiterType>
        <LoiterType>FigureEight</LoiterType>
      </AvailableLoiterTypes>
      <AvailableTurnTypes>
        <TurnType>TurnShort</TurnType>
        <TurnType>FlyOver</TurnType>
      </AvailableTurnTypes>
      <MinimumAltitude>0.0</MinimumAltitude>
      <MinAltitudeType>AGL</MinAltitudeType>
      <MaximumAltitude>1000000.0</MaximumAltitude>
      <MaxAltitudeType>MSL</MaxAltitudeType>
      <ID>8</ID>
      <Affiliation>Unknown</Affiliation>
      <EntityType/>
      <Label>UAV8</Label>
      <NominalSpeed>0.0</NominalSpeed>
      <NominalAltitude>0.0</NominalAltitude>
      <NominalAltitudeType>AGL</NominalAltitudeType>
      <PayloadConfigurationList>
        <GimbalConfiguration Series="CMASI">
          <SupportedPointingModes/>
          <MinAzimuth>-180.0</MinAzimuth>
          <MaxAzimuth>180.0</MaxAzimuth>
          <IsAzimuthClamped>false</IsAzimuthClamped>
          <MinElevation>-90.0</MinElevation>
          <MaxElevation>0.0</MaxElevation>
          <IsElevationClamped>false</IsElevationClamped>
          <MinRotation>0.0</MinRotation>
          <MaxRotation>0.0</MaxRotation>
          <IsRotationClamped>true</IsRotationClamped>
          <MaxAzimuthSlewRate>720.0</MaxAzimuthSlewRate>
          <MaxElevationSlewRate>720.0</MaxElevationSlewRate>
          <MaxRotationRate>0.0</MaxRotationRate>
          <ContainedPayloadList>
            <int64>2</int64>
            <int64>3</int64>
          </ContainedPayloadList>
          <PayloadID>1</PayloadID>
          <PayloadKind/>
          <Parameters/>
        </GimbalConfiguration>
        <CameraConfiguration Series="CMASI">
          <SupportedWavelengthBand>EO</SupportedWavelengthBand>
          <FieldOfViewMode>Continuous</FieldOfViewMode>
          <MinHorizontalFieldOfView>55.0</MinHorizontalFieldOfView>
          <MaxHorizontalFieldOfView>55.0</MaxHorizontalFieldOfView>
          <DiscreteHorizontalFieldOfViewList/>
          <VideoStreamHorizontalResolution>1024</VideoStreamHorizontalResolution>
          <VideoStreamVerticalResolution>768</VideoStreamVerticalResolution>
          <PayloadID>2</PayloadID>
          <PayloadKind/>
          <Parameters/>
        </CameraConfiguration>
        <HazardSensorConfiguration Series="SEARCHAI">
          <MaxRange>1000.0</MaxRange>
          <HorizontalFOV>10.0</HorizontalFOV>
          <VerticalFOV>10.0</VerticalFOV>
          <DetectableHazardTypes>
            <HazardType>Fire</HazardType>
            <HazardType>Smoke</HazardType>
          </DetectableHazardTypes>
          <PayloadID>3</PayloadID>
          <PayloadKind/>
          <Parameters/>
        </HazardSensorConfiguration>
      </PayloadConfigurationList>
      <Info/>
    </AirVehicleConfiguration>
    <AirVehicleState Series="CMASI">
      <Airspeed>15.0</Airspeed>
      <VerticalSpeed>0.0</VerticalSpeed>
      <WindSpeed>0.0</WindSpeed>
      <WindDirection>0.0</WindDirection>
      <ID>8</ID>
      <u>0.0</u>
      <v>0.0</v>
      <w>0.0</w>
      <udot>0.0</udot>
      <vdot>0.0</vdot>
      <wdot>0.0</wdot>
      <Heading>315.0</Heading>
      <Pitch>0.0</Pitch>
      <Roll>0.0</Roll>
      <p>0.0</p>
      <q>0.0</q>
      <r>0.0</r>
      <Course>0.0</Course>
      <Groundspeed>0.0</Groundspeed>
      <Location>
        <Location3D Series="CMASI">
          <Latitude>1.3120518461703674</Latitude>
          <Longitude>-132.36748996127832</Longitude>
          <Altitude>100.0</Altitude>
          <AltitudeType>MSL</AltitudeType>
        </Location3D>
      </Location>
      <EnergyAvailable>100.0</EnergyAvailable>
      <ActualEnergyRate>0.0</ActualEnergyRate>
      <PayloadStateList>
        <GimbalState Series="CMASI">
          <PointingMode>AirVehicleRelativeAngle</PointingMode>
          <Azimuth>0.0</Azimuth>
          <Elevation>-45.0</Elevation>
          <Rotation>0.0</Rotation>
          <PayloadID>1</PayloadID>
          <Parameters/>
        </GimbalState>
        <CameraState Series="CMASI">
          <HorizontalFieldOfView>60.0</HorizontalFieldOfView>
          <VerticalFieldOfView>0.0</VerticalFieldOfView>
          <Footprint/>
          <PointingMode>Unknown</PointingMode>
          <Azimuth>0.0</Azimuth>
          <Elevation>0.0</Elevation>
          <Rotation>0.0</Rotation>
          <PayloadID>2</PayloadID>
          <Parameters/>
        </CameraState>
        <HazardSensorState Series="SEARCHAI">
          <HorizontalFieldOfView>0.0</HorizontalFieldOfView>
          <VerticalFieldOfView>0.0</VerticalFieldOfView>
          <Footprint/>
          <PointingMode>Unknown</PointingMode>
          <Azimuth>0.0</Azimuth>
          <Elevation>0.0</Elevation>
          <Rotation>0.0</Rotation>
          <PayloadID>3</PayloadID>
          <Parameters/>
        </HazardSensorState>
      </PayloadStateList>
      <CurrentWaypoint>0</CurrentWaypoint>
      <CurrentCommand>0</CurrentCommand>
      <Mode>Waypoint</Mode>
      <AssociatedTasks/>
      <Time>0</Time>
      <Info/>
    </AirVehicleState>
    <WeatherReport Series="CMASI">
      <WindSpeed>0.0</WindSpeed>
      <WindDirection>0.0</WindDirection>
      <Visibility>0.0</Visibility>
      <CloudCeiling>0.0</CloudCeiling>
      <CloudCoverage>0.0</CloudCoverage>
    </WeatherReport>
    <HazardZone Series="SEARCHAI">
      <ZoneType>Fire</ZoneType>
      <ZoneID>1</ZoneID>
      <MinAltitude>0.0</MinAltitude>
      <MinAltitudeType>AGL</MinAltitudeType>
      <MaxAltitude>5000.0</MaxAltitude>
      <MaxAltitudeType>MSL</MaxAltitudeType>
      <AffectedAircraft/>
      <StartTime>0</StartTime>
      <EndTime>0</EndTime>
      <Padding>0.0</Padding>
      <Label/>
      <Boundary>
        <Polygon Series="CMASI">
          <BoundaryPoints>
            <Location3D Series="CMASI">
              <Latitude>1.5250009686716213</Latitude>
              <Longitude>-132.47821463672085</Longitude>
              <Altitude>0.0</Altitude>
              <AltitudeType>MSL</AltitudeType>
            </Location3D>
            <Location3D Series="CMASI">
              <Latitude>1.5310522549922</Latitude>
              <Longitude>-132.4600547516447</Longitude>
              <Altitude>0.0</Altitude>
              <AltitudeType>MSL</AltitudeType>
            </Location3D>
            <Location3D Series="CMASI">
              <Latitude>1.5421462799132615</Latitude>
              <Longitude>-132.44542595533332</Longitude>
              <Altitude>0.0</Altitude>
              <AltitudeType>MSL</AltitudeType>
            </Location3D>
            <Location3D Series="CMASI">
              <Latitude>1.5567702218546604</Latitude>
              <Longitude>-132.4479481615939</Longitude>
              <Altitude>0.0</Altitude>
              <AltitudeType>MSL</AltitudeType>
            </Location3D>
            <Location3D Series="CMASI">
              <Latitude>1.5572744957147087</Latitude>
              <Longitude>-132.46509916416585</Longitude>
              <Altitude>0.0</Altitude>
              <AltitudeType>MSL</AltitudeType>
            </Location3D>
            <Location3D Series="CMASI">
              <Latitude>1.5466847446536955</Latitude>
              <Longitude>-132.48477237299838</Longitude>
              <Altitude>0.0</Altitude>
              <AltitudeType>MSL</AltitudeType>
            </Location3D>
            <Location3D Series="CMASI">
              <Latitude>1.5295394334120556</Latitude>
              <Longitude>-132.49183455052798</Longitude>
              <Altitude>0.0</Altitude>
              <AltitudeType>MSL</AltitudeType>
            </Location3D>
          </BoundaryPoints>
        </Polygon>
      </Boundary>
    </HazardZone>
    <HazardZone Series="SEARCHAI">
      <ZoneType>Fire</ZoneType>
      <ZoneID>3</ZoneID>
      <MinAltitude>0.0</MinAltitude>
      <MinAltitudeType>AGL</MinAltitudeType>
      <MaxAltitude>5000.0</MaxAltitude>
      <MaxAltitudeType>MSL</MaxAltitudeType>
      <AffectedAircraft/>
      <StartTime>0</StartTime>
      <EndTime>0</EndTime>
      <Padding>0.0</Padding>
      <Label/>
      <Boundary>
        <Polygon Series="CMASI">
          <BoundaryPoints>
            <Location3D Series="CMASI">
              <Latitude>1.5346398368283987</Latitude>
              <Longitude>-132.50144385887037</Longitude>
              <Altitude>0.0</Altitude>
              <AltitudeType>MSL</AltitudeType>
            </Location3D>
            <Location3D Series="CMASI">
              <Latitude>1.5529448974988944</Latitude>
              <Longitude>-132.5051061023607</Longitude>
              <Altitude>0.0</Altitude>
              <AltitudeType>MSL</AltitudeType>
            </Location3D>
            <Location3D Series="CMASI">
              <Latitude>1.565148271279225</Latitude>
              <Longitude>-132.49350899797457</Longitude>
              <Altitude>0.0</Altitude>
              <AltitudeType>MSL</AltitudeType>
            </Location3D>
            <Location3D Series="CMASI">
              <Latitude>1.5743008016144728</Latitude>
              <Longitude>-132.4745874066077</Longitude>
              <Altitude>0.0</Altitude>
              <AltitudeType>MSL</AltitudeType>
            </Location3D>
            <Location3D Series="CMASI">
              <Latitude>1.576741476370539</Latitude>
              <Longitude>-132.45810731090103</Longitude>
              <Altitude>0.0</Altitude>
              <AltitudeType>MSL</AltitudeType>
            </Location3D>
            <Location3D Series="CMASI">
              <Latitude>1.5852838380167704</Latitude>
              <Longitude>-132.4355234760438</Longitude>
              <Altitude>0.0</Altitude>
              <AltitudeType>MSL</AltitudeType>
            </Location3D>
            <Location3D Series="CMASI">
              <Latitude>1.5730804642364398</Latitude>
              <Longitude>-132.4245367455727</Longitude>
              <Altitude>0.0</Altitude>
              <AltitudeType>MSL</AltitudeType>
            </Location3D>
            <Location3D Series="CMASI">
              <Latitude>1.562707596523159</Latitude>
              <Longitude>-132.42941973689327</Longitude>
              <Altitude>0.0</Altitude>
              <AltitudeType>MSL</AltitudeType>
            </Location3D>
            <Location3D Series="CMASI">
              <Latitude>1.5492838853647954</Latitude>
              <Longitude>-132.43674422387397</Longitude>
              <Altitude>0.0</Altitude>
              <AltitudeType>MSL</AltitudeType>
            </Location3D>
            <Location3D Series="CMASI">
              <Latitude>1.5392130173056513</Latitude>
              <Longitude>-132.44370597556082</Longitude>
              <Altitude>0.0</Altitude>
              <AltitudeType>MSL</AltitudeType>
            </Location3D>
            <Location3D Series="CMASI">
              <Latitude>1.52914831862725</Latitude>
              <Longitude>-132.4825222675035</Longitude>
              <Altitude>0.0</Altitude>
              <AltitudeType>MSL</AltitudeType>
            </Location3D>
          </BoundaryPoints>
        </Polygon>
      </Boundary>
    </HazardZone>
    <HazardZone Series="SEARCHAI">
      <ZoneType>Fire</ZoneType>
      <ZoneID>4</ZoneID>
      <MinAltitude>0.0</MinAltitude>
      <MinAltitudeType>AGL</MinAltitudeType>
      <MaxAltitude>5000.0</MaxAltitude>
      <MaxAltitudeType>MSL</MaxAltitudeType>
      <AffectedAircraft/>
      <StartTime>0</StartTime>
      <EndTime>0</EndTime>
      <Padding>0.0</Padding>
      <Label/>
      <Boundary>
        <Polygon Series="CMASI">
          <BoundaryPoints>
            <Location3D Series="CMASI">
              <Latitude>1.351023577447264</Latitude>
              <Longitude>-132.63560030738103</Longitude>
              <Altitude>0.0</Altitude>
              <AltitudeType>MSL</AltitudeType>
            </Location3D>
            <Location3D Series="CMASI">
              <Latitude>1.357075057839535</Latitude>
              <Longitude>-132.64972466244026</Longitude>
              <Altitude>0.0</Altitude>
              <AltitudeType>MSL</AltitudeType>
            </Location3D>
            <Location3D Series="CMASI">
              <Latitude>1.3666565684606304</Latitude>
              <Longitude>-132.64165360240642</Longitude>
              <Altitude>0.0</Altitude>
              <AltitudeType>MSL</AltitudeType>
            </Location3D>
            <Location3D Series="CMASI">
              <Latitude>1.3701865986894552</Latitude>
              <Longitude>-132.62652036484295</Longitude>
              <Altitude>0.0</Altitude>
              <AltitudeType>MSL</AltitudeType>
            </Location3D>
            <Location3D Series="CMASI">
              <Latitude>1.359092217970292</Latitude>
              <Longitude>-132.61744042230484</Longitude>
              <Altitude>0.0</Altitude>
              <AltitudeType>MSL</AltitudeType>
            </Location3D>
            <Location3D Series="CMASI">
              <Latitude>1.3469892571857502</Latitude>
              <Longitude>-132.62198039357403</Longitude>
              <Altitude>0.0</Altitude>
              <AltitudeType>MSL</AltitudeType>
            </Location3D>
          </BoundaryPoints>
        </Polygon>
      </Boundary>
    </HazardZone>
    <HazardZone Series="SEARCHAI">
      <ZoneType>Smoke</ZoneType>
      <ZoneID>5</ZoneID>
      <MinAltitude>0.0</MinAltitude>
      <MinAltitudeType>AGL</MinAltitudeType>
      <MaxAltitude>5000.0</MaxAltitude>
      <MaxAltitudeType>MSL</MaxAltitudeType>
      <AffectedAircraft/>
      <StartTime>0</StartTime>
      <EndTime>0</EndTime>
      <Padding>0.0</Padding>
      <Label/>
      <Boundary>
        <Polygon Series="CMASI">
          <BoundaryPoints>
            <Location3D Series="CMASI">
              <Latitude>1.3681137664002654</Latitude>
              <Longitude>-132.65142462945988</Longitude>
              <Altitude>0.0</Altitude>
              <AltitudeType>MSL</AltitudeType>
            </Location3D>
            <Location3D Series="CMASI">
              <Latitude>1.3857639175443888</Latitude>
              <Longitude>-132.6483979819472</Longitude>
              <Altitude>0.0</Altitude>
              <AltitudeType>MSL</AltitudeType>
            </Location3D>
            <Location3D Series="CMASI">
              <Latitude>1.388285367707835</Latitude>
              <Longitude>-132.6297336556189</Longitude>
              <Altitude>0.0</Altitude>
              <AltitudeType>MSL</AltitudeType>
            </Location3D>
            <Location3D Series="CMASI">
              <Latitude>1.3857639175443888</Latitude>
              <Longitude>-132.61308709429906</Longitude>
              <Altitude>0.0</Altitude>
              <AltitudeType>MSL</AltitudeType>
            </Location3D>
            <Location3D Series="CMASI">
              <Latitude>1.3797124371521179</Latitude>
              <Longitude>-132.60249382800464</Longitude>
              <Altitude>0.0</Altitude>
              <AltitudeType>MSL</AltitudeType>
            </Location3D>
            <Location3D Series="CMASI">
              <Latitude>1.3721480866617792</Latitude>
              <Longitude>-132.59694497423135</Longitude>
              <Altitude>0.0</Altitude>
              <AltitudeType>MSL</AltitudeType>
            </Location3D>
            <Location3D Series="CMASI">
              <Latitude>1.35853225577917</Latitude>
              <Longitude>-132.5919005617102</Longitude>
              <Altitude>0.0</Altitude>
              <AltitudeType>MSL</AltitudeType>
            </Location3D>
            <Location3D Series="CMASI">
              <Latitude>1.350463615256142</Latitude>
              <Longitude>-132.60299826925674</Longitude>
              <Altitude>0.0</Altitude>
              <AltitudeType>MSL</AltitudeType>
            </Location3D>
            <Location3D Series="CMASI">
              <Latitude>1.350463615256142</Latitude>
              <Longitude>-132.61964483057656</Longitude>
              <Altitude>0.0</Altitude>
              <AltitudeType>MSL</AltitudeType>
            </Location3D>
            <Location3D Series="CMASI">
              <Latitude>1.3575236757137914</Latitude>
              <Longitude>-132.6393180394091</Longitude>
              <Altitude>0.0</Altitude>
              <AltitudeType>MSL</AltitudeType>
            </Location3D>
          </BoundaryPoints>
        </Polygon>
      </Boundary>
    </HazardZone>
    <HazardZoneChangeCommand Series="SEARCHAI" Time="0">
      <ZoneID>1</ZoneID>
      <GrowthRate>0.5</GrowthRate>
      <TranslationRate>0.0</TranslationRate>
      <TranslationDirection>0.0</TranslationDirection>
    </HazardZoneChangeCommand>
    <HazardZoneChangeCommand Series="SEARCHAI" Time="0">
      <ZoneID>3</ZoneID>
      <GrowthRate>0.5</GrowthRate>
      <TranslationRate>0.0</TranslationRate>
      <TranslationDirection>0.0</TranslationDirection>
    </HazardZoneChangeCommand>
    <HazardZoneChangeCommand Series="SEARCHAI" Time="0">
      <ZoneID>4</ZoneID>
      <GrowthRate>1.0</GrowthRate>
      <TranslationRate>0.0</TranslationRate>
      <TranslationDirection>0.0</TranslationDirection>
    </HazardZoneChangeCommand>
    <HazardZoneChangeCommand Series="SEARCHAI" Time="0">
      <ZoneID>5</ZoneID>
      <GrowthRate>1.0</GrowthRate>
      <TranslationRate>0.0</TranslationRate>
      <TranslationDirection>0.0</TranslationDirection>
    </HazardZoneChangeCommand>
    <WeatherReport Series="CMASI" Time="75">
      <WindSpeed>2.0</WindSpeed>
      <WindDirection>270.0</WindDirection>
      <Visibility>0.0</Visibility>
      <CloudCeiling>0.0</CloudCeiling>
      <CloudCoverage>0.0</CloudCoverage>
    </WeatherReport>
    <HazardZoneChangeCommand Series="SEARCHAI" Time="75">
      <ZoneID>1</ZoneID>
      <GrowthRate>0.5</GrowthRate>
      <TranslationRate>1.0</TranslationRate>
      <TranslationDirection>90.0</TranslationDirection>
    </HazardZoneChangeCommand>
    <HazardZoneChangeCommand Series="SEARCHAI" Time="75">
      <ZoneID>3</ZoneID>
      <GrowthRate>0.5</GrowthRate>
      <TranslationRate>2.0</TranslationRate>
      <TranslationDirection>90.0</TranslationDirection>
    </HazardZoneChangeCommand>
    <HazardZoneChangeCommand Series="SEARCHAI" Time="75">
      <ZoneID>4</ZoneID>
      <GrowthRate>1.0</GrowthRate>
      <TranslationRate>1.0</TranslationRate>
      <TranslationDirection>90.0</TranslationDirection>
    </HazardZoneChangeCommand>
    <HazardZoneChangeCommand Series="SEARCHAI" Time="75">
      <ZoneID>5</ZoneID>
      <GrowthRate>1.0</GrowthRate>
      <TranslationRate>2.0</TranslationRate>
      <TranslationDirection>90.0</TranslationDirection>
    </HazardZoneChangeCommand>
    <WeatherReport Series="CMASI" Time="630">
      <WindSpeed>6.0</WindSpeed>
      <WindDirection>180.0</WindDirection>
      <Visibility>0.0</Visibility>
      <CloudCeiling>0.0</CloudCeiling>
      <CloudCoverage>0.0</CloudCoverage>
    </WeatherReport>
    <HazardZoneChangeCommand Series="SEARCHAI" Time="630">
      <ZoneID>1</ZoneID>
      <GrowthRate>2.0</GrowthRate>
      <TranslationRate>3.0</TranslationRate>
      <TranslationDirection>0.0</TranslationDirection>
    </HazardZoneChangeCommand>
    <HazardZoneChangeCommand Series="SEARCHAI" Time="630">
      <ZoneID>3</ZoneID>
      <GrowthRate>2.0</GrowthRate>
      <TranslationRate>6.0</TranslationRate>
      <TranslationDirection>0.0</TranslationDirection>
    </HazardZoneChangeCommand>
    <HazardZoneChangeCommand Series="SEARCHAI" Time="630">
      <ZoneID>4</ZoneID>
      <GrowthRate>2.0</GrowthRate>
      <TranslationRate>3.0</TranslationRate>
      <TranslationDirection>0.0</TranslationDirection>
    </HazardZoneChangeCommand>
    <HazardZoneChangeCommand Series="SEARCHAI" Time="630">
      <ZoneID>5</ZoneID>
      <GrowthRate>2.0</GrowthRate>
      <TranslationRate>6.0</TranslationRate>
      <TranslationDirection>0.0</TranslationDirection>
    </HazardZoneChangeCommand>
    <WeatherReport Series="CMASI" Time="1250">
      <WindSpeed>8.0</WindSpeed>
      <WindDirection>135.0</WindDirection>
      <Visibility>0.0</Visibility>
      <CloudCeiling>0.0</CloudCeiling>
      <CloudCoverage>0.0</CloudCoverage>
    </WeatherReport>
    <HazardZoneChangeCommand Series="SEARCHAI" Time="1250">
      <ZoneID>1</ZoneID>
      <GrowthRate>3.0</GrowthRate>
      <TranslationRate>4.0</TranslationRate>
      <TranslationDirection>315.0</TranslationDirection>
    </HazardZoneChangeCommand>
    <HazardZoneChangeCommand Series="SEARCHAI" Time="1250">
      <ZoneID>3</ZoneID>
      <GrowthRate>3.0</GrowthRate>
      <TranslationRate>8.0</TranslationRate>
      <TranslationDirection>315.0</TranslationDirection>
    </HazardZoneChangeCommand>
    <HazardZoneChangeCommand Series="SEARCHAI" Time="1250">
      <ZoneID>4</ZoneID>
      <GrowthRate>3.5</GrowthRate>
      <TranslationRate>4.0</TranslationRate>
      <TranslationDirection>315.0</TranslationDirection>
    </HazardZoneChangeCommand>
    <HazardZoneChangeCommand Series="SEARCHAI" Time="1250">
      <ZoneID>5</ZoneID>
      <GrowthRate>3.5</GrowthRate>
      <TranslationRate>8.0</TranslationRate>
      <TranslationDirection>315.0</TranslationDirection>
    </HazardZoneChangeCommand>
    <WeatherReport Series="CMASI" Time="1700">
      <WindSpeed>0.0</WindSpeed>
      <WindDirection>0.0</WindDirection>
      <Visibility>0.0</Visibility>
      <CloudCeiling>0.0</CloudCeiling>
      <CloudCoverage>0.0</CloudCoverage>
    </WeatherReport>
    <HazardZoneChangeCommand Series="SEARCHAI" Time="1700">
      <ZoneID>1</ZoneID>
      <GrowthRate>2.0</GrowthRate>
      <TranslationRate>0.0</TranslationRate>
      <TranslationDirection>0.0</TranslationDirection>
    </HazardZoneChangeCommand>
    <HazardZoneChangeCommand Series="SEARCHAI" Time="1700">
      <ZoneID>3</ZoneID>
      <GrowthRate>2.0</GrowthRate>
      <TranslationRate>0.0</TranslationRate>
      <TranslationDirection>0.0</TranslationDirection>
    </HazardZoneChangeCommand>
    <HazardZoneChangeCommand Series="SEARCHAI" Time="1700">
      <ZoneID>4</ZoneID>
      <GrowthRate>1.5</GrowthRate>
      <TranslationRate>0.0</TranslationRate>
      <TranslationDirection>0.0</TranslationDirection>
    </HazardZoneChangeCommand>
    <HazardZoneChangeCommand Series="SEARCHAI" Time="1700">
      <ZoneID>5</ZoneID>
      <GrowthRate>1.5</GrowthRate>
      <TranslationRate>0.0</TranslationRate>
      <TranslationDirection>0.0</TranslationDirection>
    </HazardZoneChangeCommand>
    <WeatherReport Series="CMASI" Time="1900">
      <WindSpeed>0.0</WindSpeed>
      <WindDirection>0.0</WindDirection>
      <Visibility>0.0</Visibility>
      <CloudCeiling>0.0</CloudCeiling>
      <CloudCoverage>0.0</CloudCoverage>
    </WeatherReport>
    <HazardZoneChangeCommand Series="SEARCHAI" Time="1900">
      <ZoneID>1</ZoneID>
      <GrowthRate>-1.0</GrowthRate>
      <TranslationRate>0.0</TranslationRate>
      <TranslationDirection>0.0</TranslationDirection>
    </HazardZoneChangeCommand>
    <HazardZoneChangeCommand Series="SEARCHAI" Time="1900">
      <ZoneID>3</ZoneID>
      <GrowthRate>0.0</GrowthRate>
      <TranslationRate>0.0</TranslationRate>
      <TranslationDirection>0.0</TranslationDirection>
    </HazardZoneChangeCommand>
    <HazardZoneChangeCommand Series="SEARCHAI" Time="1900">
      <ZoneID>4</ZoneID>
      <GrowthRate>-2.0</GrowthRate>
      <TranslationRate>0.0</TranslationRate>
      <TranslationDirection>0.0</TranslationDirection>
    </HazardZoneChangeCommand>
    <HazardZoneChangeCommand Series="SEARCHAI" Time="1900">
      <ZoneID>5</ZoneID>
      <GrowthRate>0.0</GrowthRate>
      <TranslationRate>0.0</TranslationRate>
      <TranslationDirection>0.0</TranslationDirection>
    </HazardZoneChangeCommand>
    <WeatherReport Series="CMASI" Time="2250">
      <WindSpeed>6.0</WindSpeed>
      <WindDirection>90.0</WindDirection>
      <Visibility>0.0</Visibility>
      <CloudCeiling>0.0</CloudCeiling>
      <CloudCoverage>0.0</CloudCoverage>
    </WeatherReport>
    <HazardZoneChangeCommand Series="SEARCHAI" Time="2250">
      <ZoneID>1</ZoneID>
      <GrowthRate>0.0</GrowthRate>
      <TranslationRate>3.0</TranslationRate>
      <TranslationDirection>270.0</TranslationDirection>
    </HazardZoneChangeCommand>
    <HazardZoneChangeCommand Series="SEARCHAI" Time="2250">
      <ZoneID>3</ZoneID>
      <GrowthRate>0.0</GrowthRate>
      <TranslationRate>6.0</TranslationRate>
      <TranslationDirection>270.0</TranslationDirection>
    </HazardZoneChangeCommand>
    <HazardZoneChangeCommand Series="SEARCHAI" Time="2250">
      <ZoneID>4</ZoneID>
      <GrowthRate>2.0</GrowthRate>
      <TranslationRate>3.0</TranslationRate>
      <TranslationDirection>270.0</TranslationDirection>
    </HazardZoneChangeCommand>
    <HazardZoneChangeCommand Series="SEARCHAI" Time="2250">
      <ZoneID>5</ZoneID>
      <GrowthRate>2.0</GrowthRate>
      <TranslationRate>6.0</TranslationRate>
      <TranslationDirection>270.0</TranslationDirection>
    </HazardZoneChangeCommand>
    <WeatherReport Series="CMASI" Time="2800">
      <WindSpeed>4.0</WindSpeed>
      <WindDirection>225.0</WindDirection>
      <Visibility>0.0</Visibility>
      <CloudCeiling>0.0</CloudCeiling>
      <CloudCoverage>0.0</CloudCoverage>
    </WeatherReport>
    <HazardZoneChangeCommand Series="SEARCHAI" Time="2800">
      <ZoneID>1</ZoneID>
      <GrowthRate>-1.5</GrowthRate>
      <TranslationRate>2.0</TranslationRate>
      <TranslationDirection>45.0</TranslationDirection>
    </HazardZoneChangeCommand>
    <HazardZoneChangeCommand Series="SEARCHAI" Time="2800">
      <ZoneID>3</ZoneID>
      <GrowthRate>0.0</GrowthRate>
      <TranslationRate>4.0</TranslationRate>
      <TranslationDirection>45.0</TranslationDirection>
    </HazardZoneChangeCommand>
    <HazardZoneChangeCommand Series="SEARCHAI" Time="2800">
      <ZoneID>4</ZoneID>
      <GrowthRate>-0.5</GrowthRate>
      <TranslationRate>2.0</TranslationRate>
      <TranslationDirection>45.0</TranslationDirection>
    </HazardZoneChangeCommand>
    <HazardZoneChangeCommand Series="SEARCHAI" Time="2800">
      <ZoneID>5</ZoneID>
      <GrowthRate>0.0</GrowthRate>
      <TranslationRate>4.0</TranslationRate>
      <TranslationDirection>45.0</TranslationDirection>
    </HazardZoneChangeCommand>
    <WeatherReport Series="CMASI" Time="3500">
      <WindSpeed>0.0</WindSpeed>
      <WindDirection>0.0</WindDirection>
      <Visibility>0.0</Visibility>
      <CloudCeiling>0.0</CloudCeiling>
      <CloudCoverage>0.0</CloudCoverage>
    </WeatherReport>
    <HazardZoneChangeCommand Series="SEARCHAI" Time="3500">
      <ZoneID>1</ZoneID>
      <GrowthRate>0.0</GrowthRate>
      <TranslationRate>0.0</TranslationRate>
      <TranslationDirection>0.0</TranslationDirection>
    </HazardZoneChangeCommand>
    <HazardZoneChangeCommand Series="SEARCHAI" Time="3500">
      <ZoneID>3</ZoneID>
      <GrowthRate>0.0</GrowthRate>
      <TranslationRate>0.0</TranslationRate>
      <TranslationDirection>0.0</TranslationDirection>
    </HazardZoneChangeCommand>
    <HazardZoneChangeCommand Series="SEARCHAI" Time="3500">
      <ZoneID>4</ZoneID>
      <GrowthRate>0.0</GrowthRate>
      <TranslationRate>0.0</TranslationRate>
      <TranslationDirection>0.0</TranslationDirection>
    </HazardZoneChangeCommand>
    <HazardZoneChangeCommand Series="SEARCHAI" Time="3500">
      <ZoneID>5</ZoneID>
      <GrowthRate>0.0</GrowthRate>
      <TranslationRate>0.0</TranslationRate>
      <TranslationDirection>0.0</TranslationDirection>
    </HazardZoneChangeCommand>
  </ScenarioEventList>
</AMASE>
