<?xml version="1.0" ?>

<AMASE>
  <ScenarioData>
    <SimulationView LongExtent="0.5" Latitude="1.4927" Longitude="-132.5372"/>
    <ScenarioName>Challenge 2B Practice Scenario</ScenarioName>
    <Date>24/04/2008:00:00:00</Date>
    <ScenarioDuration>3601.08</ScenarioDuration>
  </ScenarioData>
  <ScenarioEventList>
    <KeepInZone Series="CMASI">
      <ZoneID>2</ZoneID>
      <MinAltitude>0.0</MinAltitude>
      <MinAltitudeType>AGL</MinAltitudeType>
      <MaxAltitude>5000.0</MaxAltitude>
      <MaxAltitudeType>MSL</MaxAltitudeType>
      <AffectedAircraft/>
      <StartTime>0</StartTime>
      <EndTime>0</EndTime>
      <Padding>0.0</Padding>
      <Label/>
      <Boundary>
        <Rectangle Series="CMASI">
          <CenterPoint>
            <Location3D Series="CMASI">
              <Latitude>1.4859422667171447</Latitude>
              <Longitude>-132.53555929799953</Longitude>
              <Altitude>0.0</Altitude>
              <AltitudeType>MSL</AltitudeType>
            </Location3D>
          </CenterPoint>
          <Width>40233.6</Width>
          <Height>40233.6</Height>
          <Rotation>0.0</Rotation>
        </Rectangle>
      </Boundary>
    </KeepInZone>
    <AirVehicleConfiguration Time="0.0" Series="CMASI">
      <MinimumSpeed>15.0</MinimumSpeed>
      <MaximumSpeed>35.0</MaximumSpeed>
      <NominalFlightProfile>
        <FlightProfile Series="CMASI">
          <Name>Cruise</Name>
          <Airspeed>30.0</Airspeed>
          <PitchAngle>0.0</PitchAngle>
          <VerticalSpeed>0.0</VerticalSpeed>
          <MaxBankAngle>30.0</MaxBankAngle>
          <EnergyRate>0.0</EnergyRate>
        </FlightProfile>
      </NominalFlightProfile>
      <AlternateFlightProfiles>
        <FlightProfile Series="CMASI">
          <Name>Climb</Name>
          <Airspeed>25.0</Airspeed>
          <PitchAngle>10.0</PitchAngle>
          <VerticalSpeed>5.0</VerticalSpeed>
          <MaxBankAngle>30.0</MaxBankAngle>
          <EnergyRate>0.0</EnergyRate>
        </FlightProfile>
        <FlightProfile Series="CMASI">
          <Name>Descent</Name>
          <Airspeed>25.0</Airspeed>
          <PitchAngle>-5.0</PitchAngle>
          <VerticalSpeed>-5.0</VerticalSpeed>
          <MaxBankAngle>30.0</MaxBankAngle>
          <EnergyRate>0.0</EnergyRate>
        </FlightProfile>
        <FlightProfile Series="CMASI">
          <Name>Loiter</Name>
          <Airspeed>20.0</Airspeed>
          <PitchAngle>5.0</PitchAngle>
          <VerticalSpeed>0.0</VerticalSpeed>
          <MaxBankAngle>30.0</MaxBankAngle>
          <EnergyRate>0.0</EnergyRate>
        </FlightProfile>
        <FlightProfile Series="CMASI">
          <Name>Dash</Name>
          <Airspeed>35.0</Airspeed>
          <PitchAngle>-2.0</PitchAngle>
          <VerticalSpeed>0.0</VerticalSpeed>
          <MaxBankAngle>30.0</MaxBankAngle>
          <EnergyRate>0.0</EnergyRate>
        </FlightProfile>
      </AlternateFlightProfiles>
      <AvailableLoiterTypes>
        <LoiterType>Circular</LoiterType>
        <LoiterType>Racetrack</LoiterType>
        <LoiterType>FigureEight</LoiterType>
      </AvailableLoiterTypes>
      <AvailableTurnTypes>
        <TurnType>TurnShort</TurnType>
        <TurnType>FlyOver</TurnType>
      </AvailableTurnTypes>
      <MinimumAltitude>0.0</MinimumAltitude>
      <MinAltitudeType>AGL</MinAltitudeType>
      <MaximumAltitude>1000000.0</MaximumAltitude>
      <MaxAltitudeType>MSL</MaxAltitudeType>
      <ID>1</ID>
      <Affiliation>Unknown</Affiliation>
      <EntityType/>
      <Label>UAV1</Label>
      <NominalSpeed>0.0</NominalSpeed>
      <NominalAltitude>0.0</NominalAltitude>
      <NominalAltitudeType>AGL</NominalAltitudeType>
      <PayloadConfigurationList>
        <GimbalConfiguration Series="CMASI">
          <SupportedPointingModes/>
          <MinAzimuth>-180.0</MinAzimuth>
          <MaxAzimuth>180.0</MaxAzimuth>
          <IsAzimuthClamped>false</IsAzimuthClamped>
          <MinElevation>-90.0</MinElevation>
          <MaxElevation>0.0</MaxElevation>
          <IsElevationClamped>false</IsElevationClamped>
          <MinRotation>0.0</MinRotation>
          <MaxRotation>0.0</MaxRotation>
          <IsRotationClamped>true</IsRotationClamped>
          <MaxAzimuthSlewRate>720.0</MaxAzimuthSlewRate>
          <MaxElevationSlewRate>720.0</MaxElevationSlewRate>
          <MaxRotationRate>0.0</MaxRotationRate>
          <ContainedPayloadList>
            <int64>2</int64>
            <int64>3</int64>
          </ContainedPayloadList>
          <PayloadID>1</PayloadID>
          <PayloadKind/>
          <Parameters/>
        </GimbalConfiguration>
        <CameraConfiguration Series="CMASI">
          <SupportedWavelengthBand>EO</SupportedWavelengthBand>
          <FieldOfViewMode>Continuous</FieldOfViewMode>
          <MinHorizontalFieldOfView>55.0</MinHorizontalFieldOfView>
          <MaxHorizontalFieldOfView>55.0</MaxHorizontalFieldOfView>
          <DiscreteHorizontalFieldOfViewList/>
          <VideoStreamHorizontalResolution>1024</VideoStreamHorizontalResolution>
          <VideoStreamVerticalResolution>768</VideoStreamVerticalResolution>
          <PayloadID>2</PayloadID>
          <PayloadKind/>
          <Parameters/>
        </CameraConfiguration>
        <HazardSensorConfiguration Series="SEARCHAI">
          <MaxRange>500.0</MaxRange>
          <HorizontalFOV>10.0</HorizontalFOV>
          <VerticalFOV>10.0</VerticalFOV>
          <DetectableHazardTypes>
            <HazardType>Fire</HazardType>
            <HazardType>Smoke</HazardType>
          </DetectableHazardTypes>
          <PayloadID>3</PayloadID>
          <PayloadKind/>
          <Parameters/>
        </HazardSensorConfiguration>
      </PayloadConfigurationList>
      <Info/>
    </AirVehicleConfiguration>
    <AirVehicleState Time="0.0" Series="CMASI">
      <Airspeed>15.0</Airspeed>
      <VerticalSpeed>0.0</VerticalSpeed>
      <WindSpeed>0.0</WindSpeed>
      <WindDirection>0.0</WindDirection>
      <ID>1</ID>
      <u>0.0</u>
      <v>0.0</v>
      <w>0.0</w>
      <udot>0.0</udot>
      <vdot>0.0</vdot>
      <wdot>0.0</wdot>
      <Heading>45.0</Heading>
      <Pitch>0.0</Pitch>
      <Roll>0.0</Roll>
      <p>0.0</p>
      <q>0.0</q>
      <r>0.0</r>
      <Course>0.0</Course>
      <Groundspeed>0.0</Groundspeed>
      <Location>
        <Location3D Series="CMASI">
          <Latitude>1.3164735194218726</Latitude>
          <Longitude>-132.6987352416706</Longitude>
          <Altitude>100.0</Altitude>
          <AltitudeType>MSL</AltitudeType>
        </Location3D>
      </Location>
      <EnergyAvailable>100.0</EnergyAvailable>
      <ActualEnergyRate>0.0</ActualEnergyRate>
      <PayloadStateList>
        <GimbalState Series="CMASI">
          <PointingMode>AirVehicleRelativeAngle</PointingMode>
          <Azimuth>0.0</Azimuth>
          <Elevation>-45.0</Elevation>
          <Rotation>0.0</Rotation>
          <PayloadID>1</PayloadID>
          <Parameters/>
        </GimbalState>
        <CameraState Series="CMASI">
          <HorizontalFieldOfView>60.0</HorizontalFieldOfView>
          <VerticalFieldOfView>0.0</VerticalFieldOfView>
          <Footprint/>
          <PointingMode>Unknown</PointingMode>
          <Azimuth>0.0</Azimuth>
          <Elevation>0.0</Elevation>
          <Rotation>0.0</Rotation>
          <PayloadID>2</PayloadID>
          <Parameters/>
        </CameraState>
        <HazardSensorState Series="SEARCHAI">
          <HorizontalFieldOfView>0.0</HorizontalFieldOfView>
          <VerticalFieldOfView>0.0</VerticalFieldOfView>
          <Footprint/>
          <PointingMode>Unknown</PointingMode>
          <Azimuth>0.0</Azimuth>
          <Elevation>0.0</Elevation>
          <Rotation>0.0</Rotation>
          <PayloadID>3</PayloadID>
          <Parameters/>
        </HazardSensorState>
      </PayloadStateList>
      <CurrentWaypoint>0</CurrentWaypoint>
      <CurrentCommand>0</CurrentCommand>
      <Mode>Waypoint</Mode>
      <AssociatedTasks/>
      <Time>0</Time>
      <Info/>
    </AirVehicleState>
    <AirVehicleConfiguration Time="0.0" Series="CMASI">
      <MinimumSpeed>15.0</MinimumSpeed>
      <MaximumSpeed>35.0</MaximumSpeed>
      <NominalFlightProfile>
        <FlightProfile Series="CMASI">
          <Name>Cruise</Name>
          <Airspeed>30.0</Airspeed>
          <PitchAngle>0.0</PitchAngle>
          <VerticalSpeed>0.0</VerticalSpeed>
          <MaxBankAngle>30.0</MaxBankAngle>
          <EnergyRate>0.0</EnergyRate>
        </FlightProfile>
      </NominalFlightProfile>
      <AlternateFlightProfiles>
        <FlightProfile Series="CMASI">
          <Name>Climb</Name>
          <Airspeed>25.0</Airspeed>
          <PitchAngle>10.0</PitchAngle>
          <VerticalSpeed>5.0</VerticalSpeed>
          <MaxBankAngle>30.0</MaxBankAngle>
          <EnergyRate>0.0</EnergyRate>
        </FlightProfile>
        <FlightProfile Series="CMASI">
          <Name>Descent</Name>
          <Airspeed>25.0</Airspeed>
          <PitchAngle>-5.0</PitchAngle>
          <VerticalSpeed>-5.0</VerticalSpeed>
          <MaxBankAngle>30.0</MaxBankAngle>
          <EnergyRate>0.0</EnergyRate>
        </FlightProfile>
        <FlightProfile Series="CMASI">
          <Name>Loiter</Name>
          <Airspeed>20.0</Airspeed>
          <PitchAngle>5.0</PitchAngle>
          <VerticalSpeed>0.0</VerticalSpeed>
          <MaxBankAngle>30.0</MaxBankAngle>
          <EnergyRate>0.0</EnergyRate>
        </FlightProfile>
        <FlightProfile Series="CMASI">
          <Name>Dash</Name>
          <Airspeed>35.0</Airspeed>
          <PitchAngle>-2.0</PitchAngle>
          <VerticalSpeed>0.0</VerticalSpeed>
          <MaxBankAngle>30.0</MaxBankAngle>
          <EnergyRate>0.0</EnergyRate>
        </FlightProfile>
      </AlternateFlightProfiles>
      <AvailableLoiterTypes>
        <LoiterType>Circular</LoiterType>
        <LoiterType>Racetrack</LoiterType>
        <LoiterType>FigureEight</LoiterType>
      </AvailableLoiterTypes>
      <AvailableTurnTypes>
        <TurnType>TurnShort</TurnType>
        <TurnType>FlyOver</TurnType>
      </AvailableTurnTypes>
      <MinimumAltitude>0.0</MinimumAltitude>
      <MinAltitudeType>AGL</MinAltitudeType>
      <MaximumAltitude>1000000.0</MaximumAltitude>
      <MaxAltitudeType>MSL</MaxAltitudeType>
      <ID>2</ID>
      <Affiliation>Unknown</Affiliation>
      <EntityType/>
      <Label>UAV2</Label>
      <NominalSpeed>0.0</NominalSpeed>
      <NominalAltitude>0.0</NominalAltitude>
      <NominalAltitudeType>AGL</NominalAltitudeType>
      <PayloadConfigurationList>
        <GimbalConfiguration Series="CMASI">
          <SupportedPointingModes/>
          <MinAzimuth>-180.0</MinAzimuth>
          <MaxAzimuth>180.0</MaxAzimuth>
          <IsAzimuthClamped>false</IsAzimuthClamped>
          <MinElevation>-90.0</MinElevation>
          <MaxElevation>0.0</MaxElevation>
          <IsElevationClamped>false</IsElevationClamped>
          <MinRotation>0.0</MinRotation>
          <MaxRotation>0.0</MaxRotation>
          <IsRotationClamped>true</IsRotationClamped>
          <MaxAzimuthSlewRate>720.0</MaxAzimuthSlewRate>
          <MaxElevationSlewRate>720.0</MaxElevationSlewRate>
          <MaxRotationRate>0.0</MaxRotationRate>
          <ContainedPayloadList>
            <int64>2</int64>
            <int64>3</int64>
          </ContainedPayloadList>
          <PayloadID>1</PayloadID>
          <PayloadKind/>
          <Parameters/>
        </GimbalConfiguration>
        <CameraConfiguration Series="CMASI">
          <SupportedWavelengthBand>EO</SupportedWavelengthBand>
          <FieldOfViewMode>Continuous</FieldOfViewMode>
          <MinHorizontalFieldOfView>55.0</MinHorizontalFieldOfView>
          <MaxHorizontalFieldOfView>55.0</MaxHorizontalFieldOfView>
          <DiscreteHorizontalFieldOfViewList/>
          <VideoStreamHorizontalResolution>1024</VideoStreamHorizontalResolution>
          <VideoStreamVerticalResolution>768</VideoStreamVerticalResolution>
          <PayloadID>2</PayloadID>
          <PayloadKind/>
          <Parameters/>
        </CameraConfiguration>
        <HazardSensorConfiguration Series="SEARCHAI">
          <MaxRange>500.0</MaxRange>
          <HorizontalFOV>10.0</HorizontalFOV>
          <VerticalFOV>10.0</VerticalFOV>
          <DetectableHazardTypes>
            <HazardType>Fire</HazardType>
            <HazardType>Smoke</HazardType>
          </DetectableHazardTypes>
          <PayloadID>3</PayloadID>
          <PayloadKind/>
          <Parameters/>
        </HazardSensorConfiguration>
      </PayloadConfigurationList>
      <Info/>
    </AirVehicleConfiguration>
    <AirVehicleState Time="0.0" Series="CMASI">
      <Airspeed>15.0</Airspeed>
      <VerticalSpeed>0.0</VerticalSpeed>
      <WindSpeed>0.0</WindSpeed>
      <WindDirection>0.0</WindDirection>
      <ID>2</ID>
      <u>0.0</u>
      <v>0.0</v>
      <w>0.0</w>
      <udot>0.0</udot>
      <vdot>0.0</vdot>
      <wdot>0.0</wdot>
      <Heading>225.0</Heading>
      <Pitch>0.0</Pitch>
      <Roll>0.0</Roll>
      <p>0.0</p>
      <q>0.0</q>
      <r>0.0</r>
      <Course>0.0</Course>
      <Groundspeed>0.0</Groundspeed>
      <Location>
        <Location3D Series="CMASI">
          <Latitude>1.6561200296802163</Latitude>
          <Longitude>-132.36139199889107</Longitude>
          <Altitude>100.0</Altitude>
          <AltitudeType>MSL</AltitudeType>
        </Location3D>
      </Location>
      <EnergyAvailable>100.0</EnergyAvailable>
      <ActualEnergyRate>0.0</ActualEnergyRate>
      <PayloadStateList>
        <GimbalState Series="CMASI">
          <PointingMode>AirVehicleRelativeAngle</PointingMode>
          <Azimuth>0.0</Azimuth>
          <Elevation>-45.0</Elevation>
          <Rotation>0.0</Rotation>
          <PayloadID>1</PayloadID>
          <Parameters/>
        </GimbalState>
        <CameraState Series="CMASI">
          <HorizontalFieldOfView>60.0</HorizontalFieldOfView>
          <VerticalFieldOfView>0.0</VerticalFieldOfView>
          <Footprint/>
          <PointingMode>Unknown</PointingMode>
          <Azimuth>0.0</Azimuth>
          <Elevation>0.0</Elevation>
          <Rotation>0.0</Rotation>
          <PayloadID>2</PayloadID>
          <Parameters/>
        </CameraState>
        <HazardSensorState Series="SEARCHAI">
          <HorizontalFieldOfView>0.0</HorizontalFieldOfView>
          <VerticalFieldOfView>0.0</VerticalFieldOfView>
          <Footprint/>
          <PointingMode>Unknown</PointingMode>
          <Azimuth>0.0</Azimuth>
          <Elevation>0.0</Elevation>
          <Rotation>0.0</Rotation>
          <PayloadID>3</PayloadID>
          <Parameters/>
        </HazardSensorState>
      </PayloadStateList>
      <CurrentWaypoint>0</CurrentWaypoint>
      <CurrentCommand>0</CurrentCommand>
      <Mode>Waypoint</Mode>
      <AssociatedTasks/>
      <Time>0</Time>
      <Info/>
    </AirVehicleState>
    <AirVehicleConfiguration Time="0.0" Series="CMASI">
      <MinimumSpeed>15.0</MinimumSpeed>
      <MaximumSpeed>35.0</MaximumSpeed>
      <NominalFlightProfile>
        <FlightProfile Series="CMASI">
          <Name>Cruise</Name>
          <Airspeed>30.0</Airspeed>
          <PitchAngle>0.0</PitchAngle>
          <VerticalSpeed>0.0</VerticalSpeed>
          <MaxBankAngle>30.0</MaxBankAngle>
          <EnergyRate>0.0</EnergyRate>
        </FlightProfile>
      </NominalFlightProfile>
      <AlternateFlightProfiles>
        <FlightProfile Series="CMASI">
          <Name>Climb</Name>
          <Airspeed>25.0</Airspeed>
          <PitchAngle>10.0</PitchAngle>
          <VerticalSpeed>5.0</VerticalSpeed>
          <MaxBankAngle>30.0</MaxBankAngle>
          <EnergyRate>0.0</EnergyRate>
        </FlightProfile>
        <FlightProfile Series="CMASI">
          <Name>Descent</Name>
          <Airspeed>25.0</Airspeed>
          <PitchAngle>-5.0</PitchAngle>
          <VerticalSpeed>-5.0</VerticalSpeed>
          <MaxBankAngle>30.0</MaxBankAngle>
          <EnergyRate>0.0</EnergyRate>
        </FlightProfile>
        <FlightProfile Series="CMASI">
          <Name>Loiter</Name>
          <Airspeed>20.0</Airspeed>
          <PitchAngle>5.0</PitchAngle>
          <VerticalSpeed>0.0</VerticalSpeed>
          <MaxBankAngle>30.0</MaxBankAngle>
          <EnergyRate>0.0</EnergyRate>
        </FlightProfile>
        <FlightProfile Series="CMASI">
          <Name>Dash</Name>
          <Airspeed>35.0</Airspeed>
          <PitchAngle>-2.0</PitchAngle>
          <VerticalSpeed>0.0</VerticalSpeed>
          <MaxBankAngle>30.0</MaxBankAngle>
          <EnergyRate>0.0</EnergyRate>
        </FlightProfile>
      </AlternateFlightProfiles>
      <AvailableLoiterTypes>
        <LoiterType>Circular</LoiterType>
        <LoiterType>Racetrack</LoiterType>
        <LoiterType>FigureEight</LoiterType>
      </AvailableLoiterTypes>
      <AvailableTurnTypes>
        <TurnType>TurnShort</TurnType>
        <TurnType>FlyOver</TurnType>
      </AvailableTurnTypes>
      <MinimumAltitude>0.0</MinimumAltitude>
      <MinAltitudeType>AGL</MinAltitudeType>
      <MaximumAltitude>1000000.0</MaximumAltitude>
      <MaxAltitudeType>MSL</MaxAltitudeType>
      <ID>3</ID>
      <Affiliation>Unknown</Affiliation>
      <EntityType/>
      <Label>UAV3</Label>
      <NominalSpeed>0.0</NominalSpeed>
      <NominalAltitude>0.0</NominalAltitude>
      <NominalAltitudeType>AGL</NominalAltitudeType>
      <PayloadConfigurationList>
        <GimbalConfiguration Series="CMASI">
          <SupportedPointingModes/>
          <MinAzimuth>-180.0</MinAzimuth>
          <MaxAzimuth>180.0</MaxAzimuth>
          <IsAzimuthClamped>false</IsAzimuthClamped>
          <MinElevation>-90.0</MinElevation>
          <MaxElevation>0.0</MaxElevation>
          <IsElevationClamped>false</IsElevationClamped>
          <MinRotation>0.0</MinRotation>
          <MaxRotation>0.0</MaxRotation>
          <IsRotationClamped>true</IsRotationClamped>
          <MaxAzimuthSlewRate>720.0</MaxAzimuthSlewRate>
          <MaxElevationSlewRate>720.0</MaxElevationSlewRate>
          <MaxRotationRate>0.0</MaxRotationRate>
          <ContainedPayloadList>
            <int64>2</int64>
            <int64>3</int64>
          </ContainedPayloadList>
          <PayloadID>1</PayloadID>
          <PayloadKind/>
          <Parameters/>
        </GimbalConfiguration>
        <CameraConfiguration Series="CMASI">
          <SupportedWavelengthBand>EO</SupportedWavelengthBand>
          <FieldOfViewMode>Continuous</FieldOfViewMode>
          <MinHorizontalFieldOfView>55.0</MinHorizontalFieldOfView>
          <MaxHorizontalFieldOfView>55.0</MaxHorizontalFieldOfView>
          <DiscreteHorizontalFieldOfViewList/>
          <VideoStreamHorizontalResolution>1024</VideoStreamHorizontalResolution>
          <VideoStreamVerticalResolution>768</VideoStreamVerticalResolution>
          <PayloadID>2</PayloadID>
          <PayloadKind/>
          <Parameters/>
        </CameraConfiguration>
        <HazardSensorConfiguration Series="SEARCHAI">
          <MaxRange>500.0</MaxRange>
          <HorizontalFOV>10.0</HorizontalFOV>
          <VerticalFOV>10.0</VerticalFOV>
          <DetectableHazardTypes>
            <HazardType>Fire</HazardType>
            <HazardType>Smoke</HazardType>
          </DetectableHazardTypes>
          <PayloadID>3</PayloadID>
          <PayloadKind/>
          <Parameters/>
        </HazardSensorConfiguration>
      </PayloadConfigurationList>
      <Info/>
    </AirVehicleConfiguration>
    <AirVehicleState Series="CMASI">
      <Airspeed>15.0</Airspeed>
      <VerticalSpeed>0.0</VerticalSpeed>
      <WindSpeed>0.0</WindSpeed>
      <WindDirection>0.0</WindDirection>
      <ID>3</ID>
      <u>0.0</u>
      <v>0.0</v>
      <w>0.0</w>
      <udot>0.0</udot>
      <vdot>0.0</vdot>
      <wdot>0.0</wdot>
      <Heading>45.0</Heading>
      <Pitch>0.0</Pitch>
      <Roll>0.0</Roll>
      <p>0.0</p>
      <q>0.0</q>
      <r>0.0</r>
      <Course>0.0</Course>
      <Groundspeed>0.0</Groundspeed>
      <Location>
        <Location3D Series="CMASI">
          <Latitude>1.3122388314790647</Latitude>
          <Longitude>-132.70461838084543</Longitude>
          <Altitude>100.0</Altitude>
          <AltitudeType>MSL</AltitudeType>
        </Location3D>
      </Location>
      <EnergyAvailable>100.0</EnergyAvailable>
      <ActualEnergyRate>0.0</ActualEnergyRate>
      <PayloadStateList>
        <GimbalState Series="CMASI">
          <PointingMode>AirVehicleRelativeAngle</PointingMode>
          <Azimuth>0.0</Azimuth>
          <Elevation>-45.0</Elevation>
          <Rotation>0.0</Rotation>
          <PayloadID>1</PayloadID>
          <Parameters/>
        </GimbalState>
        <CameraState Series="CMASI">
          <HorizontalFieldOfView>60.0</HorizontalFieldOfView>
          <VerticalFieldOfView>0.0</VerticalFieldOfView>
          <Footprint/>
          <PointingMode>Unknown</PointingMode>
          <Azimuth>0.0</Azimuth>
          <Elevation>0.0</Elevation>
          <Rotation>0.0</Rotation>
          <PayloadID>2</PayloadID>
          <Parameters/>
        </CameraState>
        <HazardSensorState Series="SEARCHAI">
          <HorizontalFieldOfView>0.0</HorizontalFieldOfView>
          <VerticalFieldOfView>0.0</VerticalFieldOfView>
          <Footprint/>
          <PointingMode>Unknown</PointingMode>
          <Azimuth>0.0</Azimuth>
          <Elevation>0.0</Elevation>
          <Rotation>0.0</Rotation>
          <PayloadID>3</PayloadID>
          <Parameters/>
        </HazardSensorState>
      </PayloadStateList>
      <CurrentWaypoint>0</CurrentWaypoint>
      <CurrentCommand>0</CurrentCommand>
      <Mode>Waypoint</Mode>
      <AssociatedTasks/>
      <Time>0</Time>
      <Info/>
    </AirVehicleState>
    <AirVehicleConfiguration Time="0.0" Series="CMASI">
      <MinimumSpeed>15.0</MinimumSpeed>
      <MaximumSpeed>35.0</MaximumSpeed>
      <NominalFlightProfile>
        <FlightProfile Series="CMASI">
          <Name>Cruise</Name>
          <Airspeed>30.0</Airspeed>
          <PitchAngle>0.0</PitchAngle>
          <VerticalSpeed>0.0</VerticalSpeed>
          <MaxBankAngle>30.0</MaxBankAngle>
          <EnergyRate>0.0</EnergyRate>
        </FlightProfile>
      </NominalFlightProfile>
      <AlternateFlightProfiles>
        <FlightProfile Series="CMASI">
          <Name>Climb</Name>
          <Airspeed>25.0</Airspeed>
          <PitchAngle>10.0</PitchAngle>
          <VerticalSpeed>5.0</VerticalSpeed>
          <MaxBankAngle>30.0</MaxBankAngle>
          <EnergyRate>0.0</EnergyRate>
        </FlightProfile>
        <FlightProfile Series="CMASI">
          <Name>Descent</Name>
          <Airspeed>25.0</Airspeed>
          <PitchAngle>-5.0</PitchAngle>
          <VerticalSpeed>-5.0</VerticalSpeed>
          <MaxBankAngle>30.0</MaxBankAngle>
          <EnergyRate>0.0</EnergyRate>
        </FlightProfile>
        <FlightProfile Series="CMASI">
          <Name>Loiter</Name>
          <Airspeed>20.0</Airspeed>
          <PitchAngle>5.0</PitchAngle>
          <VerticalSpeed>0.0</VerticalSpeed>
          <MaxBankAngle>30.0</MaxBankAngle>
          <EnergyRate>0.0</EnergyRate>
        </FlightProfile>
        <FlightProfile Series="CMASI">
          <Name>Dash</Name>
          <Airspeed>35.0</Airspeed>
          <PitchAngle>-2.0</PitchAngle>
          <VerticalSpeed>0.0</VerticalSpeed>
          <MaxBankAngle>30.0</MaxBankAngle>
          <EnergyRate>0.0</EnergyRate>
        </FlightProfile>
      </AlternateFlightProfiles>
      <AvailableLoiterTypes>
        <LoiterType>Circular</LoiterType>
        <LoiterType>Racetrack</LoiterType>
        <LoiterType>FigureEight</LoiterType>
      </AvailableLoiterTypes>
      <AvailableTurnTypes>
        <TurnType>TurnShort</TurnType>
        <TurnType>FlyOver</TurnType>
      </AvailableTurnTypes>
      <MinimumAltitude>0.0</MinimumAltitude>
      <MinAltitudeType>AGL</MinAltitudeType>
      <MaximumAltitude>1000000.0</MaximumAltitude>
      <MaxAltitudeType>MSL</MaxAltitudeType>
      <ID>4</ID>
      <Affiliation>Unknown</Affiliation>
      <EntityType/>
      <Label>UAV4</Label>
      <NominalSpeed>0.0</NominalSpeed>
      <NominalAltitude>0.0</NominalAltitude>
      <NominalAltitudeType>AGL</NominalAltitudeType>
      <PayloadConfigurationList>
        <GimbalConfiguration Series="CMASI">
          <SupportedPointingModes/>
          <MinAzimuth>-180.0</MinAzimuth>
          <MaxAzimuth>180.0</MaxAzimuth>
          <IsAzimuthClamped>false</IsAzimuthClamped>
          <MinElevation>-90.0</MinElevation>
          <MaxElevation>0.0</MaxElevation>
          <IsElevationClamped>false</IsElevationClamped>
          <MinRotation>0.0</MinRotation>
          <MaxRotation>0.0</MaxRotation>
          <IsRotationClamped>true</IsRotationClamped>
          <MaxAzimuthSlewRate>720.0</MaxAzimuthSlewRate>
          <MaxElevationSlewRate>720.0</MaxElevationSlewRate>
          <MaxRotationRate>0.0</MaxRotationRate>
          <ContainedPayloadList>
            <int64>2</int64>
            <int64>3</int64>
          </ContainedPayloadList>
          <PayloadID>1</PayloadID>
          <PayloadKind/>
          <Parameters/>
        </GimbalConfiguration>
        <CameraConfiguration Series="CMASI">
          <SupportedWavelengthBand>EO</SupportedWavelengthBand>
          <FieldOfViewMode>Continuous</FieldOfViewMode>
          <MinHorizontalFieldOfView>55.0</MinHorizontalFieldOfView>
          <MaxHorizontalFieldOfView>55.0</MaxHorizontalFieldOfView>
          <DiscreteHorizontalFieldOfViewList/>
          <VideoStreamHorizontalResolution>1024</VideoStreamHorizontalResolution>
          <VideoStreamVerticalResolution>768</VideoStreamVerticalResolution>
          <PayloadID>2</PayloadID>
          <PayloadKind/>
          <Parameters/>
        </CameraConfiguration>
        <HazardSensorConfiguration Series="SEARCHAI">
          <MaxRange>500.0</MaxRange>
          <HorizontalFOV>10.0</HorizontalFOV>
          <VerticalFOV>10.0</VerticalFOV>
          <DetectableHazardTypes>
            <HazardType>Fire</HazardType>
            <HazardType>Smoke</HazardType>
          </DetectableHazardTypes>
          <PayloadID>3</PayloadID>
          <PayloadKind/>
          <Parameters/>
        </HazardSensorConfiguration>
      </PayloadConfigurationList>
      <Info/>
    </AirVehicleConfiguration>
    <AirVehicleState Series="CMASI">
      <Airspeed>15.0</Airspeed>
      <VerticalSpeed>0.0</VerticalSpeed>
      <WindSpeed>0.0</WindSpeed>
      <WindDirection>0.0</WindDirection>
      <ID>4</ID>
      <u>0.0</u>
      <v>0.0</v>
      <w>0.0</w>
      <udot>0.0</udot>
      <vdot>0.0</vdot>
      <wdot>0.0</wdot>
      <Heading>225.0</Heading>
      <Pitch>0.0</Pitch>
      <Roll>0.0</Roll>
      <p>0.0</p>
      <q>0.0</q>
      <r>0.0</r>
      <Course>0.0</Course>
      <Groundspeed>0.0</Groundspeed>
      <Location>
        <Location3D Series="CMASI">
          <Latitude>1.656650222303491</Latitude>
          <Longitude>-132.37217701736338</Longitude>
          <Altitude>100.0</Altitude>
          <AltitudeType>MSL</AltitudeType>
        </Location3D>
      </Location>
      <EnergyAvailable>100.0</EnergyAvailable>
      <ActualEnergyRate>0.0</ActualEnergyRate>
      <PayloadStateList>
        <GimbalState Series="CMASI">
          <PointingMode>AirVehicleRelativeAngle</PointingMode>
          <Azimuth>0.0</Azimuth>
          <Elevation>-45.0</Elevation>
          <Rotation>0.0</Rotation>
          <PayloadID>1</PayloadID>
          <Parameters/>
        </GimbalState>
        <CameraState Series="CMASI">
          <HorizontalFieldOfView>60.0</HorizontalFieldOfView>
          <VerticalFieldOfView>0.0</VerticalFieldOfView>
          <Footprint/>
          <PointingMode>Unknown</PointingMode>
          <Azimuth>0.0</Azimuth>
          <Elevation>0.0</Elevation>
          <Rotation>0.0</Rotation>
          <PayloadID>2</PayloadID>
          <Parameters/>
        </CameraState>
        <HazardSensorState Series="SEARCHAI">
          <HorizontalFieldOfView>0.0</HorizontalFieldOfView>
          <VerticalFieldOfView>0.0</VerticalFieldOfView>
          <Footprint/>
          <PointingMode>Unknown</PointingMode>
          <Azimuth>0.0</Azimuth>
          <Elevation>0.0</Elevation>
          <Rotation>0.0</Rotation>
          <PayloadID>3</PayloadID>
          <Parameters/>
        </HazardSensorState>
      </PayloadStateList>
      <CurrentWaypoint>0</CurrentWaypoint>
      <CurrentCommand>0</CurrentCommand>
      <Mode>Waypoint</Mode>
      <AssociatedTasks/>
      <Time>0</Time>
      <Info/>
    </AirVehicleState>
    <AirVehicleConfiguration Time="0.0" Series="CMASI">
      <MinimumSpeed>15.0</MinimumSpeed>
      <MaximumSpeed>35.0</MaximumSpeed>
      <NominalFlightProfile>
        <FlightProfile Series="CMASI">
          <Name>Cruise</Name>
          <Airspeed>30.0</Airspeed>
          <PitchAngle>0.0</PitchAngle>
          <VerticalSpeed>0.0</VerticalSpeed>
          <MaxBankAngle>30.0</MaxBankAngle>
          <EnergyRate>0.0</EnergyRate>
        </FlightProfile>
      </NominalFlightProfile>
      <AlternateFlightProfiles>
        <FlightProfile Series="CMASI">
          <Name>Climb</Name>
          <Airspeed>25.0</Airspeed>
          <PitchAngle>10.0</PitchAngle>
          <VerticalSpeed>5.0</VerticalSpeed>
          <MaxBankAngle>30.0</MaxBankAngle>
          <EnergyRate>0.0</EnergyRate>
        </FlightProfile>
        <FlightProfile Series="CMASI">
          <Name>Descent</Name>
          <Airspeed>25.0</Airspeed>
          <PitchAngle>-5.0</PitchAngle>
          <VerticalSpeed>-5.0</VerticalSpeed>
          <MaxBankAngle>30.0</MaxBankAngle>
          <EnergyRate>0.0</EnergyRate>
        </FlightProfile>
        <FlightProfile Series="CMASI">
          <Name>Loiter</Name>
          <Airspeed>20.0</Airspeed>
          <PitchAngle>5.0</PitchAngle>
          <VerticalSpeed>0.0</VerticalSpeed>
          <MaxBankAngle>30.0</MaxBankAngle>
          <EnergyRate>0.0</EnergyRate>
        </FlightProfile>
        <FlightProfile Series="CMASI">
          <Name>Dash</Name>
          <Airspeed>35.0</Airspeed>
          <PitchAngle>-2.0</PitchAngle>
          <VerticalSpeed>0.0</VerticalSpeed>
          <MaxBankAngle>30.0</MaxBankAngle>
          <EnergyRate>0.0</EnergyRate>
        </FlightProfile>
      </AlternateFlightProfiles>
      <AvailableLoiterTypes>
        <LoiterType>Circular</LoiterType>
        <LoiterType>Racetrack</LoiterType>
        <LoiterType>FigureEight</LoiterType>
      </AvailableLoiterTypes>
      <AvailableTurnTypes>
        <TurnType>TurnShort</TurnType>
        <TurnType>FlyOver</TurnType>
      </AvailableTurnTypes>
      <MinimumAltitude>0.0</MinimumAltitude>
      <MinAltitudeType>AGL</MinAltitudeType>
      <MaximumAltitude>1000000.0</MaximumAltitude>
      <MaxAltitudeType>MSL</MaxAltitudeType>
      <ID>5</ID>
      <Affiliation>Unknown</Affiliation>
      <EntityType/>
      <Label>UAV5</Label>
      <NominalSpeed>0.0</NominalSpeed>
      <NominalAltitude>0.0</NominalAltitude>
      <NominalAltitudeType>AGL</NominalAltitudeType>
      <PayloadConfigurationList>
        <GimbalConfiguration Series="CMASI">
          <SupportedPointingModes/>
          <MinAzimuth>-180.0</MinAzimuth>
          <MaxAzimuth>180.0</MaxAzimuth>
          <IsAzimuthClamped>false</IsAzimuthClamped>
          <MinElevation>-90.0</MinElevation>
          <MaxElevation>0.0</MaxElevation>
          <IsElevationClamped>false</IsElevationClamped>
          <MinRotation>0.0</MinRotation>
          <MaxRotation>0.0</MaxRotation>
          <IsRotationClamped>true</IsRotationClamped>
          <MaxAzimuthSlewRate>720.0</MaxAzimuthSlewRate>
          <MaxElevationSlewRate>720.0</MaxElevationSlewRate>
          <MaxRotationRate>0.0</MaxRotationRate>
          <ContainedPayloadList>
            <int64>2</int64>
            <int64>3</int64>
          </ContainedPayloadList>
          <PayloadID>1</PayloadID>
          <PayloadKind/>
          <Parameters/>
        </GimbalConfiguration>
        <CameraConfiguration Series="CMASI">
          <SupportedWavelengthBand>EO</SupportedWavelengthBand>
          <FieldOfViewMode>Continuous</FieldOfViewMode>
          <MinHorizontalFieldOfView>55.0</MinHorizontalFieldOfView>
          <MaxHorizontalFieldOfView>55.0</MaxHorizontalFieldOfView>
          <DiscreteHorizontalFieldOfViewList/>
          <VideoStreamHorizontalResolution>1024</VideoStreamHorizontalResolution>
          <VideoStreamVerticalResolution>768</VideoStreamVerticalResolution>
          <PayloadID>2</PayloadID>
          <PayloadKind/>
          <Parameters/>
        </CameraConfiguration>
        <HazardSensorConfiguration Series="SEARCHAI">
          <MaxRange>500.0</MaxRange>
          <HorizontalFOV>10.0</HorizontalFOV>
          <VerticalFOV>10.0</VerticalFOV>
          <DetectableHazardTypes>
            <HazardType>Fire</HazardType>
            <HazardType>Smoke</HazardType>
          </DetectableHazardTypes>
          <PayloadID>3</PayloadID>
          <PayloadKind/>
          <Parameters/>
        </HazardSensorConfiguration>
      </PayloadConfigurationList>
      <Info/>
    </AirVehicleConfiguration>
    <AirVehicleState Series="CMASI">
      <Airspeed>15.0</Airspeed>
      <VerticalSpeed>0.0</VerticalSpeed>
      <WindSpeed>0.0</WindSpeed>
      <WindDirection>0.0</WindDirection>
      <ID>5</ID>
      <u>0.0</u>
      <v>0.0</v>
      <w>0.0</w>
      <udot>0.0</udot>
      <vdot>0.0</vdot>
      <wdot>0.0</wdot>
      <Heading>45.0</Heading>
      <Pitch>0.0</Pitch>
      <Roll>0.0</Roll>
      <p>0.0</p>
      <q>0.0</q>
      <r>0.0</r>
      <Course>0.0</Course>
      <Groundspeed>0.0</Groundspeed>
      <Location>
        <Location3D Series="CMASI">
          <Latitude>1.3207082073646808</Latitude>
          <Longitude>-132.70344175301048</Longitude>
          <Altitude>100.0</Altitude>
          <AltitudeType>MSL</AltitudeType>
        </Location3D>
      </Location>
      <EnergyAvailable>100.0</EnergyAvailable>
      <ActualEnergyRate>0.0</ActualEnergyRate>
      <PayloadStateList>
        <GimbalState Series="CMASI">
          <PointingMode>AirVehicleRelativeAngle</PointingMode>
          <Azimuth>0.0</Azimuth>
          <Elevation>-45.0</Elevation>
          <Rotation>0.0</Rotation>
          <PayloadID>1</PayloadID>
          <Parameters/>
        </GimbalState>
        <CameraState Series="CMASI">
          <HorizontalFieldOfView>60.0</HorizontalFieldOfView>
          <VerticalFieldOfView>0.0</VerticalFieldOfView>
          <Footprint/>
          <PointingMode>Unknown</PointingMode>
          <Azimuth>0.0</Azimuth>
          <Elevation>0.0</Elevation>
          <Rotation>0.0</Rotation>
          <PayloadID>2</PayloadID>
          <Parameters/>
        </CameraState>
        <HazardSensorState Series="SEARCHAI">
          <HorizontalFieldOfView>0.0</HorizontalFieldOfView>
          <VerticalFieldOfView>0.0</VerticalFieldOfView>
          <Footprint/>
          <PointingMode>Unknown</PointingMode>
          <Azimuth>0.0</Azimuth>
          <Elevation>0.0</Elevation>
          <Rotation>0.0</Rotation>
          <PayloadID>3</PayloadID>
          <Parameters/>
        </HazardSensorState>
      </PayloadStateList>
      <CurrentWaypoint>0</CurrentWaypoint>
      <CurrentCommand>0</CurrentCommand>
      <Mode>Waypoint</Mode>
      <AssociatedTasks/>
      <Time>0</Time>
      <Info/>
    </AirVehicleState>
    <AirVehicleConfiguration Time="0.0" Series="CMASI">
      <MinimumSpeed>15.0</MinimumSpeed>
      <MaximumSpeed>35.0</MaximumSpeed>
      <NominalFlightProfile>
        <FlightProfile Series="CMASI">
          <Name>Cruise</Name>
          <Airspeed>30.0</Airspeed>
          <PitchAngle>0.0</PitchAngle>
          <VerticalSpeed>0.0</VerticalSpeed>
          <MaxBankAngle>30.0</MaxBankAngle>
          <EnergyRate>0.0</EnergyRate>
        </FlightProfile>
      </NominalFlightProfile>
      <AlternateFlightProfiles>
        <FlightProfile Series="CMASI">
          <Name>Climb</Name>
          <Airspeed>25.0</Airspeed>
          <PitchAngle>10.0</PitchAngle>
          <VerticalSpeed>5.0</VerticalSpeed>
          <MaxBankAngle>30.0</MaxBankAngle>
          <EnergyRate>0.0</EnergyRate>
        </FlightProfile>
        <FlightProfile Series="CMASI">
          <Name>Descent</Name>
          <Airspeed>25.0</Airspeed>
          <PitchAngle>-5.0</PitchAngle>
          <VerticalSpeed>-5.0</VerticalSpeed>
          <MaxBankAngle>30.0</MaxBankAngle>
          <EnergyRate>0.0</EnergyRate>
        </FlightProfile>
        <FlightProfile Series="CMASI">
          <Name>Loiter</Name>
          <Airspeed>20.0</Airspeed>
          <PitchAngle>5.0</PitchAngle>
          <VerticalSpeed>0.0</VerticalSpeed>
          <MaxBankAngle>30.0</MaxBankAngle>
          <EnergyRate>0.0</EnergyRate>
        </FlightProfile>
        <FlightProfile Series="CMASI">
          <Name>Dash</Name>
          <Airspeed>35.0</Airspeed>
          <PitchAngle>-2.0</PitchAngle>
          <VerticalSpeed>0.0</VerticalSpeed>
          <MaxBankAngle>30.0</MaxBankAngle>
          <EnergyRate>0.0</EnergyRate>
        </FlightProfile>
      </AlternateFlightProfiles>
      <AvailableLoiterTypes>
        <LoiterType>Circular</LoiterType>
        <LoiterType>Racetrack</LoiterType>
        <LoiterType>FigureEight</LoiterType>
      </AvailableLoiterTypes>
      <AvailableTurnTypes>
        <TurnType>TurnShort</TurnType>
        <TurnType>FlyOver</TurnType>
      </AvailableTurnTypes>
      <MinimumAltitude>0.0</MinimumAltitude>
      <MinAltitudeType>AGL</MinAltitudeType>
      <MaximumAltitude>1000000.0</MaximumAltitude>
      <MaxAltitudeType>MSL</MaxAltitudeType>
      <ID>6</ID>
      <Affiliation>Unknown</Affiliation>
      <EntityType/>
      <Label>UAV6</Label>
      <NominalSpeed>0.0</NominalSpeed>
      <NominalAltitude>0.0</NominalAltitude>
      <NominalAltitudeType>AGL</NominalAltitudeType>
      <PayloadConfigurationList>
        <GimbalConfiguration Series="CMASI">
          <SupportedPointingModes/>
          <MinAzimuth>-180.0</MinAzimuth>
          <MaxAzimuth>180.0</MaxAzimuth>
          <IsAzimuthClamped>false</IsAzimuthClamped>
          <MinElevation>-90.0</MinElevation>
          <MaxElevation>0.0</MaxElevation>
          <IsElevationClamped>false</IsElevationClamped>
          <MinRotation>0.0</MinRotation>
          <MaxRotation>0.0</MaxRotation>
          <IsRotationClamped>true</IsRotationClamped>
          <MaxAzimuthSlewRate>720.0</MaxAzimuthSlewRate>
          <MaxElevationSlewRate>720.0</MaxElevationSlewRate>
          <MaxRotationRate>0.0</MaxRotationRate>
          <ContainedPayloadList>
            <int64>2</int64>
            <int64>3</int64>
          </ContainedPayloadList>
          <PayloadID>1</PayloadID>
          <PayloadKind/>
          <Parameters/>
        </GimbalConfiguration>
        <CameraConfiguration Series="CMASI">
          <SupportedWavelengthBand>EO</SupportedWavelengthBand>
          <FieldOfViewMode>Continuous</FieldOfViewMode>
          <MinHorizontalFieldOfView>55.0</MinHorizontalFieldOfView>
          <MaxHorizontalFieldOfView>55.0</MaxHorizontalFieldOfView>
          <DiscreteHorizontalFieldOfViewList/>
          <VideoStreamHorizontalResolution>1024</VideoStreamHorizontalResolution>
          <VideoStreamVerticalResolution>768</VideoStreamVerticalResolution>
          <PayloadID>2</PayloadID>
          <PayloadKind/>
          <Parameters/>
        </CameraConfiguration>
        <HazardSensorConfiguration Series="SEARCHAI">
          <MaxRange>500.0</MaxRange>
          <HorizontalFOV>10.0</HorizontalFOV>
          <VerticalFOV>10.0</VerticalFOV>
          <DetectableHazardTypes>
            <HazardType>Fire</HazardType>
            <HazardType>Smoke</HazardType>
          </DetectableHazardTypes>
          <PayloadID>3</PayloadID>
          <PayloadKind/>
          <Parameters/>
        </HazardSensorConfiguration>
      </PayloadConfigurationList>
      <Info/>
    </AirVehicleConfiguration>
    <AirVehicleState Series="CMASI">
      <Airspeed>15.0</Airspeed>
      <VerticalSpeed>0.0</VerticalSpeed>
      <WindSpeed>0.0</WindSpeed>
      <WindDirection>0.0</WindDirection>
      <ID>6</ID>
      <u>0.0</u>
      <v>0.0</v>
      <w>0.0</w>
      <udot>0.0</udot>
      <vdot>0.0</vdot>
      <wdot>0.0</wdot>
      <Heading>225.0</Heading>
      <Pitch>0.0</Pitch>
      <Roll>0.0</Roll>
      <p>0.0</p>
      <q>0.0</q>
      <r>0.0</r>
      <Course>0.0</Course>
      <Groundspeed>0.0</Groundspeed>
      <Location>
        <Location3D Series="CMASI">
          <Latitude>1.6603615706664139</Latitude>
          <Longitude>-132.36634249917344</Longitude>
          <Altitude>100.0</Altitude>
          <AltitudeType>MSL</AltitudeType>
        </Location3D>
      </Location>
      <EnergyAvailable>100.0</EnergyAvailable>
      <ActualEnergyRate>0.0</ActualEnergyRate>
      <PayloadStateList>
        <GimbalState Series="CMASI">
          <PointingMode>AirVehicleRelativeAngle</PointingMode>
          <Azimuth>0.0</Azimuth>
          <Elevation>-45.0</Elevation>
          <Rotation>0.0</Rotation>
          <PayloadID>1</PayloadID>
          <Parameters/>
        </GimbalState>
        <CameraState Series="CMASI">
          <HorizontalFieldOfView>60.0</HorizontalFieldOfView>
          <VerticalFieldOfView>0.0</VerticalFieldOfView>
          <Footprint/>
          <PointingMode>Unknown</PointingMode>
          <Azimuth>0.0</Azimuth>
          <Elevation>0.0</Elevation>
          <Rotation>0.0</Rotation>
          <PayloadID>2</PayloadID>
          <Parameters/>
        </CameraState>
        <HazardSensorState Series="SEARCHAI">
          <HorizontalFieldOfView>0.0</HorizontalFieldOfView>
          <VerticalFieldOfView>0.0</VerticalFieldOfView>
          <Footprint/>
          <PointingMode>Unknown</PointingMode>
          <Azimuth>0.0</Azimuth>
          <Elevation>0.0</Elevation>
          <Rotation>0.0</Rotation>
          <PayloadID>3</PayloadID>
          <Parameters/>
        </HazardSensorState>
      </PayloadStateList>
      <CurrentWaypoint>0</CurrentWaypoint>
      <CurrentCommand>0</CurrentCommand>
      <Mode>Waypoint</Mode>
      <AssociatedTasks/>
      <Time>0</Time>
      <Info/>
    </AirVehicleState>
    <AirVehicleConfiguration Time="0.0" Series="CMASI">
      <MinimumSpeed>15.0</MinimumSpeed>
      <MaximumSpeed>25.0</MaximumSpeed>
      <NominalFlightProfile>
        <FlightProfile Series="CMASI">
          <Name>Cruise</Name>
          <Airspeed>20.0</Airspeed>
          <PitchAngle>0.0</PitchAngle>
          <VerticalSpeed>0.0</VerticalSpeed>
          <MaxBankAngle>30.0</MaxBankAngle>
          <EnergyRate>0.0</EnergyRate>
        </FlightProfile>
      </NominalFlightProfile>
      <AlternateFlightProfiles>
        <FlightProfile Series="CMASI">
          <Name>Climb</Name>
          <Airspeed>15.0</Airspeed>
          <PitchAngle>10.0</PitchAngle>
          <VerticalSpeed>5.0</VerticalSpeed>
          <MaxBankAngle>30.0</MaxBankAngle>
          <EnergyRate>0.0</EnergyRate>
        </FlightProfile>
        <FlightProfile Series="CMASI">
          <Name>Descent</Name>
          <Airspeed>15.0</Airspeed>
          <PitchAngle>-5.0</PitchAngle>
          <VerticalSpeed>-5.0</VerticalSpeed>
          <MaxBankAngle>30.0</MaxBankAngle>
          <EnergyRate>0.0</EnergyRate>
        </FlightProfile>
        <FlightProfile Series="CMASI">
          <Name>Loiter</Name>
          <Airspeed>10.0</Airspeed>
          <PitchAngle>5.0</PitchAngle>
          <VerticalSpeed>0.0</VerticalSpeed>
          <MaxBankAngle>30.0</MaxBankAngle>
          <EnergyRate>0.0</EnergyRate>
        </FlightProfile>
        <FlightProfile Series="CMASI">
          <Name>Dash</Name>
          <Airspeed>25.0</Airspeed>
          <PitchAngle>-2.0</PitchAngle>
          <VerticalSpeed>0.0</VerticalSpeed>
          <MaxBankAngle>30.0</MaxBankAngle>
          <EnergyRate>0.0</EnergyRate>
        </FlightProfile>
      </AlternateFlightProfiles>
      <AvailableLoiterTypes>
        <LoiterType>Circular</LoiterType>
        <LoiterType>Racetrack</LoiterType>
        <LoiterType>FigureEight</LoiterType>
      </AvailableLoiterTypes>
      <AvailableTurnTypes>
        <TurnType>TurnShort</TurnType>
        <TurnType>FlyOver</TurnType>
      </AvailableTurnTypes>
      <MinimumAltitude>0.0</MinimumAltitude>
      <MinAltitudeType>AGL</MinAltitudeType>
      <MaximumAltitude>1000000.0</MaximumAltitude>
      <MaxAltitudeType>MSL</MaxAltitudeType>
      <ID>7</ID>
      <Affiliation>Unknown</Affiliation>
      <EntityType/>
      <Label>UAV7</Label>
      <NominalSpeed>0.0</NominalSpeed>
      <NominalAltitude>0.0</NominalAltitude>
      <NominalAltitudeType>AGL</NominalAltitudeType>
      <PayloadConfigurationList>
        <GimbalConfiguration Series="CMASI">
          <SupportedPointingModes/>
          <MinAzimuth>-180.0</MinAzimuth>
          <MaxAzimuth>180.0</MaxAzimuth>
          <IsAzimuthClamped>false</IsAzimuthClamped>
          <MinElevation>-90.0</MinElevation>
          <MaxElevation>0.0</MaxElevation>
          <IsElevationClamped>false</IsElevationClamped>
          <MinRotation>0.0</MinRotation>
          <MaxRotation>0.0</MaxRotation>
          <IsRotationClamped>true</IsRotationClamped>
          <MaxAzimuthSlewRate>720.0</MaxAzimuthSlewRate>
          <MaxElevationSlewRate>720.0</MaxElevationSlewRate>
          <MaxRotationRate>0.0</MaxRotationRate>
          <ContainedPayloadList>
            <int64>2</int64>
            <int64>3</int64>
          </ContainedPayloadList>
          <PayloadID>1</PayloadID>
          <PayloadKind/>
          <Parameters/>
        </GimbalConfiguration>
        <CameraConfiguration Series="CMASI">
          <SupportedWavelengthBand>EO</SupportedWavelengthBand>
          <FieldOfViewMode>Continuous</FieldOfViewMode>
          <MinHorizontalFieldOfView>55.0</MinHorizontalFieldOfView>
          <MaxHorizontalFieldOfView>55.0</MaxHorizontalFieldOfView>
          <DiscreteHorizontalFieldOfViewList/>
          <VideoStreamHorizontalResolution>1024</VideoStreamHorizontalResolution>
          <VideoStreamVerticalResolution>768</VideoStreamVerticalResolution>
          <PayloadID>2</PayloadID>
          <PayloadKind/>
          <Parameters/>
        </CameraConfiguration>
        <HazardSensorConfiguration Series="SEARCHAI">
          <MaxRange>1000.0</MaxRange>
          <HorizontalFOV>10.0</HorizontalFOV>
          <VerticalFOV>10.0</VerticalFOV>
          <DetectableHazardTypes>
            <HazardType>Fire</HazardType>
            <HazardType>Smoke</HazardType>
          </DetectableHazardTypes>
          <PayloadID>3</PayloadID>
          <PayloadKind/>
          <Parameters/>
        </HazardSensorConfiguration>
      </PayloadConfigurationList>
      <Info/>
    </AirVehicleConfiguration>
    <AirVehicleState Series="CMASI">
      <Airspeed>15.0</Airspeed>
      <VerticalSpeed>0.0</VerticalSpeed>
      <WindSpeed>0.0</WindSpeed>
      <WindDirection>0.0</WindDirection>
      <ID>7</ID>
      <u>0.0</u>
      <v>0.0</v>
      <w>0.0</w>
      <udot>0.0</udot>
      <vdot>0.0</vdot>
      <wdot>0.0</wdot>
      <Heading>45.0</Heading>
      <Pitch>0.0</Pitch>
      <Roll>0.0</Roll>
      <p>0.0</p>
      <q>0.0</q>
      <r>0.0</r>
      <Course>0.0</Course>
      <Groundspeed>0.0</Groundspeed>
      <Location>
        <Location3D Series="CMASI">
          <Latitude>1.3164735194218726</Latitude>
          <Longitude>-132.70979554331933</Longitude>
          <Altitude>100.0</Altitude>
          <AltitudeType>MSL</AltitudeType>
        </Location3D>
      </Location>
      <EnergyAvailable>100.0</EnergyAvailable>
      <ActualEnergyRate>0.0</ActualEnergyRate>
      <PayloadStateList>
        <GimbalState Series="CMASI">
          <PointingMode>AirVehicleRelativeAngle</PointingMode>
          <Azimuth>0.0</Azimuth>
          <Elevation>-45.0</Elevation>
          <Rotation>0.0</Rotation>
          <PayloadID>1</PayloadID>
          <Parameters/>
        </GimbalState>
        <CameraState Series="CMASI">
          <HorizontalFieldOfView>60.0</HorizontalFieldOfView>
          <VerticalFieldOfView>0.0</VerticalFieldOfView>
          <Footprint/>
          <PointingMode>Unknown</PointingMode>
          <Azimuth>0.0</Azimuth>
          <Elevation>0.0</Elevation>
          <Rotation>0.0</Rotation>
          <PayloadID>2</PayloadID>
          <Parameters/>
        </CameraState>
        <HazardSensorState Series="SEARCHAI">
          <HorizontalFieldOfView>0.0</HorizontalFieldOfView>
          <VerticalFieldOfView>0.0</VerticalFieldOfView>
          <Footprint/>
          <PointingMode>Unknown</PointingMode>
          <Azimuth>0.0</Azimuth>
          <Elevation>0.0</Elevation>
          <Rotation>0.0</Rotation>
          <PayloadID>3</PayloadID>
          <Parameters/>
        </HazardSensorState>
      </PayloadStateList>
      <CurrentWaypoint>0</CurrentWaypoint>
      <CurrentCommand>0</CurrentCommand>
      <Mode>Waypoint</Mode>
      <AssociatedTasks/>
      <Time>0</Time>
      <Info/>
    </AirVehicleState>
    <AirVehicleConfiguration Time="0.0" Series="CMASI">
      <MinimumSpeed>15.0</MinimumSpeed>
      <MaximumSpeed>25.0</MaximumSpeed>
      <NominalFlightProfile>
        <FlightProfile Series="CMASI">
          <Name>Cruise</Name>
          <Airspeed>20.0</Airspeed>
          <PitchAngle>0.0</PitchAngle>
          <VerticalSpeed>0.0</VerticalSpeed>
          <MaxBankAngle>30.0</MaxBankAngle>
          <EnergyRate>0.0</EnergyRate>
        </FlightProfile>
      </NominalFlightProfile>
      <AlternateFlightProfiles>
        <FlightProfile Series="CMASI">
          <Name>Climb</Name>
          <Airspeed>15.0</Airspeed>
          <PitchAngle>10.0</PitchAngle>
          <VerticalSpeed>5.0</VerticalSpeed>
          <MaxBankAngle>30.0</MaxBankAngle>
          <EnergyRate>0.0</EnergyRate>
        </FlightProfile>
        <FlightProfile Series="CMASI">
          <Name>Descent</Name>
          <Airspeed>15.0</Airspeed>
          <PitchAngle>-5.0</PitchAngle>
          <VerticalSpeed>-5.0</VerticalSpeed>
          <MaxBankAngle>30.0</MaxBankAngle>
          <EnergyRate>0.0</EnergyRate>
        </FlightProfile>
        <FlightProfile Series="CMASI">
          <Name>Loiter</Name>
          <Airspeed>10.0</Airspeed>
          <PitchAngle>5.0</PitchAngle>
          <VerticalSpeed>0.0</VerticalSpeed>
          <MaxBankAngle>30.0</MaxBankAngle>
          <EnergyRate>0.0</EnergyRate>
        </FlightProfile>
        <FlightProfile Series="CMASI">
          <Name>Dash</Name>
          <Airspeed>25.0</Airspeed>
          <PitchAngle>-2.0</PitchAngle>
          <VerticalSpeed>0.0</VerticalSpeed>
          <MaxBankAngle>30.0</MaxBankAngle>
          <EnergyRate>0.0</EnergyRate>
        </FlightProfile>
      </AlternateFlightProfiles>
      <AvailableLoiterTypes>
        <LoiterType>Circular</LoiterType>
        <LoiterType>Racetrack</LoiterType>
        <LoiterType>FigureEight</LoiterType>
      </AvailableLoiterTypes>
      <AvailableTurnTypes>
        <TurnType>TurnShort</TurnType>
        <TurnType>FlyOver</TurnType>
      </AvailableTurnTypes>
      <MinimumAltitude>0.0</MinimumAltitude>
      <MinAltitudeType>AGL</MinAltitudeType>
      <MaximumAltitude>1000000.0</MaximumAltitude>
      <MaxAltitudeType>MSL</MaxAltitudeType>
      <ID>8</ID>
      <Affiliation>Unknown</Affiliation>
      <EntityType/>
      <Label>UAV8</Label>
      <NominalSpeed>0.0</NominalSpeed>
      <NominalAltitude>0.0</NominalAltitude>
      <NominalAltitudeType>AGL</NominalAltitudeType>
      <PayloadConfigurationList>
        <GimbalConfiguration Series="CMASI">
          <SupportedPointingModes/>
          <MinAzimuth>-180.0</MinAzimuth>
          <MaxAzimuth>180.0</MaxAzimuth>
          <IsAzimuthClamped>false</IsAzimuthClamped>
          <MinElevation>-90.0</MinElevation>
          <MaxElevation>0.0</MaxElevation>
          <IsElevationClamped>false</IsElevationClamped>
          <MinRotation>0.0</MinRotation>
          <MaxRotation>0.0</MaxRotation>
          <IsRotationClamped>true</IsRotationClamped>
          <MaxAzimuthSlewRate>720.0</MaxAzimuthSlewRate>
          <MaxElevationSlewRate>720.0</MaxElevationSlewRate>
          <MaxRotationRate>0.0</MaxRotationRate>
          <ContainedPayloadList>
            <int64>2</int64>
            <int64>3</int64>
          </ContainedPayloadList>
          <PayloadID>1</PayloadID>
          <PayloadKind/>
          <Parameters/>
        </GimbalConfiguration>
        <CameraConfiguration Series="CMASI">
          <SupportedWavelengthBand>EO</SupportedWavelengthBand>
          <FieldOfViewMode>Continuous</FieldOfViewMode>
          <MinHorizontalFieldOfView>55.0</MinHorizontalFieldOfView>
          <MaxHorizontalFieldOfView>55.0</MaxHorizontalFieldOfView>
          <DiscreteHorizontalFieldOfViewList/>
          <VideoStreamHorizontalResolution>1024</VideoStreamHorizontalResolution>
          <VideoStreamVerticalResolution>768</VideoStreamVerticalResolution>
          <PayloadID>2</PayloadID>
          <PayloadKind/>
          <Parameters/>
        </CameraConfiguration>
        <HazardSensorConfiguration Series="SEARCHAI">
          <MaxRange>1000.0</MaxRange>
          <HorizontalFOV>10.0</HorizontalFOV>
          <VerticalFOV>10.0</VerticalFOV>
          <DetectableHazardTypes>
            <HazardType>Fire</HazardType>
            <HazardType>Smoke</HazardType>
          </DetectableHazardTypes>
          <PayloadID>3</PayloadID>
          <PayloadKind/>
          <Parameters/>
        </HazardSensorConfiguration>
      </PayloadConfigurationList>
      <Info/>
    </AirVehicleConfiguration>
    <AirVehicleState Series="CMASI">
      <Airspeed>15.0</Airspeed>
      <VerticalSpeed>0.0</VerticalSpeed>
      <WindSpeed>0.0</WindSpeed>
      <WindDirection>0.0</WindDirection>
      <ID>8</ID>
      <u>0.0</u>
      <v>0.0</v>
      <w>0.0</w>
      <udot>0.0</udot>
      <vdot>0.0</vdot>
      <wdot>0.0</wdot>
      <Heading>225.0</Heading>
      <Pitch>0.0</Pitch>
      <Roll>0.0</Roll>
      <p>0.0</p>
      <q>0.0</q>
      <r>0.0</r>
      <Course>0.0</Course>
      <Groundspeed>0.0</Groundspeed>
      <Location>
        <Location3D Series="CMASI">
          <Latitude>1.651525026945169</Latitude>
          <Longitude>-132.36687290991796</Longitude>
          <Altitude>100.0</Altitude>
          <AltitudeType>MSL</AltitudeType>
        </Location3D>
      </Location>
      <EnergyAvailable>100.0</EnergyAvailable>
      <ActualEnergyRate>0.0</ActualEnergyRate>
      <PayloadStateList>
        <GimbalState Series="CMASI">
          <PointingMode>AirVehicleRelativeAngle</PointingMode>
          <Azimuth>0.0</Azimuth>
          <Elevation>-45.0</Elevation>
          <Rotation>0.0</Rotation>
          <PayloadID>1</PayloadID>
          <Parameters/>
        </GimbalState>
        <CameraState Series="CMASI">
          <HorizontalFieldOfView>60.0</HorizontalFieldOfView>
          <VerticalFieldOfView>0.0</VerticalFieldOfView>
          <Footprint/>
          <PointingMode>Unknown</PointingMode>
          <Azimuth>0.0</Azimuth>
          <Elevation>0.0</Elevation>
          <Rotation>0.0</Rotation>
          <PayloadID>2</PayloadID>
          <Parameters/>
        </CameraState>
        <HazardSensorState Series="SEARCHAI">
          <HorizontalFieldOfView>0.0</HorizontalFieldOfView>
          <VerticalFieldOfView>0.0</VerticalFieldOfView>
          <Footprint/>
          <PointingMode>Unknown</PointingMode>
          <Azimuth>0.0</Azimuth>
          <Elevation>0.0</Elevation>
          <Rotation>0.0</Rotation>
          <PayloadID>3</PayloadID>
          <Parameters/>
        </HazardSensorState>
      </PayloadStateList>
      <CurrentWaypoint>0</CurrentWaypoint>
      <CurrentCommand>0</CurrentCommand>
      <Mode>Waypoint</Mode>
      <AssociatedTasks/>
      <Time>0</Time>
      <Info/>
    </AirVehicleState>
    <WeatherReport Series="CMASI">
      <WindSpeed>0.0</WindSpeed>
      <WindDirection>0.0</WindDirection>
      <Visibility>0.0</Visibility>
      <CloudCeiling>0.0</CloudCeiling>
      <CloudCoverage>0.0</CloudCoverage>
    </WeatherReport>
    <HazardZone Series="SEARCHAI">
      <ZoneType>Fire</ZoneType>
      <ZoneID>1</ZoneID>
      <MinAltitude>0.0</MinAltitude>
      <MinAltitudeType>AGL</MinAltitudeType>
      <MaxAltitude>5000.0</MaxAltitude>
      <MaxAltitudeType>MSL</MaxAltitudeType>
      <AffectedAircraft/>
      <StartTime>0</StartTime>
      <EndTime>0</EndTime>
      <Padding>0.0</Padding>
      <Label/>
      <Boundary>
        <Polygon Series="CMASI">
          <BoundaryPoints>
            <Location3D Series="CMASI">
              <Latitude>1.542804806866513</Latitude>
              <Longitude>-132.50283276655495</Longitude>
              <Altitude>0.0</Altitude>
              <AltitudeType>MSL</AltitudeType>
            </Location3D>
            <Location3D Series="CMASI">
              <Latitude>1.542804806866513</Latitude>
              <Longitude>-132.47231407080193</Longitude>
              <Altitude>0.0</Altitude>
              <AltitudeType>MSL</AltitudeType>
            </Location3D>
            <Location3D Series="CMASI">
              <Latitude>1.5588909760615397</Latitude>
              <Longitude>-132.45067354108616</Longitude>
              <Altitude>0.0</Altitude>
              <AltitudeType>MSL</AltitudeType>
            </Location3D>
            <Location3D Series="CMASI">
              <Latitude>1.5821881866198544</Latitude>
              <Longitude>-132.45233819721813</Longitude>
              <Altitude>0.0</Altitude>
              <AltitudeType>MSL</AltitudeType>
            </Location3D>
            <Location3D Series="CMASI">
              <Latitude>1.5807036069253861</Latitude>
              <Longitude>-132.4837427579586</Longitude>
              <Altitude>0.0</Altitude>
              <AltitudeType>MSL</AltitudeType>
            </Location3D>
            <Location3D Series="CMASI">
              <Latitude>1.570113855864373</Latitude>
              <Longitude>-132.50341596679112</Longitude>
              <Altitude>0.0</Altitude>
              <AltitudeType>MSL</AltitudeType>
            </Location3D>
            <Location3D Series="CMASI">
              <Latitude>1.5627738444879256</Latitude>
              <Longitude>-132.5261379524027</Longitude>
              <Altitude>0.0</Altitude>
              <AltitudeType>MSL</AltitudeType>
            </Location3D>
          </BoundaryPoints>
        </Polygon>
      </Boundary>
    </HazardZone>
    <HazardZone Series="SEARCHAI">
      <ZoneType>Smoke</ZoneType>
      <ZoneID>3</ZoneID>
      <MinAltitude>0.0</MinAltitude>
      <MinAltitudeType>AGL</MinAltitudeType>
      <MaxAltitude>5000.0</MaxAltitude>
      <MaxAltitudeType>MSL</MaxAltitudeType>
      <AffectedAircraft/>
      <StartTime>0</StartTime>
      <EndTime>0</EndTime>
      <Padding>0.0</Padding>
      <Label/>
      <Boundary>
        <Polygon Series="CMASI">
          <BoundaryPoints>
            <Location3D Series="CMASI">
              <Latitude>1.5023120361342046</Latitude>
              <Longitude>-132.52946726466664</Longitude>
              <Altitude>0.0</Altitude>
              <AltitudeType>MSL</AltitudeType>
            </Location3D>
            <Location3D Series="CMASI">
              <Latitude>1.5350390700137417</Latitude>
              <Longitude>-132.55610176277835</Longitude>
              <Altitude>0.0</Altitude>
              <AltitudeType>MSL</AltitudeType>
            </Location3D>
            <Location3D Series="CMASI">
              <Latitude>1.5616644535089585</Latitude>
              <Longitude>-132.52835749391198</Longitude>
              <Altitude>0.0</Altitude>
              <AltitudeType>MSL</AltitudeType>
            </Location3D>
            <Location3D Series="CMASI">
              <Latitude>1.540031329419095</Latitude>
              <Longitude>-132.50283276655492</Longitude>
              <Altitude>0.0</Altitude>
              <AltitudeType>MSL</AltitudeType>
            </Location3D>
            <Location3D Series="CMASI">
              <Latitude>1.5405860249085785</Latitude>
              <Longitude>-132.47175918542456</Longitude>
              <Altitude>0.0</Altitude>
              <AltitudeType>MSL</AltitudeType>
            </Location3D>
            <Location3D Series="CMASI">
              <Latitude>1.5572268895930892</Latitude>
              <Longitude>-132.44900888495414</Longitude>
              <Altitude>0.0</Altitude>
              <AltitudeType>MSL</AltitudeType>
            </Location3D>
            <Location3D Series="CMASI">
              <Latitude>1.5394766339296113</Latitude>
              <Longitude>-132.42903301137034</Longitude>
              <Altitude>0.0</Altitude>
              <AltitudeType>MSL</AltitudeType>
            </Location3D>
            <Location3D Series="CMASI">
              <Latitude>1.5211716827766497</Latitude>
              <Longitude>-132.43125255287964</Longitude>
              <Altitude>0.0</Altitude>
              <AltitudeType>MSL</AltitudeType>
            </Location3D>
            <Location3D Series="CMASI">
              <Latitude>1.5039761226026556</Latitude>
              <Longitude>-132.4423502604262</Longitude>
              <Altitude>0.0</Altitude>
              <AltitudeType>MSL</AltitudeType>
            </Location3D>
            <Location3D Series="CMASI">
              <Latitude>1.4945462992814331</Latitude>
              <Longitude>-132.4645456755193</Longitude>
              <Altitude>0.0</Altitude>
              <AltitudeType>MSL</AltitudeType>
            </Location3D>
            <Location3D Series="CMASI">
              <Latitude>1.4956556902604004</Latitude>
              <Longitude>-132.49617414202697</Longitude>
              <Altitude>0.0</Altitude>
              <AltitudeType>MSL</AltitudeType>
            </Location3D>
          </BoundaryPoints>
        </Polygon>
      </Boundary>
    </HazardZone>
    <HazardZone Series="SEARCHAI">
      <ZoneType>Fire</ZoneType>
      <ZoneID>4</ZoneID>
      <MinAltitude>0.0</MinAltitude>
      <MinAltitudeType>AGL</MinAltitudeType>
      <MaxAltitude>5000.0</MaxAltitude>
      <MaxAltitudeType>MSL</MaxAltitudeType>
      <AffectedAircraft/>
      <StartTime>0</StartTime>
      <EndTime>0</EndTime>
      <Padding>0.0</Padding>
      <Label/>
      <Boundary>
        <Polygon Series="CMASI">
          <BoundaryPoints>
            <Location3D Series="CMASI">
              <Latitude>1.4044473361335383</Latitude>
              <Longitude>-132.58486388491997</Longitude>
              <Altitude>0.0</Altitude>
              <AltitudeType>MSL</AltitudeType>
            </Location3D>
            <Location3D Series="CMASI">
              <Latitude>1.4124175963092713</Latitude>
              <Longitude>-132.60735865586895</Longitude>
              <Altitude>0.0</Altitude>
              <AltitudeType>MSL</AltitudeType>
            </Location3D>
            <Location3D Series="CMASI">
              <Latitude>1.4317739424503368</Latitude>
              <Longitude>-132.61419251033468</Longitude>
              <Altitude>0.0</Altitude>
              <AltitudeType>MSL</AltitudeType>
            </Location3D>
            <Location3D Series="CMASI">
              <Latitude>1.4283581166607369</Latitude>
              <Longitude>-132.5854333727922</Longitude>
              <Altitude>0.0</Altitude>
              <AltitudeType>MSL</AltitudeType>
            </Location3D>
            <Location3D Series="CMASI">
              <Latitude>1.4371823332838696</Latitude>
              <Longitude>-132.55866744280226</Longitude>
              <Altitude>0.0</Altitude>
              <AltitudeType>MSL</AltitudeType>
            </Location3D>
            <Location3D Series="CMASI">
              <Latitude>1.4081478140722714</Latitude>
              <Longitude>-132.5620843700349</Longitude>
              <Altitude>0.0</Altitude>
              <AltitudeType>MSL</AltitudeType>
            </Location3D>
          </BoundaryPoints>
        </Polygon>
      </Boundary>
    </HazardZone>
    <HazardZone Series="SEARCHAI">
      <ZoneType>Smoke</ZoneType>
      <ZoneID>5</ZoneID>
      <MinAltitude>0.0</MinAltitude>
      <MinAltitudeType>AGL</MinAltitudeType>
      <MaxAltitude>5000.0</MaxAltitude>
      <MaxAltitudeType>MSL</MaxAltitudeType>
      <AffectedAircraft/>
      <StartTime>0</StartTime>
      <EndTime>0</EndTime>
      <Padding>0.0</Padding>
      <Label/>
      <Boundary>
        <Polygon Series="CMASI">
          <BoundaryPoints>
            <Location3D Series="CMASI">
              <Latitude>1.4333709785387838</Latitude>
              <Longitude>-132.61482493231134</Longitude>
              <Altitude>0.0</Altitude>
              <AltitudeType>MSL</AltitudeType>
            </Location3D>
            <Location3D Series="CMASI">
              <Latitude>1.4488659541379854</Latitude>
              <Longitude>-132.6290226948359</Longitude>
              <Altitude>0.0</Altitude>
              <AltitudeType>MSL</AltitudeType>
            </Location3D>
            <Location3D Series="CMASI">
              <Latitude>1.467203053814594</Latitude>
              <Longitude>-132.60746929588186</Longitude>
              <Altitude>0.0</Altitude>
              <AltitudeType>MSL</AltitudeType>
            </Location3D>
            <Location3D Series="CMASI">
              <Latitude>1.4740794661933216</Latitude>
              <Longitude>-132.57766140371135</Longitude>
              <Altitude>0.0</Altitude>
              <AltitudeType>MSL</AltitudeType>
            </Location3D>
            <Location3D Series="CMASI">
              <Latitude>1.459868213943951</Latitude>
              <Longitude>-132.55519083884437</Longitude>
              <Altitude>0.0</Altitude>
              <AltitudeType>MSL</AltitudeType>
            </Location3D>
            <Location3D Series="CMASI">
              <Latitude>1.450241236613732</Latitude>
              <Longitude>-132.55381508997496</Longitude>
              <Altitude>0.0</Altitude>
              <AltitudeType>MSL</AltitudeType>
            </Location3D>
            <Location3D Series="CMASI">
              <Latitude>1.4382100650740501</Latitude>
              <Longitude>-132.56015409658733</Longitude>
              <Altitude>0.0</Altitude>
              <AltitudeType>MSL</AltitudeType>
            </Location3D>
            <Location3D Series="CMASI">
              <Latitude>1.4330863263896505</Latitude>
              <Longitude>-132.57666924487899</Longitude>
              <Altitude>0.0</Altitude>
              <AltitudeType>MSL</AltitudeType>
            </Location3D>
            <Location3D Series="CMASI">
              <Latitude>1.429955152749184</Latitude>
              <Longitude>-132.58578105083302</Longitude>
              <Altitude>0.0</Altitude>
              <AltitudeType>MSL</AltitudeType>
            </Location3D>
            <Location3D Series="CMASI">
              <Latitude>1.431663065643984</Latitude>
              <Longitude>-132.60258094306076</Longitude>
              <Altitude>0.0</Altitude>
              <AltitudeType>MSL</AltitudeType>
            </Location3D>
          </BoundaryPoints>
        </Polygon>
      </Boundary>
    </HazardZone>
    <HazardZoneChangeCommand Series="SEARCHAI" Time="0">
      <ZoneID>1</ZoneID>
      <GrowthRate>0.25</GrowthRate>
      <TranslationRate>0.0</TranslationRate>
      <TranslationDirection>0.0</TranslationDirection>
    </HazardZoneChangeCommand>
    <HazardZoneChangeCommand Series="SEARCHAI" Time="0">
      <ZoneID>3</ZoneID>
      <GrowthRate>0.25</GrowthRate>
      <TranslationRate>0.0</TranslationRate>
      <TranslationDirection>0.0</TranslationDirection>
    </HazardZoneChangeCommand>
    <HazardZoneChangeCommand Series="SEARCHAI" Time="0">
      <ZoneID>4</ZoneID>
      <GrowthRate>1.25</GrowthRate>
      <TranslationRate>0.0</TranslationRate>
      <TranslationDirection>0.0</TranslationDirection>
    </HazardZoneChangeCommand>
    <HazardZoneChangeCommand Series="SEARCHAI" Time="0">
      <ZoneID>5</ZoneID>
      <GrowthRate>1.25</GrowthRate>
      <TranslationRate>0.0</TranslationRate>
      <TranslationDirection>0.0</TranslationDirection>
    </HazardZoneChangeCommand>
    <WeatherReport Series="CMASI" Time="60">
      <WindSpeed>1.5</WindSpeed>
      <WindDirection>270.0</WindDirection>
      <Visibility>0.0</Visibility>
      <CloudCeiling>0.0</CloudCeiling>
      <CloudCoverage>0.0</CloudCoverage>
    </WeatherReport>
    <HazardZoneChangeCommand Series="SEARCHAI" Time="60">
      <ZoneID>1</ZoneID>
      <GrowthRate>0.5</GrowthRate>
      <TranslationRate>0.75</TranslationRate>
      <TranslationDirection>90.0</TranslationDirection>
    </HazardZoneChangeCommand>
    <HazardZoneChangeCommand Series="SEARCHAI" Time="60">
      <ZoneID>3</ZoneID>
      <GrowthRate>0.5</GrowthRate>
      <TranslationRate>1.5</TranslationRate>
      <TranslationDirection>90.0</TranslationDirection>
    </HazardZoneChangeCommand>
    <HazardZoneChangeCommand Series="SEARCHAI" Time="60">
      <ZoneID>4</ZoneID>
      <GrowthRate>1.0</GrowthRate>
      <TranslationRate>0.75</TranslationRate>
      <TranslationDirection>90.0</TranslationDirection>
    </HazardZoneChangeCommand>
    <HazardZoneChangeCommand Series="SEARCHAI" Time="60">
      <ZoneID>5</ZoneID>
      <GrowthRate>1.0</GrowthRate>
      <TranslationRate>1.5</TranslationRate>
      <TranslationDirection>90.0</TranslationDirection>
    </HazardZoneChangeCommand>
    <WeatherReport Series="CMASI" Time="600">
      <WindSpeed>4.0</WindSpeed>
      <WindDirection>180.0</WindDirection>
      <Visibility>0.0</Visibility>
      <CloudCeiling>0.0</CloudCeiling>
      <CloudCoverage>0.0</CloudCoverage>
    </WeatherReport>
    <HazardZoneChangeCommand Series="SEARCHAI" Time="600">
      <ZoneID>1</ZoneID>
      <GrowthRate>2.0</GrowthRate>
      <TranslationRate>2.0</TranslationRate>
      <TranslationDirection>0.0</TranslationDirection>
    </HazardZoneChangeCommand>
    <HazardZoneChangeCommand Series="SEARCHAI" Time="600">
      <ZoneID>3</ZoneID>
      <GrowthRate>2.0</GrowthRate>
      <TranslationRate>4.0</TranslationRate>
      <TranslationDirection>0.0</TranslationDirection>
    </HazardZoneChangeCommand>
    <HazardZoneChangeCommand Series="SEARCHAI" Time="600">
      <ZoneID>4</ZoneID>
      <GrowthRate>2.0</GrowthRate>
      <TranslationRate>2.0</TranslationRate>
      <TranslationDirection>0.0</TranslationDirection>
    </HazardZoneChangeCommand>
    <HazardZoneChangeCommand Series="SEARCHAI" Time="600">
      <ZoneID>5</ZoneID>
      <GrowthRate>2.0</GrowthRate>
      <TranslationRate>4.0</TranslationRate>
      <TranslationDirection>0.0</TranslationDirection>
    </HazardZoneChangeCommand>
    <WeatherReport Series="CMASI" Time="1200">
      <WindSpeed>3.0</WindSpeed>
      <WindDirection>135.0</WindDirection>
      <Visibility>0.0</Visibility>
      <CloudCeiling>0.0</CloudCeiling>
      <CloudCoverage>0.0</CloudCoverage>
    </WeatherReport>
    <HazardZoneChangeCommand Series="SEARCHAI" Time="1200">
      <ZoneID>1</ZoneID>
      <GrowthRate>3.0</GrowthRate>
      <TranslationRate>1.5</TranslationRate>
      <TranslationDirection>315.0</TranslationDirection>
    </HazardZoneChangeCommand>
    <HazardZoneChangeCommand Series="SEARCHAI" Time="1200">
      <ZoneID>3</ZoneID>
      <GrowthRate>3.0</GrowthRate>
      <TranslationRate>3.0</TranslationRate>
      <TranslationDirection>315.0</TranslationDirection>
    </HazardZoneChangeCommand>
    <HazardZoneChangeCommand Series="SEARCHAI" Time="1200">
      <ZoneID>4</ZoneID>
      <GrowthRate>3.5</GrowthRate>
      <TranslationRate>1.5</TranslationRate>
      <TranslationDirection>315.0</TranslationDirection>
    </HazardZoneChangeCommand>
    <HazardZoneChangeCommand Series="SEARCHAI" Time="1200">
      <ZoneID>5</ZoneID>
      <GrowthRate>3.5</GrowthRate>
      <TranslationRate>3.0</TranslationRate>
      <TranslationDirection>315.0</TranslationDirection>
    </HazardZoneChangeCommand>
    <WeatherReport Series="CMASI" Time="1600">
      <WindSpeed>2.0</WindSpeed>
      <WindDirection>0.0</WindDirection>
      <Visibility>0.0</Visibility>
      <CloudCeiling>0.0</CloudCeiling>
      <CloudCoverage>0.0</CloudCoverage>
    </WeatherReport>
    <HazardZoneChangeCommand Series="SEARCHAI" Time="1600">
      <ZoneID>1</ZoneID>
      <GrowthRate>2.0</GrowthRate>
      <TranslationRate>1.0</TranslationRate>
      <TranslationDirection>180.0</TranslationDirection>
    </HazardZoneChangeCommand>
    <HazardZoneChangeCommand Series="SEARCHAI" Time="1600">
      <ZoneID>3</ZoneID>
      <GrowthRate>2.0</GrowthRate>
      <TranslationRate>2.0</TranslationRate>
      <TranslationDirection>180.0</TranslationDirection>
    </HazardZoneChangeCommand>
    <HazardZoneChangeCommand Series="SEARCHAI" Time="1600">
      <ZoneID>4</ZoneID>
      <GrowthRate>1.5</GrowthRate>
      <TranslationRate>1.0</TranslationRate>
      <TranslationDirection>180.0</TranslationDirection>
    </HazardZoneChangeCommand>
    <HazardZoneChangeCommand Series="SEARCHAI" Time="1600">
      <ZoneID>5</ZoneID>
      <GrowthRate>1.5</GrowthRate>
      <TranslationRate>2.0</TranslationRate>
      <TranslationDirection>180.0</TranslationDirection>
    </HazardZoneChangeCommand>
    <WeatherReport Series="CMASI" Time="1800">
      <WindSpeed>0.0</WindSpeed>
      <WindDirection>0.0</WindDirection>
      <Visibility>0.0</Visibility>
      <CloudCeiling>0.0</CloudCeiling>
      <CloudCoverage>0.0</CloudCoverage>
    </WeatherReport>
    <HazardZoneChangeCommand Series="SEARCHAI" Time="1800">
      <ZoneID>1</ZoneID>
      <GrowthRate>-2.0</GrowthRate>
      <TranslationRate>0.0</TranslationRate>
      <TranslationDirection>0.0</TranslationDirection>
    </HazardZoneChangeCommand>
    <HazardZoneChangeCommand Series="SEARCHAI" Time="1800">
      <ZoneID>3</ZoneID>
      <GrowthRate>0.0</GrowthRate>
      <TranslationRate>0.0</TranslationRate>
      <TranslationDirection>0.0</TranslationDirection>
    </HazardZoneChangeCommand>
    <HazardZoneChangeCommand Series="SEARCHAI" Time="1800">
      <ZoneID>4</ZoneID>
      <GrowthRate>-1.0</GrowthRate>
      <TranslationRate>0.0</TranslationRate>
      <TranslationDirection>0.0</TranslationDirection>
    </HazardZoneChangeCommand>
    <HazardZoneChangeCommand Series="SEARCHAI" Time="1800">
      <ZoneID>5</ZoneID>
      <GrowthRate>0.0</GrowthRate>
      <TranslationRate>0.0</TranslationRate>
      <TranslationDirection>0.0</TranslationDirection>
    </HazardZoneChangeCommand>
    <WeatherReport Series="CMASI" Time="2200">
      <WindSpeed>5.0</WindSpeed>
      <WindDirection>90.0</WindDirection>
      <Visibility>0.0</Visibility>
      <CloudCeiling>0.0</CloudCeiling>
      <CloudCoverage>0.0</CloudCoverage>
    </WeatherReport>
    <HazardZoneChangeCommand Series="SEARCHAI" Time="2200">
      <ZoneID>1</ZoneID>
      <GrowthRate>0.0</GrowthRate>
      <TranslationRate>2.5</TranslationRate>
      <TranslationDirection>270.0</TranslationDirection>
    </HazardZoneChangeCommand>
    <HazardZoneChangeCommand Series="SEARCHAI" Time="2200">
      <ZoneID>3</ZoneID>
      <GrowthRate>0.0</GrowthRate>
      <TranslationRate>5.0</TranslationRate>
      <TranslationDirection>270.0</TranslationDirection>
    </HazardZoneChangeCommand>
    <HazardZoneChangeCommand Series="SEARCHAI" Time="2200">
      <ZoneID>4</ZoneID>
      <GrowthRate>2.0</GrowthRate>
      <TranslationRate>2.5</TranslationRate>
      <TranslationDirection>270.0</TranslationDirection>
    </HazardZoneChangeCommand>
    <HazardZoneChangeCommand Series="SEARCHAI" Time="2200">
      <ZoneID>5</ZoneID>
      <GrowthRate>2.0</GrowthRate>
      <TranslationRate>5.0</TranslationRate>
      <TranslationDirection>270.0</TranslationDirection>
    </HazardZoneChangeCommand>
    <WeatherReport Series="CMASI" Time="2900">
      <WindSpeed>5.0</WindSpeed>
      <WindDirection>225.0</WindDirection>
      <Visibility>0.0</Visibility>
      <CloudCeiling>0.0</CloudCeiling>
      <CloudCoverage>0.0</CloudCoverage>
    </WeatherReport>
    <HazardZoneChangeCommand Series="SEARCHAI" Time="2900">
      <ZoneID>1</ZoneID>
      <GrowthRate>-1.5</GrowthRate>
      <TranslationRate>2.5</TranslationRate>
      <TranslationDirection>45.0</TranslationDirection>
    </HazardZoneChangeCommand>
    <HazardZoneChangeCommand Series="SEARCHAI" Time="2900">
      <ZoneID>3</ZoneID>
      <GrowthRate>0.0</GrowthRate>
      <TranslationRate>5.0</TranslationRate>
      <TranslationDirection>45.0</TranslationDirection>
    </HazardZoneChangeCommand>
    <HazardZoneChangeCommand Series="SEARCHAI" Time="2900">
      <ZoneID>4</ZoneID>
      <GrowthRate>-0.5</GrowthRate>
      <TranslationRate>2.5</TranslationRate>
      <TranslationDirection>45.0</TranslationDirection>
    </HazardZoneChangeCommand>
    <HazardZoneChangeCommand Series="SEARCHAI" Time="2900">
      <ZoneID>5</ZoneID>
      <GrowthRate>0.0</GrowthRate>
      <TranslationRate>5.0</TranslationRate>
      <TranslationDirection>45.0</TranslationDirection>
    </HazardZoneChangeCommand>
    <WeatherReport Series="CMASI" Time="3450">
      <WindSpeed>0.0</WindSpeed>
      <WindDirection>0.0</WindDirection>
      <Visibility>0.0</Visibility>
      <CloudCeiling>0.0</CloudCeiling>
      <CloudCoverage>0.0</CloudCoverage>
    </WeatherReport>
    <HazardZoneChangeCommand Series="SEARCHAI" Time="3450">
      <ZoneID>1</ZoneID>
      <GrowthRate>0.0</GrowthRate>
      <TranslationRate>0.0</TranslationRate>
      <TranslationDirection>0.0</TranslationDirection>
    </HazardZoneChangeCommand>
    <HazardZoneChangeCommand Series="SEARCHAI" Time="3450">
      <ZoneID>3</ZoneID>
      <GrowthRate>0.0</GrowthRate>
      <TranslationRate>0.0</TranslationRate>
      <TranslationDirection>0.0</TranslationDirection>
    </HazardZoneChangeCommand>
    <HazardZoneChangeCommand Series="SEARCHAI" Time="3450">
      <ZoneID>4</ZoneID>
      <GrowthRate>0.0</GrowthRate>
      <TranslationRate>0.0</TranslationRate>
      <TranslationDirection>0.0</TranslationDirection>
    </HazardZoneChangeCommand>
    <HazardZoneChangeCommand Series="SEARCHAI" Time="3450">
      <ZoneID>5</ZoneID>
      <GrowthRate>0.0</GrowthRate>
      <TranslationRate>0.0</TranslationRate>
      <TranslationDirection>0.0</TranslationDirection>
    </HazardZoneChangeCommand>
  </ScenarioEventList>
</AMASE>
