<mil.afrl.amase.configuration.AmaseConfiguration>
  <plugins>
    <mil.afrl.amase.configuration.plugin.PluginConfiguration>
      <instanceId>9e690ab2-598a-4184-b6f6-dd4de18d37aa</instanceId>
      <classname>mil.afrl.amase.setup.SetupScenarioManager</classname>
      <displayName>Setup Scenario Manager</displayName>
      <description>Loads scenario files into the setup tool.</description>
      <author>AFRL/RQQD</author>
      <version>1.0</version>
      <mdmVersions>
        <entry>
          <string>CMASI</string>
          <string>2</string>
        </entry>
      </mdmVersions>
      <supportedMdmVersions>CMASI: 2</supportedMdmVersions>
      <allowOnlyOneInstance>true</allowOnlyOneInstance>
    </mil.afrl.amase.configuration.plugin.PluginConfiguration>
    <mil.afrl.amase.configuration.plugin.PluginConfiguration>
      <instanceId>d464cc64-094e-492b-b9a8-56a77b162f30</instanceId>
      <classname>mil.afrl.amase.setup.LinkedFileMenu</classname>
      <displayName>Linked File Menu</displayName>
      <description>Sets up a menu for editing files that are links from the main scenario file.</description>
      <author>AFRL/RQQD</author>
      <version>1.0</version>
      <mdmVersions>
        <entry>
          <string>CMASI</string>
          <string>2</string>
        </entry>
      </mdmVersions>
      <supportedMdmVersions>CMASI: 2</supportedMdmVersions>
      <allowOnlyOneInstance>true</allowOnlyOneInstance>
    </mil.afrl.amase.configuration.plugin.PluginConfiguration>
    <mil.afrl.amase.configuration.plugin.PluginConfiguration>
      <instanceId>6a5cadf4-590c-49bb-b4a1-04baffa1175a</instanceId>
      <classname>mil.afrl.amase.setup.PlanRequestPanel</classname>
      <displayName>Plan Request Panel</displayName>
      <description></description>
      <author>AFRL/RQQD</author>
      <version>1.0</version>
      <mdmVersions>
        <entry>
          <string>CMASI</string>
          <string>2</string>
        </entry>
      </mdmVersions>
      <supportedMdmVersions>CMASI: 2</supportedMdmVersions>
      <allowOnlyOneInstance>true</allowOnlyOneInstance>
    </mil.afrl.amase.configuration.plugin.PluginConfiguration>
    <mil.afrl.amase.configuration.plugin.PluginConfiguration>
      <instanceId>c189724b-9c99-48c1-bf4a-4be8c8b24637</instanceId>
      <classname>mil.afrl.amase.setup.EventEditorPlugin</classname>
      <displayName>Event Editor</displayName>
      <description></description>
      <author>AFRL/RQQD</author>
      <version>1.0</version>
      <mdmVersions>
        <entry>
          <string>CMASI</string>
          <string>2</string>
        </entry>
      </mdmVersions>
      <supportedMdmVersions>CMASI: 2</supportedMdmVersions>
      <allowOnlyOneInstance>true</allowOnlyOneInstance>
    </mil.afrl.amase.configuration.plugin.PluginConfiguration>
    <mil.afrl.amase.configuration.plugin.PluginConfiguration>
      <instanceId>f6148b27-5208-469c-9422-7a3f4cfa9496</instanceId>
      <classname>mil.afrl.amase.setup.ScenarioMover</classname>
      <displayName>Scenario Mover</displayName>
      <description></description>
      <author>AFRL/RQQD</author>
      <version>1.0</version>
      <mdmVersions>
        <entry>
          <string>CMASI</string>
          <string>2</string>
        </entry>
      </mdmVersions>
      <supportedMdmVersions>CMASI: 2</supportedMdmVersions>
      <allowOnlyOneInstance>true</allowOnlyOneInstance>
    </mil.afrl.amase.configuration.plugin.PluginConfiguration>
    <mil.afrl.amase.configuration.plugin.WindowServicePluginConfiguration>
      <instanceId>f5fed5f9-7548-4b26-a65b-9ea66b35d164</instanceId>
      <classname>mil.afrl.amase.window.WindowService</classname>
      <displayName>Window Service</displayName>
      <description>Provides a UI for controlling the aspects of the AMASE window.</description>
      <author>AFRL/RQQD</author>
      <version>1.0</version>
      <mdmVersions>
        <entry>
          <string>CMASI</string>
          <string>2</string>
        </entry>
      </mdmVersions>
      <supportedMdmVersions>CMASI: 2</supportedMdmVersions>
      <allowOnlyOneInstance>true</allowOnlyOneInstance>
      <showMenubar>true</showMenubar>
      <toolbarPlacement>North</toolbarPlacement>
      <showStatusbar>true</showStatusbar>
      <showTitlebars>true</showTitlebars>
      <title>AMASE</title>
      <width>800</width>
      <height>600</height>
      <xCoord>0</xCoord>
      <yCoord>0</yCoord>
    </mil.afrl.amase.configuration.plugin.WindowServicePluginConfiguration>
    <mil.afrl.amase.configuration.plugin.PluginConfiguration>
      <instanceId>b27bb89e-22a6-474c-861b-9ade9b6269df</instanceId>
      <classname>mil.afrl.amase.setup.DataExport</classname>
      <displayName>Data Export</displayName>
      <description></description>
      <author>AFRL/RQQD</author>
      <version>1.0</version>
      <mdmVersions>
        <entry>
          <string>CMASI</string>
          <string>2</string>
        </entry>
      </mdmVersions>
      <supportedMdmVersions>CMASI: 2</supportedMdmVersions>
      <allowOnlyOneInstance>true</allowOnlyOneInstance>
    </mil.afrl.amase.configuration.plugin.PluginConfiguration>
    <mil.afrl.amase.configuration.plugin.PluginConfiguration>
      <instanceId>94a4257e-9488-4320-8a87-52c9bbeb6b27</instanceId>
      <classname>mil.afrl.amase.setup.UnitConverterPlugin</classname>
      <displayName>Unit Converter</displayName>
      <description>Provides a simple converter between units.</description>
      <author>AFRL/RQQD</author>
      <version>1.0</version>
      <mdmVersions>
        <entry>
          <string>CMASI</string>
          <string>2</string>
        </entry>
      </mdmVersions>
      <supportedMdmVersions>CMASI: 2</supportedMdmVersions>
      <allowOnlyOneInstance>true</allowOnlyOneInstance>
    </mil.afrl.amase.configuration.plugin.PluginConfiguration>
    <mil.afrl.amase.configuration.plugin.PluginConfiguration>
      <instanceId>a1f17949-619b-4370-b507-2be40a43375f</instanceId>
      <classname>mil.afrl.amase.setup.DataImport</classname>
      <displayName>Data Import</displayName>
      <description></description>
      <author>AFRL/RQQD</author>
      <version>1.0</version>
      <mdmVersions>
        <entry>
          <string>CMASI</string>
          <string>2</string>
        </entry>
      </mdmVersions>
      <supportedMdmVersions>CMASI: 2</supportedMdmVersions>
      <allowOnlyOneInstance>true</allowOnlyOneInstance>
    </mil.afrl.amase.configuration.plugin.PluginConfiguration>
    <mil.afrl.amase.configuration.plugin.PluginConfiguration>
      <instanceId>cc8f377c-57a4-47b0-8a3f-64eb58912ab2</instanceId>
      <classname>mil.afrl.amase.setup.UndoManager</classname>
      <displayName>Undo Manager</displayName>
      <description>Keeps a list of undo events.</description>
      <author>AFRL/RQQD</author>
      <version>1.0</version>
      <mdmVersions>
        <entry>
          <string>CMASI</string>
          <string>2</string>
        </entry>
      </mdmVersions>
      <supportedMdmVersions>CMASI: 2</supportedMdmVersions>
      <allowOnlyOneInstance>true</allowOnlyOneInstance>
    </mil.afrl.amase.configuration.plugin.PluginConfiguration>
    <mil.afrl.amase.configuration.plugin.PluginConfiguration>
      <instanceId>f48e0455-a847-4611-b2af-dcfe5a7760c8</instanceId>
      <classname>mil.afrl.amase.setup.ScenarioDetailsEditor</classname>
      <displayName>Scenario Details Editor</displayName>
      <description></description>
      <author>AFRL/RQQD</author>
      <version>1.0</version>
      <mdmVersions>
        <entry>
          <string>CMASI</string>
          <string>2</string>
        </entry>
      </mdmVersions>
      <supportedMdmVersions>CMASI: 2</supportedMdmVersions>
      <allowOnlyOneInstance>true</allowOnlyOneInstance>
    </mil.afrl.amase.configuration.plugin.PluginConfiguration>
    <mil.afrl.amase.configuration.plugin.TerrainConfiguratorPluginConfiguration>
      <instanceId>a03ba3f3-e114-4b10-a6fb-37da81d8dae0</instanceId>
      <classname>mil.afrl.amase.terrain.TerrainConfigurator</classname>
      <displayName>TerrainConfigurator</displayName>
      <description>Configures the static TerrainService using the simulation configuration file. Configurations set by this class affect all users of the TerrainService in the application.</description>
      <author>AFRL/RQQD</author>
      <version>1.0</version>
      <supportedMdmVersions>CMASI: 2</supportedMdmVersions>
      <allowOnlyOneInstance>true</allowOnlyOneInstance>
      <dtedDirs>
        <string>data/dted/dted2</string>
      </dtedDirs>
    </mil.afrl.amase.configuration.plugin.TerrainConfiguratorPluginConfiguration>
    <mil.afrl.amase.configuration.plugin.PluginConfiguration>
      <instanceId>b3419d5d-a86a-4f08-982d-08ef57069a4b</instanceId>
      <classname>mil.afrl.amase.setup.XMLEditorPlugin</classname>
      <displayName>XML Editor</displayName>
      <description></description>
      <author>AFRL/RQQD</author>
      <version>1.0</version>
      <mdmVersions>
        <entry>
          <string>CMASI</string>
          <string>2</string>
        </entry>
      </mdmVersions>
      <supportedMdmVersions>CMASI: 2</supportedMdmVersions>
      <allowOnlyOneInstance>true</allowOnlyOneInstance>
    </mil.afrl.amase.configuration.plugin.PluginConfiguration>
    <mil.afrl.amase.configuration.setup.SetupMapPluginConfiguration>
      <instanceId>3b349f4e-bd39-409c-a123-73217e2c6712</instanceId>
      <classname>mil.afrl.amase.setup.map.SetupMapPlugin</classname>
      <displayName>Setup Map Plugin</displayName>
      <description>Extends the MapPlugin to enable appropriate scenario view handling in Setup Tool applications.</description>
      <author>AFRL/RQQD</author>
      <version>1.0</version>
      <mdmVersions>
        <entry>
          <string>CMASI</string>
          <string>2</string>
        </entry>
      </mdmVersions>
      <supportedMdmVersions>CMASI: 2</supportedMdmVersions>
      <allowOnlyOneInstance>true</allowOnlyOneInstance>
      <layers>
        <mil.afrl.amase.configuration.plugin.map.layer.WorldLayerConfiguration>
          <instanceId>a8134d14-18db-4e6d-8584-7ed9f17a4e11</instanceId>
          <classname>mil.afrl.amase.map.layers.WorldLayer</classname>
          <displayName>World Layer</displayName>
          <description>Displays an image of the world</description>
          <author>AFRL/RQQD</author>
          <version>1.0</version>
          <mdmVersions>
            <entry>
              <string>CMASI</string>
              <string>2</string>
            </entry>
          </mdmVersions>
          <supportedMdmVersions>CMASI: 2</supportedMdmVersions>
          <allowOnlyOneInstance>true</allowOnlyOneInstance>
          <buffered>false</buffered>
          <visible>true</visible>
          <image>data/world_image_small.jpg</image>
        </mil.afrl.amase.configuration.plugin.map.layer.WorldLayerConfiguration>
        <mil.afrl.amase.configuration.plugin.map.layer.WorldImageLayerConfiguration>
          <instanceId>47f83e45-61a6-41d7-b669-75c659c039a5</instanceId>
          <classname>mil.afrl.amase.map.layers.WorldImageLayer</classname>
          <displayName>World Image Layer</displayName>
          <description>Displays an image of the world</description>
          <author>AFRL/RQQD</author>
          <version>1.0</version>
          <mdmVersions>
            <entry>
              <string>CMASI</string>
              <string>2</string>
            </entry>
          </mdmVersions>
          <supportedMdmVersions>CMASI: 2</supportedMdmVersions>
          <allowOnlyOneInstance>true</allowOnlyOneInstance>
          <buffered>false</buffered>
          <visible>true</visible>
          <directory>data/overlay</directory>
          <dynamicLoad>false</dynamicLoad>
        </mil.afrl.amase.configuration.plugin.map.layer.WorldImageLayerConfiguration>
        <mil.afrl.amase.configuration.plugin.map.layer.WorldWindLayerConfiguration>
          <classname>mil.afrl.amase.map.layers.WorldWindLayer</classname>
          <displayName>Worldwind Image Layer</displayName>
          <allowOnlyOneInstance>false</allowOnlyOneInstance>
          <visible>true</visible>
          <cacheDir>./data/maps</cacheDir>
        </mil.afrl.amase.configuration.plugin.map.layer.WorldWindLayerConfiguration>
        <mil.afrl.amase.configuration.plugin.map.layer.ESRIShapeLayerConfiguration>
          <instanceId>56da983d-5f82-4373-aa92-4f511da81abf</instanceId>
          <classname>mil.afrl.amase.map.layers.EsriShapeLayer</classname>
          <displayName>ESRI Layer</displayName>
          <description>Displays an ESRI map layer.</description>
          <author>AFRL/RQQD</author>
          <version>1.0</version>
          <mdmVersions>
            <entry>
              <string>CMASI</string>
              <string>2</string>
            </entry>
          </mdmVersions>
          <supportedMdmVersions>CMASI: 2</supportedMdmVersions>
          <allowOnlyOneInstance>true</allowOnlyOneInstance>
          <buffered>false</buffered>
          <visible>true</visible>
          <directory>data/overlay</directory>
          <color>#000000</color>
        </mil.afrl.amase.configuration.plugin.map.layer.ESRIShapeLayerConfiguration>
        <mil.afrl.amase.configuration.plugin.map.layer.LayerConfiguration>
          <instanceId>afd3ec18-8820-4ddd-b62e-9fd3e848f91d</instanceId>
          <classname>mil.afrl.amase.map.layers.Distance</classname>
          <displayName>Distance Layer</displayName>
          <description></description>
          <author>AFRL/RQQD</author>
          <version>1.0</version>
          <mdmVersions>
            <entry>
              <string>CMASI</string>
              <string>2</string>
            </entry>
          </mdmVersions>
          <supportedMdmVersions>CMASI: 2</supportedMdmVersions>
          <allowOnlyOneInstance>true</allowOnlyOneInstance>
          <buffered>false</buffered>
          <visible>true</visible>
        </mil.afrl.amase.configuration.plugin.map.layer.LayerConfiguration>
        <mil.afrl.amase.configuration.plugin.map.layer.MapScaleLayerConfiguration>
          <instanceId>d803b67a-fd73-4dda-8474-11c8be7b6306</instanceId>
          <classname>mil.afrl.amase.map.layers.MapScale</classname>
          <displayName>Map Scale Layer</displayName>
          <description>Creates a small widget on the map that shows the current scale.</description>
          <author>AFRL/RQQD</author>
          <version>1.0</version>
          <mdmVersions>
            <entry>
              <string>CMASI</string>
              <string>2</string>
            </entry>
          </mdmVersions>
          <supportedMdmVersions>CMASI: 2</supportedMdmVersions>
          <allowOnlyOneInstance>true</allowOnlyOneInstance>
          <buffered>false</buffered>
          <visible>true</visible>
          <scaleType>Metric</scaleType>
        </mil.afrl.amase.configuration.plugin.map.layer.MapScaleLayerConfiguration>
        <mil.afrl.amase.configuration.plugin.map.layer.LocationCopyToolLayerConfiguration>
          <instanceId>2db23359-0f2a-49e0-9fb8-46d6d759601b</instanceId>
          <classname>mil.afrl.amase.setup.map.LocationCopyTool</classname>
          <displayName>Location Copy Tool Layer</displayName>
          <description>Enables copying Location3D objects from the map.</description>
          <author>AFRL/RQQD</author>
          <version>1.0</version>
          <mdmVersions>
            <entry>
              <string>CMASI</string>
              <string>2</string>
            </entry>
          </mdmVersions>
          <supportedMdmVersions>CMASI: 2</supportedMdmVersions>
          <allowOnlyOneInstance>true</allowOnlyOneInstance>
          <buffered>false</buffered>
          <visible>true</visible>
        </mil.afrl.amase.configuration.plugin.map.layer.LocationCopyToolLayerConfiguration>
        <mil.afrl.amase.configuration.plugin.map.layer.EntityPathLayerConfiguration>
          <instanceId>f0f740fc-9851-4da4-b893-bfa13a6f5121</instanceId>
          <classname>mil.afrl.amase.setup.map.EntityPathLayer</classname>
          <displayName>Entity Path Layer</displayName>
          <description></description>
          <author>AFRL/RQQD</author>
          <version>1.0</version>
          <mdmVersions>
            <entry>
              <string>CMASI</string>
              <string>2</string>
            </entry>
          </mdmVersions>
          <supportedMdmVersions>CMASI: 2</supportedMdmVersions>
          <allowOnlyOneInstance>true</allowOnlyOneInstance>
          <buffered>false</buffered>
          <visible>true</visible>
        </mil.afrl.amase.configuration.plugin.map.layer.EntityPathLayerConfiguration>
        <mil.afrl.amase.configuration.plugin.map.layer.MissionCommandLayerConfiguration>
          <instanceId>8207038e-8e09-41e7-8b54-22ca34596994</instanceId>
          <classname>mil.afrl.amase.setup.map.MissionCommandLayer</classname>
          <displayName>Mission Command Layer</displayName>
          <description></description>
          <author>AFRL/RQQD</author>
          <version>1.0</version>
          <mdmVersions>
            <entry>
              <string>CMASI</string>
              <string>2</string>
            </entry>
          </mdmVersions>
          <supportedMdmVersions>CMASI: 2</supportedMdmVersions>
          <allowOnlyOneInstance>true</allowOnlyOneInstance>
          <buffered>false</buffered>
          <visible>true</visible>
        </mil.afrl.amase.configuration.plugin.map.layer.MissionCommandLayerConfiguration>
        <mil.afrl.amase.configuration.plugin.map.layer.EntityLayerConfiguration>
          <instanceId>a9351c93-44cb-48a8-89f4-abdeab33fd4c</instanceId>
          <classname>mil.afrl.amase.setup.map.EntityLayer</classname>
          <displayName>Setup Map Entity Layer</displayName>
          <description>Map Layer that allows users to drag aircraft around.</description>
          <author>AFRL/RQQD</author>
          <version>1.0</version>
          <mdmVersions>
            <entry>
              <string>CMASI</string>
              <string>2</string>
            </entry>
          </mdmVersions>
          <supportedMdmVersions>CMASI: 2</supportedMdmVersions>
          <allowOnlyOneInstance>true</allowOnlyOneInstance>
          <buffered>false</buffered>
          <visible>true</visible>
          <scaleType></scaleType>
          <showAircraft>false</showAircraft>
          <showEntities>false</showEntities>
          <excludeIds/>
        </mil.afrl.amase.configuration.plugin.map.layer.EntityLayerConfiguration>
        <mil.afrl.amase.configuration.plugin.map.layer.MaskLayerConfiguration>
          <instanceId>bbdded9a-3564-4ac6-a64b-e829d134ccd5</instanceId>
          <classname>mil.afrl.amase.map.layers.MaskLayer</classname>
          <displayName>Mask Layer</displayName>
          <description>A layer that provides a brightness control for the map. All layers that sit below this layer will appear darker, based on the alpha value that is set for the mask.</description>
          <author>AFRL/RQQD</author>
          <version>1.0</version>
          <mdmVersions>
            <entry>
              <string>CMASI</string>
              <string>2</string>
            </entry>
          </mdmVersions>
          <supportedMdmVersions>CMASI: 2</supportedMdmVersions>
          <allowOnlyOneInstance>true</allowOnlyOneInstance>
          <buffered>false</buffered>
          <visible>true</visible>
          <opacity>0.1</opacity>
        </mil.afrl.amase.configuration.plugin.map.layer.MaskLayerConfiguration>
        <mil.afrl.amase.configuration.swarmsearch.SwarmSearchToolbarLayerConfiguration>
          <instanceId>990f6aae-13d7-4be3-ac63-68be61bedcae</instanceId>
          <classname>mil.afrl.amase.swarmsearch.SwarmSearchToolbarLayer</classname>
          <displayName>Hazard Zone Toolbar Layer</displayName>
          <description>Adds Hazard Zone tools to the toolbar</description>
          <author>AFRL/RQQD</author>
          <version>1.0</version>
          <mdmVersions>
            <entry>
              <string>CMASI</string>
              <string>2.0</string>
            </entry>
          </mdmVersions>
          <supportedMdmVersions>CMASI: 2.0</supportedMdmVersions>
          <allowOnlyOneInstance>true</allowOnlyOneInstance>
          <buffered>false</buffered>
          <visible>true</visible>
        </mil.afrl.amase.configuration.swarmsearch.SwarmSearchToolbarLayerConfiguration>
        <mil.afrl.amase.configuration.swarmsearch.SwarmSearchTaskEditLayerConfiguration>
          <instanceId>57d018e7-985f-4d64-93e7-1bca80fe93bb</instanceId>
          <classname>mil.afrl.amase.swarmsearch.SwarmSearchTaskEditLayer</classname>
          <displayName>Hazard Zone Edit Layer</displayName>
          <description>Adds creation and editing of Hazard Zones</description>
          <author>AFRL/RQQD</author>
          <version>1.0</version>
          <mdmVersions>
            <entry>
              <string>CMASI</string>
              <string>2.0</string>
            </entry>
          </mdmVersions>
          <supportedMdmVersions>CMASI: 2.0</supportedMdmVersions>
          <allowOnlyOneInstance>true</allowOnlyOneInstance>
          <buffered>false</buffered>
          <visible>true</visible>
        </mil.afrl.amase.configuration.swarmsearch.SwarmSearchTaskEditLayerConfiguration>
      </layers>
    </mil.afrl.amase.configuration.setup.SetupMapPluginConfiguration>
    <mil.afrl.amase.configuration.plugin.PluginConfiguration>
      <instanceId>6fa25c6f-b444-4250-a75f-0446dabff07d</instanceId>
      <classname>mil.afrl.amase.validator.ValidatorPlugin</classname>
      <displayName>Scenario Validator</displayName>
      <description></description>
      <author>AFRL/RQQD</author>
      <version>1.0</version>
      <mdmVersions>
        <entry>
          <string>CMASI</string>
          <string>2</string>
        </entry>
      </mdmVersions>
      <supportedMdmVersions>CMASI: 2</supportedMdmVersions>
      <allowOnlyOneInstance>true</allowOnlyOneInstance>
    </mil.afrl.amase.configuration.plugin.PluginConfiguration>
    <mil.afrl.amase.configuration.plugin.PluginConfiguration>
      <instanceId>77b1bd5c-cbbd-4337-b4ae-fc5c634c7d4a</instanceId>
      <classname>mil.afrl.amase.setup.SetupEventBridge</classname>
      <displayName>Setup Event Bridge</displayName>
      <description>Listens for ScenarioChangedEvents and publishes events according to data found in the ScenarioEventList.</description>
      <author>AFRL/RQQD</author>
      <version>1.0</version>
      <mdmVersions>
        <entry>
          <string>CMASI</string>
          <string>2</string>
        </entry>
      </mdmVersions>
      <supportedMdmVersions>CMASI: 2</supportedMdmVersions>
      <allowOnlyOneInstance>true</allowOnlyOneInstance>
    </mil.afrl.amase.configuration.plugin.PluginConfiguration>
    <mil.afrl.amase.configuration.plugin.IconManagerConfiguration>
      <instanceId>d264672c-fcdf-4178-b36b-2bf3a2120431</instanceId>
      <classname>mil.afrl.amase.ui.IconManager</classname>
      <displayName>Icon Manager</displayName>
      <description>Manages the icons display within AMASE</description>
      <author>AFRL/RQQD</author>
      <version>1.0</version>
      <mdmVersions>
        <entry>
          <string>CMASI</string>
          <string>2</string>
        </entry>
      </mdmVersions>
      <supportedMdmVersions>CMASI: 2</supportedMdmVersions>
      <allowOnlyOneInstance>true</allowOnlyOneInstance>
      <icons>
        <mil.afrl.amase.configuration.plugin.icon.IconConfiguration>
          <id>0</id>
          <path>./data/icons/star.png</path>
          <type>Vehicle</type>
          <name>Vehicles</name>
        </mil.afrl.amase.configuration.plugin.icon.IconConfiguration>
        <mil.afrl.amase.configuration.plugin.icon.IconConfiguration>
          <id>0</id>
          <path>./data/icons/hotspotSymbol.png</path>
          <type>Hotspot</type>
          <name>Hotspots</name>
        </mil.afrl.amase.configuration.plugin.icon.IconConfiguration>
      </icons>
    </mil.afrl.amase.configuration.plugin.IconManagerConfiguration>
    <mil.afrl.amase.configuration.plugin.PluginConfiguration>
      <instanceId>b8bbb431-138f-40a3-8faf-19038cffa50c</instanceId>
      <classname>mil.afrl.amase.setup.EnduranceEnergyTool</classname>
      <displayName>Endurance Energy Tool</displayName>
      <description>Provides a simple tool for converting between energy rates and endurance.</description>
      <author>AFRL/RQQD</author>
      <version>1.0</version>
      <mdmVersions>
        <entry>
          <string>CMASI</string>
          <string>2</string>
        </entry>
      </mdmVersions>
      <supportedMdmVersions>CMASI: 2</supportedMdmVersions>
      <allowOnlyOneInstance>true</allowOnlyOneInstance>
    </mil.afrl.amase.configuration.plugin.PluginConfiguration>
  </plugins>
</mil.afrl.amase.configuration.AmaseConfiguration>