<?xml version="1.0" ?>

<WindowService>
  <ShowTitlebars>true</ShowTitlebars>
  <Window>
    <!--Shows the menu bar.-->
    <showMenuBar>true</showMenuBar>
    <!--Shows a toolbar.-->
    <showToolBar>false</showToolBar>
    <!--Sets the orientation of the toolbar.  [North, West, East]-->
    <toolbarPlacement>North</toolbarPlacement>
    <!--Shows a status bar at the bottom of the window.-->
    <showStatusBar>true</showStatusBar>
    <!--The baseline title that is shown in the title bar.-->
    <baseTitle>AMASE Scenario Tool</baseTitle>
    <!--Preferred Width of window.-->
    <width>1077</width>
    <!--Preferred Height of window.-->
    <height>878</height>
    <!--An Icon to show.  Specify the path using java classpath URL conventions.-->
    <icon>amase_setup.png</icon>
    <!--x coordinate of the top left corner of the window.-->
    <x>0</x>
    <!--y coordinate of the top left corner of the window.-->
    <y>0</y>
    <!--If true, the window fills the screen-->
    <fullscreen>false</fullscreen>
  </Window>
  <!--Automatically generated layout information. Do not edit by hand.-->
  <Layout>
    <PerspectiveModel currentPerspectiveId="default" defaultPerspectiveId="default">
      <Perspective id="default" name="default">
        <Layout>
          <DockingPortNode>
            <SplitNode dockingRegion="north" orientation="vertical" percentage="0.8242894" region="left">
              <DockingPortNode>
                <SplitNode dockingRegion="east" orientation="horizontal" percentage="0.6541787" region="left">
                  <DockingPortNode>
                    <DockableNode dockableId="mil.afrl.amase.setup.XMLEditorPlugin"/>
                    <DockableNode dockableId="mil.afrl.amase.setup.map.SetupMapPlugin"/>
                  </DockingPortNode>
                  <DockingPortNode>
                    <DockableNode dockableId="mil.afrl.amase.setup.EventEditorPlugin"/>
                  </DockingPortNode>
                </SplitNode>
              </DockingPortNode>
              <DockingPortNode>
                <DockableNode dockableId="mil.afrl.amase.validator.ValidatorPlugin"/>
              </DockingPortNode>
            </SplitNode>
          </DockingPortNode>
        </Layout>
      </Perspective>
    </PerspectiveModel>
  </Layout>
</WindowService>
