<mil.afrl.amase.configuration.AmaseConfiguration>
  <plugins>
    <mil.afrl.amase.configuration.plugin.ScenarioManagerConfiguration>
      <instanceId>0d0473ad-6e34-489e-ab2b-cec034434690</instanceId>
      <classname>mil.afrl.amase.scenario.ScenarioManager</classname>
      <displayName>Scenario Manager</displayName>
      <description>Runs the Scenerio Manager</description>
      <author>AFRL/RQQD</author>
      <version>1.0</version>
      <supportedMdmVersions>CMASI: 2</supportedMdmVersions>
      <allowOnlyOneInstance>true</allowOnlyOneInstance>
    </mil.afrl.amase.configuration.plugin.ScenarioManagerConfiguration>
    <mil.afrl.amase.configuration.plugin.SimTimerPluginConfiguration>
      <instanceId>081243c2-3de8-47c1-90a9-e860baa167af</instanceId>
      <classname>mil.afrl.amase.util.SimTimer</classname>
      <displayName>SimulationTimer</displayName>
      <description>The timer running in the simulation</description>
      <author>AFRL/RQQD</author>
      <version>1.0</version>
      <supportedMdmVersions>CMASI: 2</supportedMdmVersions>
      <allowOnlyOneInstance>true</allowOnlyOneInstance>
      <frameRate>30</frameRate>
      <publishRate>2</publishRate>
    </mil.afrl.amase.configuration.plugin.SimTimerPluginConfiguration>
    <mil.afrl.amase.configuration.plugin.EntityControlPluginConfiguration>
      <instanceId>af3f6521-d4c3-4d03-8343-6e13465d95df</instanceId>
      <classname>mil.afrl.amase.entity.EntityControl</classname>
      <displayName>Entity Control</displayName>
      <description>Central control for driving entities in the simulation</description>
      <author>AFRL/RQQD</author>
      <version>1.0</version>
      <allowOnlyOneInstance>true</allowOnlyOneInstance>
      <entities>
        <mil.afrl.amase.configuration.entity.EntityStateConfiguration>
          <name>DefaultAircraft</name>
          <classname></classname>
          <type></type>
          <modules>
            <mil.afrl.amase.configuration.entity.EntityModuleConfiguration>
              <classname>mil.afrl.amase.entity.modules.KinematicFlight</classname>
              <displayName>Kinematic Flight</displayName>
              <allowOnlyOneInstance>false</allowOnlyOneInstance>
            </mil.afrl.amase.configuration.entity.EntityModuleConfiguration>
            <mil.afrl.amase.configuration.entity.EntityModuleConfiguration>
              <classname>mil.afrl.amase.entity.modules.CameraManager</classname>
              <displayName>Camera Manager</displayName>
              <allowOnlyOneInstance>false</allowOnlyOneInstance>
            </mil.afrl.amase.configuration.entity.EntityModuleConfiguration>
            <mil.afrl.amase.configuration.entity.EntityModuleConfiguration>
              <classname>mil.afrl.amase.entity.modules.GimbalManager</classname>
              <displayName>Gimbal Manager</displayName>
              <allowOnlyOneInstance>false</allowOnlyOneInstance>
            </mil.afrl.amase.configuration.entity.EntityModuleConfiguration>
            <mil.afrl.amase.configuration.entity.WaypointFollowerConfiguration>
              <classname>mil.afrl.amase.entity.modules.WaypointFollower</classname>
              <displayName>Waypoint Follower</displayName>
              <allowOnlyOneInstance>false</allowOnlyOneInstance>
              <requireApprovedCommands>false</requireApprovedCommands>
            </mil.afrl.amase.configuration.entity.WaypointFollowerConfiguration>
            <mil.afrl.amase.configuration.entity.EntityModuleConfiguration>
              <classname>mil.afrl.amase.entity.modules.LoiterControl</classname>
              <displayName>Loiter Control</displayName>
              <allowOnlyOneInstance>false</allowOnlyOneInstance>
            </mil.afrl.amase.configuration.entity.EntityModuleConfiguration>
            <mil.afrl.amase.configuration.entity.EntityModuleConfiguration>
              <classname>mil.afrl.amase.entity.modules.FlightDirector</classname>
              <displayName>Flight Director</displayName>
              <allowOnlyOneInstance>false</allowOnlyOneInstance>
            </mil.afrl.amase.configuration.entity.EntityModuleConfiguration>
            <mil.afrl.amase.configuration.entity.TargetDetectorEntityConfiguration>
              <classname>mil.afrl.amase.entity.modules.TargetDetector</classname>
              <displayName>Target Detector Module</displayName>
              <allowOnlyOneInstance>false</allowOnlyOneInstance>
              <secTimeout>10.0</secTimeout>
              <minTimeInView>0.0</minTimeInView>
              <minGSD>1.0</minGSD>
            </mil.afrl.amase.configuration.entity.TargetDetectorEntityConfiguration>
            <mil.afrl.amase.configuration.entity.EntityModuleConfiguration>
              <classname>mil.afrl.amase.swarmsearch.entity.HazardSensorManager</classname>
              <displayName>Hazard Sensor Manager</displayName>
              <allowOnlyOneInstance>false</allowOnlyOneInstance>
            </mil.afrl.amase.configuration.entity.EntityModuleConfiguration>
          </modules>
        </mil.afrl.amase.configuration.entity.EntityStateConfiguration>
        <mil.afrl.amase.configuration.entity.EntityStateConfiguration>
          <name>DefaultEntity</name>
          <classname></classname>
          <type></type>
          <modules>
            <mil.afrl.amase.configuration.entity.EntityModuleConfiguration>
              <classname>mil.afrl.amase.entity.modules.EntityPathFollower</classname>
              <displayName>Entity Path Follower</displayName>
              <allowOnlyOneInstance>false</allowOnlyOneInstance>
            </mil.afrl.amase.configuration.entity.EntityModuleConfiguration>
          </modules>
        </mil.afrl.amase.configuration.entity.EntityStateConfiguration>
      </entities>
      <exclusionList/>
    </mil.afrl.amase.configuration.plugin.EntityControlPluginConfiguration>
    <mil.afrl.amase.configuration.plugin.TerrainConfiguratorPluginConfiguration>
      <instanceId>a03ba3f3-e114-4b10-a6fb-37da81d8dae0</instanceId>
      <classname>mil.afrl.amase.terrain.TerrainConfigurator</classname>
      <displayName>TerrainConfigurator</displayName>
      <description>Configures the static TerrainService using the simulation configuration file. Configurations set by this class affect all users of the TerrainService in the application.</description>
      <author>AFRL/RQQD</author>
      <version>1.0</version>
      <supportedMdmVersions>CMASI: 2</supportedMdmVersions>
      <allowOnlyOneInstance>true</allowOnlyOneInstance>
    </mil.afrl.amase.configuration.plugin.TerrainConfiguratorPluginConfiguration>
    <mil.afrl.amase.configuration.plugin.IconManagerConfiguration>
      <instanceId>fd0190a8-291a-449a-ac6a-13d8574cc6b1</instanceId>
      <classname>mil.afrl.amase.ui.IconManager</classname>
      <displayName>IconManager</displayName>
      <description>Manages the icons display within AMASE</description>
      <author>AFRL/RQQD</author>
      <version>1.0</version>
      <supportedMdmVersions>CMASI: 2</supportedMdmVersions>
      <allowOnlyOneInstance>true</allowOnlyOneInstance>
    </mil.afrl.amase.configuration.plugin.IconManagerConfiguration>
    <mil.afrl.amase.configuration.plugin.PluginConfiguration>
      <instanceId>8ce2a085-ba70-4189-b909-e6d5edc437b5</instanceId>
      <classname>mil.afrl.amase.ui.SimControls</classname>
      <displayName>SimControls</displayName>
      <description>Displays the simulation controls actions.</description>
      <author>AFRL/RQQD</author>
      <version>1.0</version>
      <supportedMdmVersions>CMASI: 2</supportedMdmVersions>
      <allowOnlyOneInstance>true</allowOnlyOneInstance>
    </mil.afrl.amase.configuration.plugin.PluginConfiguration>
    <mil.afrl.amase.configuration.plugin.PluginConfiguration>
      <instanceId>d97f59d3-c9d1-4843-8e3c-73ef6b7eeaff</instanceId>
      <classname>mil.afrl.amase.scenario.ScenarioEventViewer</classname>
      <displayName>ScenarioEventViewer</displayName>
      <description>Handles the scenario event viewer.</description>
      <author>AFRL/RQQD</author>
      <version>1.0</version>
      <supportedMdmVersions>CMASI: 2</supportedMdmVersions>
      <allowOnlyOneInstance>true</allowOnlyOneInstance>
    </mil.afrl.amase.configuration.plugin.PluginConfiguration>
    <mil.afrl.amase.configuration.plugin.PluginConfiguration>
      <instanceId>caa7840b-70e7-4693-a0f7-9cc50446e0af</instanceId>
      <classname>mil.afrl.amase.ui.VehicleStateDisplay</classname>
      <displayName>VehicleStateDisplay</displayName>
      <description>Displays the state of each vehicle in the simulation.</description>
      <author>AFRL/RQQD</author>
      <version>1.0</version>
      <supportedMdmVersions>CMASI: 2</supportedMdmVersions>
      <allowOnlyOneInstance>true</allowOnlyOneInstance>
    </mil.afrl.amase.configuration.plugin.PluginConfiguration>
    <mil.afrl.amase.configuration.plugin.PluginConfiguration>
      <instanceId>7574a4c0-fc04-4262-9579-85209e68fea8</instanceId>
      <classname>mil.afrl.amase.scenario.ScenarioOutput</classname>
      <displayName>ScenarioOutput</displayName>
      <description></description>
      <author>AFRL/RQQD</author>
      <version>1.0</version>
      <supportedMdmVersions>CMASI: 2</supportedMdmVersions>
      <allowOnlyOneInstance>true</allowOnlyOneInstance>
    </mil.afrl.amase.configuration.plugin.PluginConfiguration>
    <mil.afrl.amase.configuration.plugin.TcpServerPluginConfiguration>
      <instanceId>386e0347-140a-40f6-94ea-160e802a3646</instanceId>
      <classname>mil.afrl.amase.network.TcpServer</classname>
      <displayName>TcpServer</displayName>
      <description>Serves as the doorway in and out of AMASE by way of a TCP socket connection.</description>
      <author>AFRL/RQQD</author>
      <version>1.0</version>
      <supportedMdmVersions>CMASI: 2</supportedMdmVersions>
      <allowOnlyOneInstance>true</allowOnlyOneInstance>
      <port>5555</port>
      <sendBuffer>10000000</sendBuffer>
      <receiveBuffer>64000</receiveBuffer>
      <outGoingMessagesToFilter>
        <string>afrl.cmasi.searchai.HazardZone</string>
        <string>afrl.cmasi.searchai.HazardZoneChangeCommand</string>
        <string>afrl.cmasi.WeatherReport</string>
        <string>afrl.cmasi.EntityState</string>
      </outGoingMessagesToFilter>
      <incomingMessagesToAllow>
        <string>afrl.cmasi.MissionCommand</string>
        <string>afrl.cmasi.VehicleActionCommand</string>
        <string>afrl.cmasi.searchai.HazardZoneEstimateReport</string>
      </incomingMessagesToAllow>
    </mil.afrl.amase.configuration.plugin.TcpServerPluginConfiguration>
    <mil.afrl.amase.configuration.plugin.AnalysisManagerConfiguration>
      <instanceId>093746c5-7a35-43fa-be3d-a175bc656510</instanceId>
      <classname>mil.afrl.amase.analysis.AnalysisManager</classname>
      <displayName>Analysis Manager</displayName>
      <description>Collects the reports of each analysis module and presents them in a GUI interface</description>
      <author>AFRL/RQQD</author>
      <version>1.0</version>
      <supportedMdmVersions>CMASI: 2.0</supportedMdmVersions>
      <allowOnlyOneInstance>true</allowOnlyOneInstance>
      <plugins>
        <mil.afrl.amase.configuration.plugin.analysis.SearchTaskConfiguration>
          <classname>mil.afrl.amase.analysis.SearchTaskAnalysis</classname>
          <displayName>SearchTaskAnalysis</displayName>
          <allowOnlyOneInstance>false</allowOnlyOneInstance>
          <gridResolution>20.0</gridResolution>
        </mil.afrl.amase.configuration.plugin.analysis.SearchTaskConfiguration>
        <mil.afrl.amase.configuration.swarmsearch.HazardReportAnalysisConfiguration>
          <classname>mil.afrl.amase.swarmsearch.HazardReportAnalysis</classname>
          <displayName>Hazard Report Analysis</displayName>
          <allowOnlyOneInstance>false</allowOnlyOneInstance>
        </mil.afrl.amase.configuration.swarmsearch.HazardReportAnalysisConfiguration>
      </plugins>
    </mil.afrl.amase.configuration.plugin.AnalysisManagerConfiguration>
    <mil.afrl.amase.configuration.swarmsearch.HazardZoneDetectorConfiguration>
      <instanceId>3ae1cee6-a605-4292-a7c2-ff21418eb790</instanceId>
      <classname>mil.afrl.amase.swarmsearch.HazardZoneDetector</classname>
      <displayName>Hazard Zone Detector</displayName>
      <description>Reports the detection of a hazard zone by a sensor</description>
      <author>AFRL/RQQD</author>
      <version>1.0</version>
      <mdmVersions>
        <entry>
          <string>CMASI</string>
          <string>2.0</string>
        </entry>
      </mdmVersions>
      <supportedMdmVersions>CMASI: 2.0</supportedMdmVersions>
      <allowOnlyOneInstance>true</allowOnlyOneInstance>
    </mil.afrl.amase.configuration.swarmsearch.HazardZoneDetectorConfiguration>
    <mil.afrl.amase.configuration.swarmsearch.HazardZoneControllerConfiguration>
      <instanceId>3a43d290-8963-4eb5-a843-87a200a0b69a</instanceId>
      <classname>mil.afrl.amase.swarmsearch.HazardZoneController</classname>
      <displayName>Hazard Zone Controller</displayName>
      <description>controls the growth and movement of hazard zones</description>
      <author>AFRL/RQQD</author>
      <version>1.0</version>
      <mdmVersions>
        <entry>
          <string>CMASI</string>
          <string>2.0</string>
        </entry>
      </mdmVersions>
      <supportedMdmVersions>CMASI: 2.0</supportedMdmVersions>
      <allowOnlyOneInstance>true</allowOnlyOneInstance>
    </mil.afrl.amase.configuration.swarmsearch.HazardZoneControllerConfiguration>
    <mil.afrl.amase.configuration.plugin.ConstructiveControlConfiguration>
      <instanceId>778d8500-d009-48c1-b0ae-4a3388c2626c</instanceId>
      <classname>mil.afrl.amase.scenario.ConstructiveControl</classname>
      <displayName>Constructive Control </displayName>
      <description>Eanbles faster-than-realtime headless (command-line) control</description>
      <author>AFRL/RQQD</author>
      <version>1.0</version>
      <mdmVersions>
        <entry>
          <string>CMASI</string>
          <string>2</string>
        </entry>
      </mdmVersions>
      <supportedMdmVersions>CMASI: 2</supportedMdmVersions>
      <allowOnlyOneInstance>true</allowOnlyOneInstance>
    </mil.afrl.amase.configuration.plugin.ConstructiveControlConfiguration>
  </plugins>
</mil.afrl.amase.configuration.AmaseConfiguration>