<mil.afrl.amase.configuration.AmaseConfiguration>
  <plugins>
    <mil.afrl.amase.configuration.plugin.ScenarioManagerConfiguration>
      <instanceId>0d0473ad-6e34-489e-ab2b-cec034434690</instanceId>
      <classname>mil.afrl.amase.scenario.ScenarioManager</classname>
      <displayName>Scenario Manager</displayName>
      <description>Runs the Scenerio Manager</description>
      <author>AFRL/RQQD</author>
      <version>1.0</version>
      <supportedMdmVersions>CMASI: 2</supportedMdmVersions>
      <allowOnlyOneInstance>true</allowOnlyOneInstance>
    </mil.afrl.amase.configuration.plugin.ScenarioManagerConfiguration>
    <mil.afrl.amase.configuration.plugin.SimTimerPluginConfiguration>
      <instanceId>081243c2-3de8-47c1-90a9-e860baa167af</instanceId>
      <classname>mil.afrl.amase.util.SimTimer</classname>
      <displayName>SimulationTimer</displayName>
      <description>The timer running in the simulation</description>
      <author>AFRL/RQQD</author>
      <version>1.0</version>
      <supportedMdmVersions>CMASI: 2</supportedMdmVersions>
      <allowOnlyOneInstance>true</allowOnlyOneInstance>
      <frameRate>30</frameRate>
      <publishRate>2</publishRate>
    </mil.afrl.amase.configuration.plugin.SimTimerPluginConfiguration>
    <mil.afrl.amase.configuration.plugin.WindowServicePluginConfiguration>
      <instanceId>6726ecf4-c487-423e-b37b-07a96599225a</instanceId>
      <classname>mil.afrl.amase.window.WindowService</classname>
      <displayName>Window Service</displayName>
      <description>Provides a UI for controlling the aspects of the AMASE window.</description>
      <author>AFRL/RQQD</author>
      <version>1.0</version>
      <supportedMdmVersions>CMASI: 2</supportedMdmVersions>
      <allowOnlyOneInstance>true</allowOnlyOneInstance>
      <showMenubar>true</showMenubar>
      <showToolbar>false</showToolbar>
      <toolbarPlacement>South</toolbarPlacement>
      <showStatusbar>true</showStatusbar>
      <showTitlebars>true</showTitlebars>
      <title>AMASE</title>
      <width>800</width>
      <height>600</height>
      <icon>/resources/amase.png</icon>
      <xCoord>0</xCoord>
      <yCoord>0</yCoord>
      <fullscreen>false</fullscreen>
    </mil.afrl.amase.configuration.plugin.WindowServicePluginConfiguration>
    <mil.afrl.amase.configuration.plugin.TerrainConfiguratorPluginConfiguration>
      <instanceId>a03ba3f3-e114-4b10-a6fb-37da81d8dae0</instanceId>
      <classname>mil.afrl.amase.terrain.TerrainConfigurator</classname>
      <displayName>TerrainConfigurator</displayName>
      <description>Configures the static TerrainService using the simulation configuration file. Configurations set by this class affect all users of the TerrainService in the application.</description>
      <author>AFRL/RQQD</author>
      <version>1.0</version>
      <supportedMdmVersions>CMASI: 2</supportedMdmVersions>
      <allowOnlyOneInstance>true</allowOnlyOneInstance>
      <dtedDirs>
        <string>data/dted/dted2</string>
      </dtedDirs>
    </mil.afrl.amase.configuration.plugin.TerrainConfiguratorPluginConfiguration>
    <mil.afrl.amase.configuration.plugin.IconManagerConfiguration>
      <instanceId>fd0190a8-291a-449a-ac6a-13d8574cc6b1</instanceId>
      <classname>mil.afrl.amase.ui.IconManager</classname>
      <displayName>IconManager</displayName>
      <description>Manages the icons display within AMASE</description>
      <author>AFRL/RQQD</author>
      <version>1.0</version>
      <supportedMdmVersions>CMASI: 2</supportedMdmVersions>
      <allowOnlyOneInstance>true</allowOnlyOneInstance>
      <icons>
        <mil.afrl.amase.configuration.plugin.icon.IconConfiguration>
          <id>0</id>
          <path>./data/icons/star.png</path>
          <type>Vehicle</type>
          <name>Vehicles</name>
        </mil.afrl.amase.configuration.plugin.icon.IconConfiguration>
        <mil.afrl.amase.configuration.plugin.icon.IconConfiguration>
          <id>0</id>
          <path>./data/icons/hotspotSymbol.png</path>
          <type>Hotspot</type>
          <name>Hotspots</name>
        </mil.afrl.amase.configuration.plugin.icon.IconConfiguration>
      </icons>
    </mil.afrl.amase.configuration.plugin.IconManagerConfiguration>
    <mil.afrl.amase.configuration.plugin.PluginConfiguration>
      <instanceId>8ce2a085-ba70-4189-b909-e6d5edc437b5</instanceId>
      <classname>mil.afrl.amase.ui.SimControls</classname>
      <displayName>SimControls</displayName>
      <description>Displays the simulation controls actions.</description>
      <author>AFRL/RQQD</author>
      <version>1.0</version>
      <supportedMdmVersions>CMASI: 2</supportedMdmVersions>
      <allowOnlyOneInstance>true</allowOnlyOneInstance>
    </mil.afrl.amase.configuration.plugin.PluginConfiguration>
    <mil.afrl.amase.configuration.plugin.PluginConfiguration>
      <instanceId>d97f59d3-c9d1-4843-8e3c-73ef6b7eeaff</instanceId>
      <classname>mil.afrl.amase.scenario.ScenarioEventViewer</classname>
      <displayName>ScenarioEventViewer</displayName>
      <description>Handles the scenario event viewer.</description>
      <author>AFRL/RQQD</author>
      <version>1.0</version>
      <supportedMdmVersions>CMASI: 2</supportedMdmVersions>
      <allowOnlyOneInstance>true</allowOnlyOneInstance>
    </mil.afrl.amase.configuration.plugin.PluginConfiguration>
    <mil.afrl.amase.configuration.plugin.PluginConfiguration>
      <instanceId>caa7840b-70e7-4693-a0f7-9cc50446e0af</instanceId>
      <classname>mil.afrl.amase.ui.VehicleStateDisplay</classname>
      <displayName>VehicleStateDisplay</displayName>
      <description>Displays the state of each vehicle in the simulation.</description>
      <author>AFRL/RQQD</author>
      <version>1.0</version>
      <supportedMdmVersions>CMASI: 2</supportedMdmVersions>
      <allowOnlyOneInstance>true</allowOnlyOneInstance>
    </mil.afrl.amase.configuration.plugin.PluginConfiguration>
    <mil.afrl.amase.configuration.plugin.PluginConfiguration>
      <instanceId>7574a4c0-fc04-4262-9579-85209e68fea8</instanceId>
      <classname>mil.afrl.amase.scenario.ScenarioOutput</classname>
      <displayName>ScenarioOutput</displayName>
      <description></description>
      <author>AFRL/RQQD</author>
      <version>1.0</version>
      <supportedMdmVersions>CMASI: 2</supportedMdmVersions>
      <allowOnlyOneInstance>true</allowOnlyOneInstance>
    </mil.afrl.amase.configuration.plugin.PluginConfiguration>
    <mil.afrl.amase.configuration.plugin.TcpServerPluginConfiguration>
      <instanceId>386e0347-140a-40f6-94ea-160e802a3646</instanceId>
      <classname>mil.afrl.amase.network.TcpServer</classname>
      <displayName>TcpServer</displayName>
      <description>Serves as the doorway in and out of AMASE by way of a TCP socket connection.</description>
      <author>AFRL/RQQD</author>
      <version>1.0</version>
      <supportedMdmVersions>CMASI: 2</supportedMdmVersions>
      <allowOnlyOneInstance>true</allowOnlyOneInstance>
      <port>5555</port>
      <sendBuffer>10000000</sendBuffer>
      <receiveBuffer>64000</receiveBuffer>
      <outGoingMessagesToFilter>
        <string>afrl.cmasi.searchai.HazardZone</string>
        <string>afrl.cmasi.searchai.HazardZoneChangeCommand</string>
        <string>afrl.cmasi.WeatherReport</string>
        <string>afrl.cmasi.EntityState</string>
      </outGoingMessagesToFilter>
      <incomingMessagesToAllow>
        <string>afrl.cmasi.MissionCommand</string>
        <string>afrl.cmasi.VehicleActionCommand</string>
        <string>afrl.cmasi.searchai.HazardZoneEstimateReport</string>
      </incomingMessagesToAllow>
    </mil.afrl.amase.configuration.plugin.TcpServerPluginConfiguration>
    <mil.afrl.amase.configuration.plugin.AnalysisManagerConfiguration>
      <instanceId>093746c5-7a35-43fa-be3d-a175bc656510</instanceId>
      <classname>mil.afrl.amase.analysis.AnalysisManager</classname>
      <displayName>Analysis Manager</displayName>
      <description>Collects the reports of each analysis module and presents them in a GUI interface</description>
      <author>AFRL/RQQD</author>
      <version>1.0</version>
      <supportedMdmVersions>CMASI: 2.0</supportedMdmVersions>
      <allowOnlyOneInstance>true</allowOnlyOneInstance>
      <plugins>
        <mil.afrl.amase.configuration.plugin.analysis.SearchTaskConfiguration>
          <classname>mil.afrl.amase.analysis.SearchTaskAnalysis</classname>
          <displayName>SearchTaskAnalysis</displayName>
          <allowOnlyOneInstance>false</allowOnlyOneInstance>
          <gridResolution>20.0</gridResolution>
        </mil.afrl.amase.configuration.plugin.analysis.SearchTaskConfiguration>
        <mil.afrl.amase.configuration.swarmsearch.HazardReportAnalysisConfiguration>
          <classname>mil.afrl.amase.swarmsearch.HazardReportAnalysis</classname>
          <displayName>Hazard Report Analysis</displayName>
          <allowOnlyOneInstance>false</allowOnlyOneInstance>
        </mil.afrl.amase.configuration.swarmsearch.HazardReportAnalysisConfiguration>
      </plugins>
    </mil.afrl.amase.configuration.plugin.AnalysisManagerConfiguration>
    <mil.afrl.amase.configuration.plugin.MapPluginConfiguration>
      <instanceId>e7242a0a-79b6-49c4-ab85-b415ac79c331</instanceId>
      <classname>mil.afrl.amase.map.MapPlugin</classname>
      <displayName>Map</displayName>
      <description>Creates an application plugin showing a 2D map for AMASE simulations</description>
      <author>AFRL/RQQD</author>
      <version>1.0</version>
      <supportedMdmVersions>CMASI: 2</supportedMdmVersions>
      <allowOnlyOneInstance>true</allowOnlyOneInstance>
      <layers>
        <mil.afrl.amase.configuration.plugin.map.layer.WorldLayerConfiguration>
          <classname>mil.afrl.amase.map.layers.WorldLayer</classname>
          <displayName>World Layer</displayName>
          <allowOnlyOneInstance>false</allowOnlyOneInstance>
          <visible>true</visible>
        </mil.afrl.amase.configuration.plugin.map.layer.WorldLayerConfiguration>
        <mil.afrl.amase.configuration.plugin.map.layer.WorldImageLayerConfiguration>
          <classname>mil.afrl.amase.map.layers.WorldImageLayer</classname>
          <displayName>World Image Layer</displayName>
          <allowOnlyOneInstance>false</allowOnlyOneInstance>
          <visible>true</visible>
          <directory>./data/overlay</directory>
          <dynamicLoad>false</dynamicLoad>
        </mil.afrl.amase.configuration.plugin.map.layer.WorldImageLayerConfiguration>
        <mil.afrl.amase.configuration.plugin.map.layer.WorldWindLayerConfiguration>
          <classname>mil.afrl.amase.map.layers.WorldWindLayer</classname>
          <displayName>Worldwind Image Layer</displayName>
          <allowOnlyOneInstance>false</allowOnlyOneInstance>
          <visible>true</visible>
          <cacheDir>./data/maps</cacheDir>
        </mil.afrl.amase.configuration.plugin.map.layer.WorldWindLayerConfiguration>
        <mil.afrl.amase.configuration.plugin.map.layer.MaskLayerConfiguration>
          <instanceId>e5ae59fe-7a33-49bf-aee9-4d4bb8249fee</instanceId>
          <classname>mil.afrl.amase.map.layers.MaskLayer</classname>
          <displayName>Mask Layer</displayName>
          <description>A layer that provides a brightness control for the map. All layers that sit below this layer will appear darker, based on the alpha value that is set for the mask.</description>
          <author>AFRL/RQQD</author>
          <version>1.0</version>
          <mdmVersions>
            <entry>
              <string>CMASI</string>
              <string>2</string>
            </entry>
          </mdmVersions>
          <supportedMdmVersions>CMASI: 2</supportedMdmVersions>
          <allowOnlyOneInstance>true</allowOnlyOneInstance>
          <buffered>false</buffered>
          <visible>true</visible>
          <opacity>0.5</opacity>
        </mil.afrl.amase.configuration.plugin.map.layer.MaskLayerConfiguration>
        <mil.afrl.amase.configuration.plugin.map.layer.ESRIShapeLayerConfiguration>
          <classname>mil.afrl.amase.map.layers.EsriShapeLayer</classname>
          <displayName>ESRI Layer</displayName>
          <allowOnlyOneInstance>false</allowOnlyOneInstance>
          <visible>true</visible>
          <directory>./data/overlay</directory>
          <color>#000000</color>
        </mil.afrl.amase.configuration.plugin.map.layer.ESRIShapeLayerConfiguration>
        <mil.afrl.amase.configuration.plugin.map.layer.CommandLayerConfiguration>
          <classname>mil.afrl.amase.map.CommandLayer</classname>
          <displayName>Command Configuration</displayName>
          <allowOnlyOneInstance>false</allowOnlyOneInstance>
          <visible>true</visible>
        </mil.afrl.amase.configuration.plugin.map.layer.CommandLayerConfiguration>
        <mil.afrl.amase.configuration.plugin.map.layer.MapScaleLayerConfiguration>
          <classname>mil.afrl.amase.map.layers.MapScale</classname>
          <displayName>Map Scale Layer</displayName>
          <allowOnlyOneInstance>false</allowOnlyOneInstance>
          <visible>true</visible>
          <scaleType>Metric</scaleType>
        </mil.afrl.amase.configuration.plugin.map.layer.MapScaleLayerConfiguration>
        <mil.afrl.amase.configuration.plugin.map.layer.LayerConfiguration>
          <classname>mil.afrl.amase.map.TaskLayer</classname>
          <displayName>Task Layer</displayName>
          <allowOnlyOneInstance>false</allowOnlyOneInstance>
          <visible>true</visible>
        </mil.afrl.amase.configuration.plugin.map.layer.LayerConfiguration>
        <mil.afrl.amase.configuration.plugin.map.layer.LayerConfiguration>
          <classname>mil.afrl.amase.map.ZoneLayer</classname>
          <displayName>Zone Layer</displayName>
          <allowOnlyOneInstance>false</allowOnlyOneInstance>
          <visible>true</visible>
        </mil.afrl.amase.configuration.plugin.map.layer.LayerConfiguration>
        <mil.afrl.amase.configuration.plugin.map.layer.LayerConfiguration>
          <classname>mil.afrl.amase.map.EntityLayer</classname>
          <displayName>Entity Layer</displayName>
          <allowOnlyOneInstance>false</allowOnlyOneInstance>
          <visible>true</visible>
        </mil.afrl.amase.configuration.plugin.map.layer.LayerConfiguration>
        <mil.afrl.amase.configuration.plugin.map.layer.LayerConfiguration>
          <classname>mil.afrl.amase.analysis.SearchAnalysisLayer</classname>
          <displayName>Search Analysis Layer</displayName>
          <allowOnlyOneInstance>false</allowOnlyOneInstance>
          <visible>true</visible>
        </mil.afrl.amase.configuration.plugin.map.layer.LayerConfiguration>
        <mil.afrl.amase.configuration.plugin.map.layer.LayerConfiguration>
          <classname>mil.afrl.amase.map.layers.Distance</classname>
          <displayName>Distance Layer</displayName>
          <allowOnlyOneInstance>false</allowOnlyOneInstance>
          <visible>true</visible>
        </mil.afrl.amase.configuration.plugin.map.layer.LayerConfiguration>
        <mil.afrl.amase.configuration.swarmsearch.HazardZoneLayerConfiguration>
          <instanceId>3788ab9c-e575-43e6-a8e3-1c5ef4e3496f</instanceId>
          <classname>mil.afrl.amase.swarmsearch.HazardZoneLayer</classname>
          <displayName>Hazard Zone Layer</displayName>
          <description>shows Hazard Zones on the map</description>
          <author>AFRL/RQQD</author>
          <version>1.0</version>
          <mdmVersions>
            <entry>
              <string>CMASI</string>
              <string>2.0</string>
            </entry>
          </mdmVersions>
          <supportedMdmVersions>CMASI: 2.0</supportedMdmVersions>
          <allowOnlyOneInstance>true</allowOnlyOneInstance>
          <buffered>false</buffered>
          <visible>true</visible>
        </mil.afrl.amase.configuration.swarmsearch.HazardZoneLayerConfiguration>
        <mil.afrl.amase.configuration.swarmsearch.HazardReportLayerConfiguration>
          <instanceId>556d1e84-d342-4b62-9a5a-38bf4e20fdbb</instanceId>
          <classname>mil.afrl.amase.swarmsearch.HazardReportLayer</classname>
          <displayName>Hazard Zone Estimate Report Layer</displayName>
          <description>Shows Hazard Zone Estimates on map</description>
          <author>AFRL/RQQD</author>
          <version>1.0</version>
          <mdmVersions>
            <entry>
              <string>CMASI</string>
              <string>2.0</string>
            </entry>
          </mdmVersions>
          <supportedMdmVersions>CMASI: 2.0</supportedMdmVersions>
          <allowOnlyOneInstance>true</allowOnlyOneInstance>
          <buffered>false</buffered>
          <visible>true</visible>
        </mil.afrl.amase.configuration.swarmsearch.HazardReportLayerConfiguration>
      </layers>
    </mil.afrl.amase.configuration.plugin.MapPluginConfiguration>
    <mil.afrl.amase.configuration.swarmsearch.HazardZoneDetectorConfiguration>
      <instanceId>3ae1cee6-a605-4292-a7c2-ff21418eb790</instanceId>
      <classname>mil.afrl.amase.swarmsearch.HazardZoneDetector</classname>
      <displayName>Hazard Zone Detector</displayName>
      <description>Reports the detection of a hazard zone by a sensor</description>
      <author>AFRL/RQQD</author>
      <version>1.0</version>
      <mdmVersions>
        <entry>
          <string>CMASI</string>
          <string>2.0</string>
        </entry>
      </mdmVersions>
      <supportedMdmVersions>CMASI: 2.0</supportedMdmVersions>
      <allowOnlyOneInstance>true</allowOnlyOneInstance>
    </mil.afrl.amase.configuration.swarmsearch.HazardZoneDetectorConfiguration>
    <mil.afrl.amase.configuration.swarmsearch.HazardZoneControllerConfiguration>
      <instanceId>3a43d290-8963-4eb5-a843-87a200a0b69a</instanceId>
      <classname>mil.afrl.amase.swarmsearch.HazardZoneController</classname>
      <displayName>Hazard Zone Controller</displayName>
      <description>controls the growth and movement of hazard zones</description>
      <author>AFRL/RQQD</author>
      <version>1.0</version>
      <mdmVersions>
        <entry>
          <string>CMASI</string>
          <string>2.0</string>
        </entry>
      </mdmVersions>
      <supportedMdmVersions>CMASI: 2.0</supportedMdmVersions>
      <allowOnlyOneInstance>true</allowOnlyOneInstance>
    </mil.afrl.amase.configuration.swarmsearch.HazardZoneControllerConfiguration>
  </plugins>
</mil.afrl.amase.configuration.AmaseConfiguration>