<mil.afrl.amase.configuration.AmaseConfiguration>
  <plugins>
    <mil.afrl.amase.configuration.plugin.ScenarioManagerConfiguration>
      <instanceId>8ccb1285-41d5-4d17-a415-0a44d153bfa5</instanceId>
      <classname>mil.afrl.amase.scenario.ScenarioManager</classname>
      <displayName>Scenario Manager</displayName>
      <description>Runs the Scenerio Manager</description>
      <author>AFRL/RQQD</author>
      <version>1.0</version>
      <supportedMdmVersions>CMASI: 2</supportedMdmVersions>
      <allowOnlyOneInstance>true</allowOnlyOneInstance>
    </mil.afrl.amase.configuration.plugin.ScenarioManagerConfiguration>
    <mil.afrl.amase.configuration.plugin.SimTimerPluginConfiguration>
      <instanceId>d3817156-10f3-4071-81e5-55940cb70b26</instanceId>
      <classname>mil.afrl.amase.util.SimTimer</classname>
      <displayName>SimulationTimer</displayName>
      <description>The timer running in the simulation</description>
      <author>AFRL/RQQD</author>
      <version>1.0</version>
      <supportedMdmVersions>CMASI: 2</supportedMdmVersions>
      <allowOnlyOneInstance>true</allowOnlyOneInstance>
      <frameRate>30</frameRate>
      <publishRate>2</publishRate>
    </mil.afrl.amase.configuration.plugin.SimTimerPluginConfiguration>
    <mil.afrl.amase.configuration.plugin.EntityControlPluginConfiguration>
      <instanceId>396841a2-dcb1-4500-a839-af8a7f967651</instanceId>
      <classname>mil.afrl.amase.entity.EntityControl</classname>
      <displayName>Entity Control</displayName>
      <description>Central control for driving entities in the simulation</description>
      <author>AFRL/RQQD</author>
      <version>1.0</version>
      <allowOnlyOneInstance>true</allowOnlyOneInstance>
      <entities>
        <mil.afrl.amase.configuration.entity.EntityStateConfiguration>
          <name>DefaultAircraft</name>
          <classname></classname>
          <type></type>
          <modules>
            <mil.afrl.amase.configuration.entity.EntityModuleConfiguration>
              <classname>mil.afrl.amase.entity.modules.KinematicFlight</classname>
              <displayName>Kinematic Flight</displayName>
              <allowOnlyOneInstance>false</allowOnlyOneInstance>
            </mil.afrl.amase.configuration.entity.EntityModuleConfiguration>
            <mil.afrl.amase.configuration.entity.EntityModuleConfiguration>
              <classname>mil.afrl.amase.entity.modules.CameraManager</classname>
              <displayName>Camera Manager</displayName>
              <allowOnlyOneInstance>false</allowOnlyOneInstance>
            </mil.afrl.amase.configuration.entity.EntityModuleConfiguration>
            <mil.afrl.amase.configuration.entity.EntityModuleConfiguration>
              <classname>mil.afrl.amase.entity.modules.GimbalManager</classname>
              <displayName>Gimbal Manager</displayName>
              <allowOnlyOneInstance>false</allowOnlyOneInstance>
            </mil.afrl.amase.configuration.entity.EntityModuleConfiguration>
            <mil.afrl.amase.configuration.entity.WaypointFollowerConfiguration>
              <classname>mil.afrl.amase.entity.modules.WaypointFollower</classname>
              <displayName>Waypoint Follower</displayName>
              <allowOnlyOneInstance>false</allowOnlyOneInstance>
              <requireApprovedCommands>false</requireApprovedCommands>
            </mil.afrl.amase.configuration.entity.WaypointFollowerConfiguration>
            <mil.afrl.amase.configuration.entity.EntityModuleConfiguration>
              <classname>mil.afrl.amase.entity.modules.LoiterControl</classname>
              <displayName>Loiter Control</displayName>
              <allowOnlyOneInstance>false</allowOnlyOneInstance>
            </mil.afrl.amase.configuration.entity.EntityModuleConfiguration>
            <mil.afrl.amase.configuration.entity.EntityModuleConfiguration>
              <classname>mil.afrl.amase.entity.modules.FlightDirector</classname>
              <displayName>Flight Director</displayName>
              <allowOnlyOneInstance>false</allowOnlyOneInstance>
            </mil.afrl.amase.configuration.entity.EntityModuleConfiguration>
            <mil.afrl.amase.configuration.entity.TargetDetectorEntityConfiguration>
              <classname>mil.afrl.amase.entity.modules.TargetDetector</classname>
              <displayName>Target Detector Module</displayName>
              <allowOnlyOneInstance>false</allowOnlyOneInstance>
              <secTimeout>10.0</secTimeout>
              <minTimeInView>0.0</minTimeInView>
              <minGSD>1.0</minGSD>
            </mil.afrl.amase.configuration.entity.TargetDetectorEntityConfiguration>
            <mil.afrl.amase.configuration.entity.EntityModuleConfiguration>
              <classname>mil.afrl.amase.swarmsearch.entity.HazardSensorManager</classname>
              <displayName>Hazard Sensor Manager</displayName>
              <allowOnlyOneInstance>false</allowOnlyOneInstance>
            </mil.afrl.amase.configuration.entity.EntityModuleConfiguration>
          </modules>
        </mil.afrl.amase.configuration.entity.EntityStateConfiguration>
        <mil.afrl.amase.configuration.entity.EntityStateConfiguration>
          <name>DefaultEntity</name>
          <classname></classname>
          <type></type>
          <modules>
            <mil.afrl.amase.configuration.entity.EntityModuleConfiguration>
              <classname>mil.afrl.amase.entity.modules.EntityPathFollower</classname>
              <displayName>Entity Path Follower</displayName>
              <allowOnlyOneInstance>false</allowOnlyOneInstance>
            </mil.afrl.amase.configuration.entity.EntityModuleConfiguration>
          </modules>
        </mil.afrl.amase.configuration.entity.EntityStateConfiguration>
      </entities>
      <exclusionList/>
    </mil.afrl.amase.configuration.plugin.EntityControlPluginConfiguration>
    <mil.afrl.amase.configuration.plugin.WindowServicePluginConfiguration>
      <instanceId>1d0a8a6e-21fd-4ccb-93a0-4640606508c8</instanceId>
      <classname>mil.afrl.amase.window.WindowService</classname>
      <displayName>Window Service</displayName>
      <description>Provides a UI for controlling the aspects of the AMASE window.</description>
      <author>AFRL/RQQD</author>
      <version>1.0</version>
      <supportedMdmVersions>CMASI: 2</supportedMdmVersions>
      <allowOnlyOneInstance>true</allowOnlyOneInstance>
      <showMenubar>true</showMenubar>
      <showToolbar>false</showToolbar>
      <toolbarPlacement>South</toolbarPlacement>
      <showStatusbar>true</showStatusbar>
      <title>AMASE</title>
      <icon>/resources/amase.png</icon>
      <fullscreen>false</fullscreen>
    </mil.afrl.amase.configuration.plugin.WindowServicePluginConfiguration>
    <mil.afrl.amase.configuration.plugin.TerrainConfiguratorPluginConfiguration>
      <instanceId>cb95138a-e3eb-4298-a74a-1c354420899f</instanceId>
      <classname>mil.afrl.amase.terrain.TerrainConfigurator</classname>
      <displayName>TerrainConfigurator</displayName>
      <description>Configures the static TerrainService using the simulation configuration file. Configurations set by this class affect all users of the TerrainService in the application.</description>
      <author>AFRL/RQQD</author>
      <version>1.0</version>
      <supportedMdmVersions>CMASI: 2</supportedMdmVersions>
      <allowOnlyOneInstance>true</allowOnlyOneInstance>
      <dtedDirs>
        <string>data/dted</string>
      </dtedDirs>
    </mil.afrl.amase.configuration.plugin.TerrainConfiguratorPluginConfiguration>
    <mil.afrl.amase.configuration.plugin.IconManagerConfiguration>
      <instanceId>8c1d13ec-c2c5-441b-9e84-2de6dc17f996</instanceId>
      <classname>mil.afrl.amase.ui.IconManager</classname>
      <displayName>IconManager</displayName>
      <description>Manages the icons display within AMASE</description>
      <author>AFRL/RQQD</author>
      <version>1.0</version>
      <supportedMdmVersions>CMASI: 2</supportedMdmVersions>
      <allowOnlyOneInstance>true</allowOnlyOneInstance>
    </mil.afrl.amase.configuration.plugin.IconManagerConfiguration>
    <mil.afrl.amase.configuration.plugin.PluginConfiguration>
      <instanceId>4fe35964-6c26-44f1-8652-b36f76030a02</instanceId>
      <classname>mil.afrl.amase.ui.SimControls</classname>
      <displayName>SimControls</displayName>
      <description>Displays the simulation controls actions.</description>
      <author>AFRL/RQQD</author>
      <version>1.0</version>
      <supportedMdmVersions>CMASI: 2</supportedMdmVersions>
      <allowOnlyOneInstance>true</allowOnlyOneInstance>
    </mil.afrl.amase.configuration.plugin.PluginConfiguration>
    <mil.afrl.amase.configuration.plugin.PluginConfiguration>
      <instanceId>46506849-b4ed-4085-b64a-4052ed00e49e</instanceId>
      <classname>mil.afrl.amase.scenario.ScenarioEventViewer</classname>
      <displayName>ScenarioEventViewer</displayName>
      <description>Handles the scenario event viewer.</description>
      <author>AFRL/RQQD</author>
      <version>1.0</version>
      <supportedMdmVersions>CMASI: 2</supportedMdmVersions>
      <allowOnlyOneInstance>true</allowOnlyOneInstance>
    </mil.afrl.amase.configuration.plugin.PluginConfiguration>
    <mil.afrl.amase.configuration.plugin.PluginConfiguration>
      <instanceId>3421bab7-3c52-4d0f-ac9f-05b063df200b</instanceId>
      <classname>mil.afrl.amase.ui.VehicleStateDisplay</classname>
      <displayName>VehicleStateDisplay</displayName>
      <description>Displays the state of each vehicle in the simulation.</description>
      <author>AFRL/RQQD</author>
      <version>1.0</version>
      <supportedMdmVersions>CMASI: 2</supportedMdmVersions>
      <allowOnlyOneInstance>true</allowOnlyOneInstance>
    </mil.afrl.amase.configuration.plugin.PluginConfiguration>
    <mil.afrl.amase.configuration.plugin.PluginConfiguration>
      <instanceId>adb125d7-9be0-4b1f-8c8a-befffc31574a</instanceId>
      <classname>mil.afrl.amase.scenario.ScenarioOutput</classname>
      <displayName>ScenarioOutput</displayName>
      <description></description>
      <author>AFRL/RQQD</author>
      <version>1.0</version>
      <supportedMdmVersions>CMASI: 2</supportedMdmVersions>
      <allowOnlyOneInstance>true</allowOnlyOneInstance>
    </mil.afrl.amase.configuration.plugin.PluginConfiguration>
    <mil.afrl.amase.configuration.plugin.TcpServerPluginConfiguration>
      <instanceId>fb9475ba-19d5-4db9-a2c4-9a3a6fe62f70</instanceId>
      <classname>mil.afrl.amase.network.TcpServer</classname>
      <displayName>TcpServer</displayName>
      <description>Serves as the doorway in and out of AMASE by way of a TCP socket connection.</description>
      <author>AFRL/RQQD</author>
      <version>1.0</version>
      <supportedMdmVersions>CMASI: 2</supportedMdmVersions>
      <allowOnlyOneInstance>true</allowOnlyOneInstance>
      <port>5555</port>
      <outGoingMessagesToFilter/>
      <incomingMessagesToAllow/>
    </mil.afrl.amase.configuration.plugin.TcpServerPluginConfiguration>
    <mil.afrl.amase.configuration.plugin.AnalysisManagerConfiguration>
      <instanceId>b0aee5e9-6828-455e-8910-a1753384c097</instanceId>
      <classname>mil.afrl.amase.analysis.AnalysisManager</classname>
      <displayName>Analysis Manager</displayName>
      <description>Collects the reports of each analysis module and presents them in a GUI interface</description>
      <author>AFRL/RQQD</author>
      <version>1.0</version>
      <supportedMdmVersions>CMASI: 2.0</supportedMdmVersions>
      <allowOnlyOneInstance>true</allowOnlyOneInstance>
      <plugins>
        <mil.afrl.amase.configuration.plugin.analysis.SearchTaskConfiguration>
          <classname>mil.afrl.amase.analysis.SearchTaskAnalysis</classname>
          <displayName>SearchTaskAnalysis</displayName>
          <allowOnlyOneInstance>false</allowOnlyOneInstance>
          <gridResolution>20.0</gridResolution>
        </mil.afrl.amase.configuration.plugin.analysis.SearchTaskConfiguration>
      </plugins>
    </mil.afrl.amase.configuration.plugin.AnalysisManagerConfiguration>
    <mil.afrl.amase.configuration.plugin.MapPluginConfiguration>
      <instanceId>3773ed4c-128c-4c3a-80bb-ffb0b9745027</instanceId>
      <classname>mil.afrl.amase.map.MapPlugin</classname>
      <displayName>Map</displayName>
      <description>Creates an application plugin showing a 2D map for AMASE simulations</description>
      <author>AFRL/RQQD</author>
      <version>1.0</version>
      <supportedMdmVersions>CMASI: 2</supportedMdmVersions>
      <allowOnlyOneInstance>true</allowOnlyOneInstance>
      <layers>
        <mil.afrl.amase.configuration.plugin.map.layer.WorldLayerConfiguration>
          <classname>mil.afrl.amase.map.layers.WorldLayer</classname>
          <displayName>World Layer</displayName>
          <allowOnlyOneInstance>false</allowOnlyOneInstance>
          <visible>true</visible>
        </mil.afrl.amase.configuration.plugin.map.layer.WorldLayerConfiguration>
        <mil.afrl.amase.configuration.plugin.map.layer.WorldImageLayerConfiguration>
          <classname>mil.afrl.amase.map.layers.WorldImageLayer</classname>
          <displayName>World Image Layer</displayName>
          <allowOnlyOneInstance>false</allowOnlyOneInstance>
          <visible>true</visible>
          <directory>./data/overlay</directory>
          <dynamicLoad>false</dynamicLoad>
        </mil.afrl.amase.configuration.plugin.map.layer.WorldImageLayerConfiguration>
        <mil.afrl.amase.configuration.plugin.map.layer.ESRIShapeLayerConfiguration>
          <classname>mil.afrl.amase.map.layers.EsriShapeLayer</classname>
          <displayName>ESRI Layer</displayName>
          <allowOnlyOneInstance>false</allowOnlyOneInstance>
          <visible>true</visible>
          <directory>./data/overlay</directory>
          <color>#000000</color>
        </mil.afrl.amase.configuration.plugin.map.layer.ESRIShapeLayerConfiguration>
        <mil.afrl.amase.configuration.plugin.map.layer.CommandLayerConfiguration>
          <classname>mil.afrl.amase.map.CommandLayer</classname>
          <displayName>Command Configuration</displayName>
          <allowOnlyOneInstance>false</allowOnlyOneInstance>
          <visible>true</visible>
        </mil.afrl.amase.configuration.plugin.map.layer.CommandLayerConfiguration>
        <mil.afrl.amase.configuration.plugin.map.layer.MapScaleLayerConfiguration>
          <classname>mil.afrl.amase.map.layers.MapScale</classname>
          <displayName>Map Scale Layer</displayName>
          <allowOnlyOneInstance>false</allowOnlyOneInstance>
          <visible>true</visible>
          <scaleType>Metric</scaleType>
        </mil.afrl.amase.configuration.plugin.map.layer.MapScaleLayerConfiguration>
        <mil.afrl.amase.configuration.plugin.map.layer.LayerConfiguration>
          <classname>mil.afrl.amase.map.TaskLayer</classname>
          <displayName>Task Layer</displayName>
          <allowOnlyOneInstance>false</allowOnlyOneInstance>
          <visible>true</visible>
        </mil.afrl.amase.configuration.plugin.map.layer.LayerConfiguration>
        <mil.afrl.amase.configuration.plugin.map.layer.LayerConfiguration>
          <classname>mil.afrl.amase.map.ZoneLayer</classname>
          <displayName>Zone Layer</displayName>
          <allowOnlyOneInstance>false</allowOnlyOneInstance>
          <visible>true</visible>
        </mil.afrl.amase.configuration.plugin.map.layer.LayerConfiguration>
        <mil.afrl.amase.configuration.swarmsearch.RecoveryPointZoneLayerConfiguration>
          <instanceId>7b23b0d0-85ee-49b3-bb91-3b75fbe00788</instanceId>
          <classname>mil.afrl.amase.swarmsearch.RecoveryPointZoneLayer</classname>
          <displayName>Recovery Point Layer</displayName>
          <description>Shows Recovery Points and their zones on map</description>
          <author>AFRL/RQQD</author>
          <version>1.0</version>
          <mdmVersions>
            <entry>
              <string>CMASI</string>
              <string>2.0</string>
            </entry>
          </mdmVersions>
          <supportedMdmVersions>CMASI: 2.0</supportedMdmVersions>
          <allowOnlyOneInstance>true</allowOnlyOneInstance>
          <buffered>false</buffered>
          <visible>true</visible>
        </mil.afrl.amase.configuration.swarmsearch.RecoveryPointZoneLayerConfiguration>
        <mil.afrl.amase.configuration.plugin.map.layer.LayerConfiguration>
          <classname>mil.afrl.amase.map.EntityLayer</classname>
          <displayName>Entity Layer</displayName>
          <allowOnlyOneInstance>false</allowOnlyOneInstance>
          <visible>true</visible>
        </mil.afrl.amase.configuration.plugin.map.layer.LayerConfiguration>
        <mil.afrl.amase.configuration.plugin.map.layer.LayerConfiguration>
          <classname>mil.afrl.amase.analysis.SearchAnalysisLayer</classname>
          <displayName>Search Analysis Layer</displayName>
          <allowOnlyOneInstance>false</allowOnlyOneInstance>
          <visible>true</visible>
        </mil.afrl.amase.configuration.plugin.map.layer.LayerConfiguration>
        <mil.afrl.amase.configuration.plugin.map.layer.LayerConfiguration>
          <classname>mil.afrl.amase.map.layers.Distance</classname>
          <displayName>Distance Layer</displayName>
          <allowOnlyOneInstance>false</allowOnlyOneInstance>
          <visible>true</visible>
        </mil.afrl.amase.configuration.plugin.map.layer.LayerConfiguration>
        <mil.afrl.amase.configuration.swarmsearch.HazardZoneLayerConfiguration>
          <instanceId>314df7b1-5050-4205-ae69-8d42871ca49f</instanceId>
          <classname>mil.afrl.amase.swarmsearch.HazardZoneLayer</classname>
          <displayName>Hazard Zone Layer</displayName>
          <description>shows Hazard Zones on the map</description>
          <author>AFRL/RQQD</author>
          <version>1.0</version>
          <mdmVersions>
            <entry>
              <string>CMASI</string>
              <string>2.0</string>
            </entry>
          </mdmVersions>
          <supportedMdmVersions>CMASI: 2.0</supportedMdmVersions>
          <allowOnlyOneInstance>true</allowOnlyOneInstance>
          <buffered>false</buffered>
          <visible>true</visible>
        </mil.afrl.amase.configuration.swarmsearch.HazardZoneLayerConfiguration>
      </layers>
    </mil.afrl.amase.configuration.plugin.MapPluginConfiguration>
  </plugins>
</mil.afrl.amase.configuration.AmaseConfiguration>