<?xml version="1.0" encoding="UTF-8"?>

<EntityControlPlugin>
	<Entities>
		<Entity>
			<Name>DefaultAircraft</Name>
			<Module>
				<Classname>mil.afrl.amase.entity.modules.KinematicFlight</Classname>
			</Module>
			<Module>
				<Classname>mil.afrl.amase.entity.modules.CameraManager</Classname>
			</Module>
			<Module>
				<Classname>mil.afrl.amase.entity.modules.GimbalManager</Classname>
			</Module>
			<Module>
				<Classname>mil.afrl.amase.entity.modules.WaypointFollower</Classname>
			</Module>
			<Module>
				<Classname>mil.afrl.amase.entity.modules.LoiterControl</Classname>
			</Module>
			<Module>
				<Classname>mil.afrl.amase.entity.modules.FlightDirector</Classname>
			</Module>
			<Module>
				<Classname>mil.afrl.amase.entity.modules.TargetDetector</Classname>
				<TrackTimeout>2.0</TrackTimeout>
				<MinTimeInView>1.0</MinTimeInView>
			</Module>
			<Module>
				<Classname>mil.afrl.amase.entity.modules.TrackControl</Classname>
			</Module>
			<Module>
				<Classname>mil.afrl.amase.entity.modules.EntityNetworkModule</Classname>
				<TcpConnection Id="100" Port="9100"/>
				<TcpConnection Id="400" Port="9400"/>
				<TcpConnection Id="500" Port="9500"/>
				<TcpConnection Id="600" Port="9600"/>
				<TcpConnection Id="700" Port="9700"/>
				<TcpConnection Id="1000" Port="9800"/>
				<TcpConnection Id="2000" Port="9900"/>
				<TcpConnection Id="4208" Port="4208"/>
				<TcpConnection Id="5140" Port="5140"/>
				<TcpConnection Id="6050" Port="6050"/>
				<TcpConnection Id="6051" Port="6051"/>
			</Module>
		</Entity>
		<Entity>
			<Name>DefaultEntity</Name>
			 <Module>
				<Classname>mil.afrl.amase.entity.modules.EntityPathFollower</Classname>
			</Module>
		</Entity>
	</Entities>
    <DefaultAircraft>
        
    </DefaultAircraft>
    <DefaultEntity>
        <Module>
			<Classname>mil.afrl.amase.entity.modules.EntityPathFollower</Classname>
		</Module>
    </DefaultEntity>
</EntityControlPlugin>
