<?xml version="1.0" ?>

<WindowService>
  <ShowTitlebars>true</ShowTitlebars>
  <Window>
    <!--Shows the menu bar.-->
    <showMenuBar>true</showMenuBar>
    <!--Shows a toolbar.-->
    <showToolBar>false</showToolBar>
    <!--Sets the orientation of the toolbar.  [North, West, East]-->
    <toolbarPlacement>North</toolbarPlacement>
    <!--Shows a status bar at the bottom of the window.-->
    <showStatusBar>true</showStatusBar>
    <!--The baseline title that is shown in the title bar.-->
    <baseTitle>AMASE</baseTitle>
    <!--Preferred Width of window.-->
    <width>1190</width>
    <!--Preferred Height of window.-->
    <height>746</height>
    <!--An Icon to show.  Specify the path using java classpath URL conventions.-->
    <icon>amase.png</icon>
    <!--x coordinate of the top left corner of the window.-->
    <x>831</x>
    <!--y coordinate of the top left corner of the window.-->
    <y>126</y>
    <!--If true, the window fills the screen-->
    <fullscreen>false</fullscreen>
  </Window>
  <!--Automatically generated layout information. Do not edit by hand.-->
  <Layout>
    <PerspectiveModel currentPerspectiveId="default" defaultPerspectiveId="default">
      <Perspective id="default" name="default">
        <Layout>
          <DockingPortNode>
            <SplitNode dockingRegion="south" orientation="vertical" percentage="0.9936204" region="left">
              <DockingPortNode>
                <SplitNode dockingRegion="south" orientation="vertical" percentage="0.8635634" region="left">
                  <DockingPortNode>
                    <SplitNode dockingRegion="west" orientation="horizontal" percentage="0.640625" region="left">
                      <DockingPortNode>
                        <DockableNode dockableId="mil.afrl.amase.map.MapPlugin"/>
                      </DockingPortNode>
                      <DockingPortNode>
                        <SplitNode dockingRegion="south" orientation="vertical" percentage="0.8605948" region="left">
                          <DockingPortNode>
                            <DockableNode dockableId="mil.afrl.amase.ui.VehicleStateDisplay"/>
                          </DockingPortNode>
                          <DockingPortNode>
                            <DockableNode dockableId="mil.afrl.amase.ui.WeatherPanel"/>
                          </DockingPortNode>
                        </SplitNode>
                      </DockingPortNode>
                    </SplitNode>
                  </DockingPortNode>
                  <DockingPortNode>
                    <DockableNode dockableId="mil.afrl.amase.ui.SimControls"/>
                  </DockingPortNode>
                </SplitNode>
              </DockingPortNode>
              <DockingPortNode/>
            </SplitNode>
          </DockingPortNode>
        </Layout>
      </Perspective>
    </PerspectiveModel>
  </Layout>
</WindowService>
